month,sig_clus_7.1_sig_clus_2,sig_clus_4.6_sig_clus_3,sig_clus_5.6_sig_clus_4,sig_clus_5.6_sig_clus_5
2009_07,1,2,2,2
2009_08,0,0,1,3
2009_09,0,0,1,3
2009_10,0,0,1,3
2009_11,0,1,3,4
2009_12,0,0,3,0
2010_01,0,0,0,0
2010_02,0,0,0,0
2010_03,0,0,0,1
2010_04,0,0,0,1
2010_05,0,0,0,1
2010_06,0,0,1,3
2010_07,0,0,1,3
2010_08,0,0,1,3
2010_09,0,0,1,3
2010_10,0,0,1,3
2010_11,0,0,3,0
2010_12,0,0,3,0
2011_01,0,0,0,0
2011_02,0,0,0,1
2011_03,0,0,0,1
2011_04,0,0,0,1
2011_05,0,0,0,1
2011_06,0,0,0,1
2011_07,0,0,0,1
2011_08,0,0,1,3
2011_09,0,0,1,3
2011_10,0,0,1,3
2011_11,0,0,3,0
2011_12,0,0,0,0
2012_01,0,0,0,0
2012_02,0,0,0,1
2012_03,0,0,0,1
2012_04,0,0,0,1
2012_05,0,0,0,1
2012_06,0,0,0,1
2012_07,0,0,1,3
2012_08,0,0,1,3
2012_09,0,0,1,3
2012_10,0,0,1,3
2012_11,0,0,3,0
2012_12,0,0,0,0
2013_01,0,0,0,0
2013_02,0,0,3,0
2013_03,0,0,3,0
2013_04,0,0,0,1
2013_05,0,0,1,3
2013_06,0,0,1,3
2013_07,0,0,1,3
