1.499343846562867111e+04,1.759123028315361936e-01,7.657996288491011683e+01,1.130310522978791726e-01
9.400960176768712699e+03,1.088061787200625824e-01,7.255708581304011773e+01,1.169752071934065801e-01
1.368558344146055788e+04,1.584381796087371286e-01,8.004407455347626410e+01,1.117258002662605970e-01
1.026767433079148395e+04,1.188388232730495375e-01,8.838686104834495438e+01,1.492174197696299887e-01
1.440983589340723847e+04,1.667805080255466976e-01,7.878881319120597482e+01,2.041574321757064769e-01
1.811549309649712814e+04,2.096700589872352583e-01,5.839727137608364416e+01,1.088576013778617818e-01
1.044067023779048941e+04,1.208410907151676456e-01,6.791752419435846377e+01,1.376490870450944315e-01
1.007259000484307580e+04,1.165809028338318509e-01,8.150084028136041070e+01,5.366092246857322168e-02
1.042402952073531924e+04,1.206484898233253916e-01,7.466787857713694621e+01,8.277748413380275894e-02
1.153470822781954848e+04,1.334283060619467776e-01,7.012122031371087871e+01,9.330366056656355656e-02
1.476322142208351943e+04,1.708714022806928079e-01,6.889503771774498375e+01,1.209929909520562202e-01
1.578662957192271460e+04,1.827156200454017609e-01,7.940062625579002997e+01,1.287637382703335220e-01
1.098244928327568596e+04,1.271116815193944483e-01,8.877474014726871587e+01,1.250820230552828205e-01
1.611913752623622531e+04,1.865499173557788049e-01,6.826261827082677769e+01,1.312398162849498229e-01
1.850566183691452170e+04,2.141861864529665260e-01,7.752768452305642199e+01,1.472533103665239484e-01
1.263828502041995671e+04,1.462417096350098200e-01,8.035277204127073958e+01,1.605099105692665840e-01
1.489362999625319389e+04,1.723789733910008337e-01,5.959498191318942162e+01,1.330443550016860987e-01
1.367351806593133733e+04,1.582583109482793293e-01,8.953599153764157847e+01,1.298525528002731355e-01
1.355708439116886075e+04,1.569106989718617728e-01,7.926469585246174177e+01,1.508260966126199198e-01
1.351487098728415367e+04,1.564221179083813973e-01,8.321965325585587436e+01,1.177396221033959467e-01
1.023061026915771436e+04,1.184046136373636676e-01,8.281920602544064991e+01,8.565290460120685012e-02
1.517762040604281356e+04,1.756469804552076019e-01,8.802604301699571465e+01,1.484835866065504495e-01
1.858425621187582510e+04,2.156502171502426290e-01,6.775208823641128220e+01,1.404044858920213135e-01
1.783027109065845070e+04,2.064497641440958264e-01,6.996348452005295826e+01,1.624720226319934235e-01
1.491347983614866462e+04,1.726097203257946910e-01,7.735681473098961192e+01,1.188601602417294623e-01
1.082862998624500688e+04,1.253313655815394001e-01,6.763025392060350782e+01,1.061599348591714814e-01
1.231534735767628626e+04,1.425387425656977347e-01,7.331180685254523155e+01,1.081637463753942208e-01
7.763572900218841824e+03,8.985616782660693636e-02,8.496218924992658117e+01,9.626953526408699169e-02
1.111784555130748413e+04,1.286787679549476759e-01,5.981336891892250662e+01,7.553544188368152557e-02
1.367752568172496831e+04,1.583046953903352316e-01,6.849406356375398275e+01,1.541594976692142183e-01
1.357121838465379187e+04,1.570742868594188490e-01,7.169064370667156538e+01,1.205059862267562065e-01
6.774799999335140456e+03,7.841785423012199996e-02,8.241505532430277015e+01,6.543597700924770610e-02
1.568162175814799048e+04,1.815002518304165424e-01,7.342913774447157493e+01,2.083013155849135489e-01
1.212830887731577059e+04,1.403739453393028913e-01,8.118697195773049202e+01,1.159982203564552811e-01
8.039211962492945531e+03,9.300740868806572914e-02,7.932041727380889995e+01,6.110423509664381081e-02
1.219026508790977459e+04,1.410910122316858528e-01,8.036971587085271551e+01,9.986466061037611863e-02
7.266977515162840973e+03,8.410832849203847550e-02,8.730116128077467863e+01,1.182712978955795385e-01
8.882422399324959770e+03,1.028058148070018218e-01,8.183693761795154842e+01,1.276818608623966900e-01
7.016113830726785636e+03,8.120502118896738564e-02,9.422246305642205755e+01,6.650700359866310030e-02
9.437009079185865630e+03,1.092246421202067441e-01,9.005270680137321904e+01,8.054631264901486454e-02
7.927720708681114957e+03,9.175496686707289296e-02,8.202246556504216812e+01,5.346532377702063743e-02
1.532109708000771570e+04,1.773314987626658512e-01,7.345881091807591190e+01,1.152291528175062585e-01
1.520211326260114038e+04,1.759503849838094380e-01,7.657479897172704852e+01,8.308527693061218411e-02
1.017270381391105911e+04,1.177396274758223949e-01,6.998968793633832775e+01,6.458053177182432325e-02
1.613315076325282280e+04,1.867262819820928177e-01,7.388102641143716198e+01,1.494859892147819835e-01
8.532104850896637799e+03,9.875121355204437290e-02,7.595434199366431471e+01,1.126250857512373083e-01
1.053670247397350249e+04,1.219525719256562835e-01,7.200997172238753308e+01,6.231133459899951266e-02
1.645035896528024386e+04,1.902588072582404866e-01,8.678084535157974244e+01,1.449584030718657768e-01
1.126006855640318827e+04,1.303248675509628141e-01,6.576704231073824758e+01,9.466027579597541264e-02
8.344927263677838710e+03,9.658480629256753491e-02,9.059377578029773304e+01,6.006662532236916457e-02
1.279831696122039284e+04,1.481286685326433927e-01,7.775867386359915656e+01,1.089127915587287804e-01
1.543070495591756844e+04,1.785961221749718109e-01,7.523969393804604522e+01,1.853458955065325764e-01
1.089919368281836614e+04,1.261480750326199329e-01,8.366425935139480430e+01,1.079516621115993863e-01
1.601446043782437482e+04,1.853525513637080124e-01,8.862883462701549320e+01,2.185596597916408257e-01
1.656994676408011583e+04,1.917817912509272582e-01,9.038534530122090871e+01,1.723405752100392596e-01
9.214822416205330228e+03,1.066530372245986791e-01,7.914325249076763669e+01,5.540806328283282012e-02
1.338749502954894888e+04,1.571078384799815542e-01,8.966273997949696195e+01,1.189358858921346351e-01
1.538984003293780188e+04,1.781011001260489890e-01,7.460232828231559665e+01,1.329192376109353535e-01
1.641072716197514092e+04,1.899369550874406287e-01,8.084220047848099000e+01,1.524900515577483351e-01
1.506797264178401565e+04,1.743978315021297854e-01,7.854268098431056444e+01,1.249566518877651689e-01
1.301604486025750339e+04,1.506486673640914375e-01,8.835134587027607722e+01,1.250661430522825301e-01
7.684544743399301296e+03,8.894149008564003478e-02,9.780882108173025813e+01,9.556640729362982090e-02
1.533833710682820856e+04,1.775238250890332770e-01,7.462074108607433232e+01,1.763051399182449519e-01
8.584693996826368675e+03,9.935988422252738095e-02,8.714172158044297589e+01,6.888594763812701249e-02
5.422380658095124090e+03,6.275183631472680545e-02,7.698825040396336306e+01,4.664730871748528490e-02
8.322563007805991219e+03,9.632972040941026326e-02,8.044351660927898706e+01,6.252533768889989574e-02
1.261136018952386439e+04,1.459648170083780172e-01,7.204035223855247239e+01,1.670881048855261675e-01
1.263898069577379283e+04,1.462844987936781083e-01,8.445796392603877223e+01,1.234623932576021654e-01
1.430638834092981415e+04,1.655862807231801848e-01,8.275396804789319560e+01,1.606577863392928407e-01
9.533036568572584656e+03,1.103360713955159889e-01,8.826530537876617188e+01,6.815306461334527666e-02
1.029738854752521365e+04,1.191878729230885087e-01,8.046188855014017349e+01,1.197450307914322554e-01
1.124609554077271969e+04,1.301631428330175533e-01,8.591613799462892587e+01,1.245478050875493264e-01
9.108727226602748487e+03,1.054250836412354980e-01,7.781712375454547725e+01,1.049743046837565280e-01
1.169092886803579313e+04,1.353141632374551540e-01,8.311058243182890237e+01,1.153191667419873750e-01
1.633896909395570037e+04,1.897772416982975718e-01,7.858979377542941336e+01,1.440496273883048184e-01
1.730904321811679256e+04,1.986400488542560405e-01,7.573644656757139160e+01,1.716261646073822256e-01
1.033639321942550487e+04,1.215996593051377472e-01,7.670979827585497901e+01,7.006161704822569392e-02
1.408900117284305088e+04,1.635608412287634372e-01,9.601423440371692664e+01,1.269199497193687354e-01
1.627899785810039975e+04,1.892102426919344826e-01,7.184308128612128996e+01,1.717086636597033866e-01
1.349929667524029173e+04,1.562418596671329707e-01,7.400176626599278507e+01,1.102441391975891027e-01
1.644149631790460262e+04,1.938404772268156329e-01,7.829139854340893123e+01,1.208900851980371643e-01
1.319515519353017589e+04,1.545993924058051139e-01,8.450575510546467228e+01,1.100520074427323025e-01
7.967664301030892602e+03,9.204716187700207053e-02,9.324815122767431319e+01,8.178292235871247040e-02
1.118787846621794597e+04,1.294714960804972392e-01,7.165150538795595025e+01,8.876422027212382826e-02
1.359171390182430514e+04,1.573182163889944862e-01,7.851781679446931150e+01,1.642849742603922081e-01
8.797667611826102075e+03,1.018176443623345362e-01,8.802298483284235431e+01,1.122580686905131492e-01
1.675965570767223471e+04,1.938832290900214528e-01,6.791154015741014405e+01,1.544004391004176469e-01
1.495596134327148502e+04,1.730585546200566482e-01,7.359334665637895512e+01,1.741963871486095494e-01
1.142130220044804810e+04,1.321917894778833757e-01,6.593868095595331624e+01,1.385441307805162781e-01
1.165448203813150394e+04,1.351618788749275046e-01,8.274797972584509864e+01,1.636597291718623892e-01
1.136871315819614028e+04,1.315823282198626543e-01,8.758514349229126594e+01,1.550112809267630010e-01
7.819653779696213860e+03,9.050574785257992083e-02,8.611084970733709554e+01,7.462071060306013637e-02
1.135464602791473226e+04,1.312414768288479028e-01,8.693315491870427536e+01,1.110678113170852632e-01
1.470064116034051767e+04,1.701256649091596185e-01,8.250713463444125750e+01,1.856607260922434610e-01
1.694636479890080227e+04,1.961438451976332542e-01,8.035680390876537160e+01,1.583942796159288069e-01
1.532715852234912018e+04,1.773976680827444030e-01,7.263781671404422013e+01,1.357926094197120515e-01
1.713338924836283695e+04,1.962423640362727650e-01,7.154983722236873689e+01,1.720305495478308411e-01
1.543937593547065990e+04,1.786964807346141104e-01,5.611993607562726538e+01,2.044494324603991497e-01
1.710363279091273216e+04,1.979587128577862121e-01,6.531485006042326802e+01,1.761697160481362212e-01
1.769802914862918988e+04,2.048383003313563600e-01,7.908460268175110741e+01,1.811911897132107985e-01
1.439996894194514607e+04,1.666663071984391398e-01,8.018644008872281859e+01,1.937676520236156774e-01
1.578781616808205035e+04,1.827293537972459192e-01,5.075440836446077952e+01,1.634560362942330258e-01
1.424680677541043769e+04,1.648935969376207900e-01,6.726343974438943007e+01,1.442996485971001497e-01
1.115063546054748258e+04,1.290052932708647959e-01,7.890114612435117181e+01,9.271762678016515213e-02
1.424118671895492662e+04,1.647427534145957939e-01,6.714305759532564366e+01,1.209693761721856026e-01
1.062836582999429811e+04,1.230133027924385919e-01,7.648063439892007409e+01,9.894716944555533022e-02
1.207655713034041401e+04,1.397749667863473488e-01,7.383222556743753273e+01,9.707924249817100060e-02
1.518618018297106391e+04,1.756808591014795695e-01,8.791386117726035820e+01,1.808159682361476228e-01
1.272687000179281495e+04,1.471705669695329288e-01,5.633935334043665932e+01,1.500826179060223697e-01
1.352968558986974313e+04,1.588432660490952664e-01,7.412120076964200166e+01,1.328148287372218073e-01
1.104557997383887414e+04,1.278400242186401858e-01,7.725616479213383059e+01,9.705819846097603343e-02
1.490701421145093263e+04,1.725324360513375010e-01,7.954493886851030027e+01,1.409751453212080008e-01
1.730579774199571693e+04,2.002931748566595949e-01,7.589996331791209627e+01,1.661210842009201993e-01
1.816144165331044496e+04,2.101766242351545411e-01,7.631697202318648010e+01,1.522015216177021180e-01
1.538865240736458145e+04,1.779860793239610439e-01,7.806281943545451441e+01,1.439016256034370278e-01
1.788344100936723044e+04,2.096303423443024450e-01,8.130888859187784590e+01,1.819395251273144554e-01
1.705481680021750071e+04,1.998635007346818149e-01,7.263195792577990062e+01,1.661157861839433481e-01
1.358975486819491744e+04,1.572887042004635638e-01,7.893366948696939289e+01,1.235642518379782284e-01
1.539372025814524568e+04,1.780913290051363840e-01,7.113430964130665757e+01,1.544655469604198639e-01
1.612427520268996886e+04,1.890929891573075727e-01,6.072345001515644469e+01,1.588224989795719855e-01
1.704526006384151697e+04,1.973820723337754712e-01,7.803455243417690212e+01,1.569743706649924242e-01
1.482866552813012459e+04,1.716280732422467981e-01,7.664127176484926451e+01,1.539595537647760470e-01
1.424739694578652052e+04,1.649004276132698676e-01,7.765858343253425744e+01,1.320667102468387755e-01
1.088429715798514189e+04,1.259756615507539312e-01,8.049309786780654008e+01,9.968990700211204092e-02
1.112915407211247839e+04,1.288096536124128944e-01,8.458877137159836934e+01,1.174269373953169826e-01
1.508018833188114877e+04,1.748038780943440007e-01,8.088561003200697996e+01,2.142414805644729803e-01
1.192717818185844226e+04,1.380460437715096966e-01,7.269324000321387302e+01,1.147826954304481811e-01
1.484890622587991129e+04,1.742783491883452829e-01,7.942303286816300556e+01,1.533426006852121881e-01
1.728876236733933183e+04,2.001013106826483867e-01,7.633120192818810779e+01,1.552990241665931637e-01
1.513276565348497752e+04,1.775200794458076381e-01,7.930778429909730676e+01,1.589358055958602634e-01
1.475856478675235121e+04,1.690552198065088108e-01,7.356452499674166745e+01,1.554436633439211235e-01
1.688217510189022869e+04,1.953968035887445054e-01,6.630269777626956795e+01,1.469955732082134092e-01
1.770051177187993380e+04,2.048670343967584351e-01,8.804607582100273078e+01,1.762097897380660028e-01
1.142058198897038164e+04,1.321835793180502205e-01,8.380169494511967798e+01,9.771438358360062804e-02
1.761529827800152998e+04,2.038722706464339840e-01,7.383298353165271521e+01,1.645982274146257918e-01
1.356047988392862862e+04,1.568446943287696849e-01,7.513004573525306284e+01,1.315603069720737706e-01
1.497456319629804057e+04,1.733167036608569134e-01,7.951190140201228473e+01,1.463927039574373090e-01
1.645876784507765478e+04,1.904929791340375655e-01,8.081863481946994909e+01,1.969295291569191364e-01
1.612699285130999851e+04,1.886089467154021815e-01,8.290890842364069613e+01,1.603354392369383263e-01
1.310775222925467097e+04,1.517101275928033621e-01,6.736098178113111601e+01,1.532821634928265009e-01
1.657286665524603450e+04,1.918159222097666761e-01,7.151070709309726681e+01,1.389141778090408064e-01
1.616270383281369504e+04,1.870683313983066420e-01,6.399028020615521939e+01,1.739840577151453571e-01
1.443704004159185752e+04,1.670953708517575742e-01,6.247708333240299794e+01,1.204614275968623610e-01
1.282523134258981372e+04,1.484401775762709541e-01,6.670794617403576865e+01,1.502539314645556789e-01
1.540396214549192882e+04,1.782865989061565570e-01,5.987848950980554008e+01,1.361829402113542142e-01
1.513582068467523277e+04,1.750391436563529801e-01,4.510969187124423030e+01,1.705940418614186327e-01
1.246689985789015191e+04,1.442928885085910107e-01,8.641831337263342050e+01,1.278367257293022696e-01
1.175122419211959823e+04,1.360124630811156698e-01,8.724987309231831034e+01,1.463285369234749167e-01
1.372153985291703066e+04,1.588134554627645689e-01,8.024315380310446244e+01,1.636245159538521621e-01
1.044909322101650105e+04,1.209385789469502037e-01,8.164560511688911504e+01,1.010466110449764615e-01
1.191462834394571473e+04,1.378999174411451867e-01,5.668282736934777688e+01,8.331924418619092443e-02
1.402457518035524481e+04,1.623171789917004781e-01,7.647768772533218851e+01,1.065956973957629256e-01
1.177197636179954134e+04,1.362497264097168870e-01,6.866387301655389308e+01,1.181372613946637951e-01
1.250324659537433035e+04,1.447135022612769384e-01,7.400787372983126033e+01,9.150491677371661026e-02
7.468333650943293833e+03,8.764332727297056980e-02,7.496693543838443929e+01,6.921789170351003162e-02
1.373781548529149768e+04,1.590027695742139702e-01,7.231403405777210480e+01,1.714434169640826067e-01
1.183929346867405184e+04,1.370289458461011467e-01,6.711457866122151472e+01,1.534823985533981527e-01
8.430694072305557711e+03,9.748742424732748102e-02,6.283586179340926492e+01,1.089475555491586783e-01
1.200644214647116678e+04,1.389634507693421894e-01,7.317774572734931837e+01,1.267935872291504340e-01
7.919035243954986072e+03,9.165536009668001638e-02,7.785263009033653248e+01,8.033868009965747237e-02
1.196318295221897642e+04,1.384706898535759401e-01,8.063960263148995011e+01,1.438795214492371299e-01
9.015822041685263684e+03,1.043488092682286206e-01,7.736506671357538778e+01,1.184054804106664943e-01
7.875427465592363660e+03,9.128240884674460043e-02,7.666087430727395713e+01,9.529383123396370503e-02
1.144134507822637170e+04,1.324229754424348093e-01,6.966090279642770611e+01,1.600641506399392011e-01
1.425282373160179122e+04,1.649632376342799467e-01,6.538321604405193455e+01,1.809427177022225330e-01
1.118154942069357458e+04,1.294160812580274489e-01,5.914021111626186666e+01,1.506361867408340383e-01
1.262512822228030564e+04,1.461241692393553393e-01,7.378447625502128915e+01,1.093257668693549678e-01
1.471401554585429039e+04,1.703011058547950207e-01,5.009909532159597489e+01,1.958074605846543692e-01
9.571518918212987046e+03,1.107814689607984071e-01,7.112822401347332857e+01,1.510328654752025601e-01
1.355298743711455427e+04,1.568632805221591431e-01,7.895875751506243034e+01,1.764644613892572544e-01
8.766082072837045416e+03,1.014592832504287306e-01,6.558431467705894136e+01,9.956682084229184770e-02
7.868887100628009648e+03,9.107508218319450288e-02,7.518632284089875384e+01,7.171925772796118592e-02
1.473184318870949573e+04,1.705063025593596404e-01,7.901946980693757894e+01,2.010606917026726281e-01
1.542438247484675048e+04,1.785229453107262665e-01,6.226202397732409821e+01,1.271927883243794133e-01
1.605689381616333230e+04,1.858436784278162945e-01,6.860465510526594812e+01,1.918671896435151791e-01
1.143861336159386883e+04,1.323918988145809661e-01,8.120940704626997331e+01,1.410349433091124260e-01
7.755354790767803024e+03,8.975960840205307600e-02,7.211275011360511655e+01,1.344545412255520878e-01
1.680482489713815448e+04,1.954422561119279478e-01,5.701257236030421183e+01,1.633090870008285511e-01
1.120471266307256155e+04,1.296863250497197473e-01,6.908450957762414646e+01,1.492157119424624978e-01
1.433596147048582134e+04,1.659254799824747550e-01,6.659650271824290257e+01,1.697245140284198983e-01
1.181506194685850278e+04,1.367484021627141111e-01,6.647327855956385179e+01,1.337383549062069188e-01
1.139229761986443918e+04,1.318621961309918433e-01,7.114188384970508139e+01,1.132262241721206653e-01
1.444470346270867049e+04,1.671802598500785608e-01,5.369506524660651081e+01,1.309522337353439814e-01
1.156176128736179089e+04,1.338173646669180428e-01,6.284492935974938632e+01,1.140630288860377817e-01
1.315705270253350136e+04,1.522807025756191812e-01,7.707354971276004107e+01,1.181038151097806577e-01
1.134920253410296209e+04,1.314181995361739796e-01,5.861669992556718967e+01,1.485230658281870841e-01
1.101606382285659129e+04,1.275007386904697670e-01,5.876755678428628471e+01,1.191368128292184941e-01
8.435414356517718261e+03,9.763211060784390827e-02,6.543110663464706533e+01,9.459971816787160481e-02
1.060419190742346836e+04,1.227337026322160435e-01,7.017335868514125252e+01,1.368274557747536369e-01
1.608103400444800354e+04,1.861230787551851895e-01,5.391761329364662458e+01,1.650462416097115970e-01
1.123475883517777402e+04,1.300319309627056830e-01,7.274537692089316465e+01,1.401387174304091210e-01
1.479459654078538551e+04,1.712337562590900419e-01,6.325695598471824610e+01,1.493578658116318791e-01
1.052532521421168894e+04,1.218208936830056099e-01,7.951885103408356770e+01,1.414275708205720850e-01
1.036382362606157221e+04,1.199516623386755465e-01,7.802208046266289898e+01,1.704033121765049508e-01
1.352138897885392726e+04,1.564488529445792198e-01,6.751152377030578577e+01,1.689477890581868036e-01
1.230295797353758462e+04,1.423953469159442153e-01,6.687713550782969207e+01,1.250839395289765899e-01
6.629084531062188034e+03,7.672551540581230844e-02,8.524109558303706535e+01,8.399296924065326186e-02
1.308804565336787346e+04,1.514812896710402146e-01,6.055957447525655368e+01,1.523946725676535163e-01
1.043954326908124131e+04,1.208280470958476571e-01,6.431334163856178066e+01,1.252581498494300671e-01
1.386808321144082220e+04,1.605121969786966196e-01,6.817274087265101912e+01,1.880432197298804176e-01
1.082301947656138691e+04,1.252664291268678620e-01,5.561978511046360296e+01,1.599163163741863236e-01
1.017628333093991751e+04,1.177810570710638161e-01,6.752718449548775936e+01,1.389472006190224374e-01
1.095245656783523373e+04,1.284424604307670970e-01,6.920450286052201250e+01,1.388702260575208070e-01
8.860166114721179838e+03,1.025482381034310136e-01,6.807991760954598703e+01,1.227335616534193097e-01
1.584997469095705856e+04,1.834487811453362760e-01,7.537506922828384859e+01,2.135745346300261249e-01
5.670881922414589098e+03,6.563548290146908881e-02,6.931477372050065355e+01,5.906597345920311382e-02
1.473865984744039088e+04,1.705849979358800006e-01,6.250389811504607707e+01,1.893717426549941241e-01
1.086834330690560091e+04,1.257945593226028613e-01,7.001174793629114390e+01,1.262035073036813781e-01
9.815238497257347262e+03,1.136030032950334778e-01,7.995773244343587294e+01,1.297514980645793348e-01
1.323520358663967818e+04,1.531199865797184256e-01,6.245409679605913311e+01,1.159382927783098038e-01
1.170883279666979615e+04,1.355196133151694848e-01,5.782521182148609284e+01,1.243374609376451528e-01
1.278287142364700230e+04,1.388887626632669403e-01,7.279373698665362724e+01,1.938826542475599601e-01
7.066085420897094082e+03,8.194177097523661080e-02,8.254672454974323159e+01,6.103787388211071724e-02
1.430835310045622464e+04,1.656059386626877461e-01,6.419687338737445259e+01,2.299703744557730078e-01
1.288587847163009428e+04,1.491421119401631079e-01,7.505198280306574077e+01,1.265843671704837137e-01
7.546174339876219165e+03,8.733998078560434308e-02,6.649154028199119182e+01,1.031861973481515982e-01
6.851060059781728341e+03,7.929467661784403432e-02,6.852861503327652315e+01,8.788042302598186861e-02
1.605038279191008041e+04,1.857683193508110897e-01,6.869813534825500767e+01,1.561534656032980140e-01
1.495667620083944530e+04,1.731096782504565335e-01,6.644453431370293117e+01,2.239863962644030870e-01
1.503858013086814390e+04,1.740576404035664715e-01,6.561794352658682783e+01,2.086429145646125916e-01
1.318885943128274084e+04,1.526488360102168929e-01,6.700161024984861058e+01,2.070435511449746357e-01
1.230204069726465059e+04,1.423847302924148850e-01,7.188692960495056639e+01,1.441715871610039224e-01
7.304736049385346632e+03,8.454555612714516333e-02,7.368498237332362066e+01,1.049453442590134317e-01
1.429428139065958749e+04,1.653881727905209542e-01,7.661246688309516628e+01,1.687738799516726729e-01
1.448863833764231458e+04,1.676925733523415563e-01,7.099109370410533870e+01,1.724560918485276984e-01
9.891934442434820085e+03,1.144907972619756964e-01,7.530336972728871103e+01,1.140915277189076121e-01
1.083730053604580462e+04,1.254305089370457149e-01,7.688423805757709317e+01,1.295887854833532582e-01
7.863424710671974935e+03,9.115200292902300716e-02,7.954454247609312745e+01,1.230521810287628914e-01
1.434504304841311023e+04,1.660305908381146667e-01,6.778663477750640709e+01,1.626455344735578401e-01
7.625116489810277017e+03,8.824504503992246229e-02,7.041367542690032622e+01,7.992860481205193990e-02
1.656010204211133532e+04,1.916679726902456304e-01,6.891761175415074092e+01,1.629562045415704763e-01
1.340684203533370055e+04,1.551717828163622359e-01,7.679921796045978510e+01,1.479302822748246871e-01
6.951115544806265461e+03,8.045272621303543870e-02,7.330882014475871244e+01,1.062171211219397893e-01
1.333071286750931722e+04,1.542884930461241311e-01,7.548819157395588775e+01,1.729162767237555909e-01
5.143225759907256361e+03,5.952807592485246518e-02,6.934947928639348902e+01,7.034073272183116732e-02
1.219128683776600883e+04,1.411028569185880099e-01,8.002905969587695267e+01,1.571587518583738019e-01
9.364245597471290239e+03,1.083824721929547014e-01,6.803946148778216241e+01,1.436688315128527849e-01
1.368868103088918724e+04,1.584330567474236118e-01,7.002100323666458337e+01,1.918247159241195099e-01
1.012351401003208775e+04,1.187978610417097514e-01,6.031575375578933773e+01,1.432894016757914057e-01
1.440396710829464428e+04,1.667271012953863707e-01,7.537214677427473930e+01,2.000195871766148603e-01
1.000361549144916353e+04,1.157825867065875175e-01,7.347798159429882503e+01,1.097367146826239009e-01
1.071329448546684580e+04,1.240396059072209067e-01,8.700852638522682980e+01,1.110401998465736090e-01
7.814050900224350698e+03,9.044040393778178533e-02,8.506951241914988771e+01,8.594337925818779089e-02
1.651629049748108446e+04,1.937758058549527707e-01,8.077711353866563115e+01,1.786772843911730579e-01
9.321168877743191842e+03,1.078838990479535631e-01,6.585198315370205080e+01,1.378058058410757125e-01
1.312431641532596041e+04,1.434473564984591609e-01,7.409096266466806924e+01,1.804910586318700938e-01
1.731925825929106577e+04,2.052822485639317074e-01,6.885363189996049016e+01,1.509510513272633858e-01
1.015909921415733697e+04,1.175821668305246787e-01,7.968326402168887057e+01,1.109594634135404739e-01
1.235323041445318449e+04,1.429772038709858917e-01,8.514031189563215207e+01,1.674494611395415666e-01
8.499985213965072035e+03,9.837945849496604334e-02,8.451826356349178582e+01,7.814695690047310239e-02
1.414482857343305295e+04,1.637132936739936762e-01,7.233731967558375686e+01,2.007731479573296729e-01
1.629434975926950210e+04,1.885863582068503796e-01,7.612330741539055623e+01,1.631252500207628631e-01
6.731455207329947370e+03,7.791036119594840770e-02,8.017342973280658214e+01,9.391917965675784796e-02
1.409634383335425082e+04,1.645463002144502140e-01,7.547425683690059373e+01,1.866312658986736261e-01
9.921195746966845036e+03,1.148283132195716677e-01,7.311423188313031574e+01,1.336887363080983826e-01
1.671015835439022339e+04,1.934045862400789462e-01,7.587275770476942682e+01,1.742255753353372794e-01
7.954389028863613930e+03,9.206358632016042876e-02,5.977731246868521708e+01,1.062700010261698330e-01
1.254404910412290883e+04,1.451849008863436985e-01,9.006177508730351633e+01,2.098500605386488249e-01
1.025572000887527247e+04,1.187087105238876922e-01,7.490522736914094537e+01,9.055551245015133754e-02
1.053303941041357393e+04,1.217874147086518977e-01,7.545170777993155298e+01,1.072187695989853529e-01
1.347167473559740392e+04,1.578607033122083614e-01,6.343633104654593780e+01,1.390349400895427856e-01
7.010915882910912842e+03,8.114485975591329003e-02,8.065629849163822485e+01,1.116995208663354444e-01
1.592973725411793566e+04,1.843719589596982678e-01,7.467293121033671355e+01,2.098018717312380710e-01
1.223535179776025689e+04,1.416131695369225174e-01,8.120601137731584629e+01,1.566703729098578579e-01
1.424994322864980131e+04,1.649298984797430423e-01,8.204156380209008148e+01,1.583186459189984685e-01
7.021646699236829591e+03,8.126905901894475315e-02,5.720549366265654356e+01,9.527103492146443697e-02
1.460710267077322533e+04,1.690626026541762750e-01,7.685539086819952104e+01,2.021827153359364859e-01
1.242790377689353772e+04,1.441964013204409534e-01,7.778809585932967252e+01,1.658025428054162864e-01
1.308755421959080559e+04,1.514763219860046362e-01,6.068762069759163325e+01,1.118592549543915432e-01
7.447259799404708247e+03,8.619513656718408301e-02,7.173958096000158946e+01,1.189499805499938251e-01
1.387804082920373185e+04,1.606254725602283551e-01,5.880634161475154542e+01,2.014476499641730811e-01
7.557302580866306926e+03,8.746877987113776953e-02,6.033493718233707170e+01,9.908656530187867628e-02
9.537477965500835126e+03,1.103874764525559216e-01,8.126313630074987771e+01,6.674133699582709967e-02
7.191884197035766192e+03,8.323940042865467237e-02,7.523459790665816627e+01,7.431093181558968974e-02
7.219914733866486131e+03,8.356382793826948319e-02,6.001738152225134826e+01,6.197149215489961005e-02
1.016531887783387538e+04,1.176541536786327863e-01,5.723077603869000285e+01,9.013212282229260408e-02
1.319537591230608996e+04,1.527242582442834284e-01,7.953462087317666374e+01,1.300719680676118706e-01
1.756908682150585082e+04,2.061155040903389357e-01,7.603019052879720618e+01,1.552374898702775508e-01
1.528371753135145082e+04,1.754486554586223435e-01,7.697235630264096073e+01,1.021145324032226576e-01
1.574960609981929156e+04,1.836373418772054567e-01,6.515418135792408805e+01,1.875527706320660737e-01
1.102754742008155699e+04,1.293479233939713868e-01,7.484906744985150340e+01,9.746234381754907694e-02
8.113196674828310279e+03,9.418922585504119205e-02,8.116477345078020278e+01,7.575747618195444177e-02
9.303476276922390753e+03,1.076797661848130777e-01,7.537126777168322178e+01,4.839983831344436133e-02
9.418635968030355798e+03,1.081500598638007737e-01,7.766116097191847700e+01,7.213975429083485658e-02
1.264026017416968170e+04,1.462993075714083269e-01,8.741133741000943758e+01,1.433453543647721928e-01
1.786228340133055826e+04,2.067393912191036465e-01,7.911002640709251921e+01,1.656568697899003517e-01
1.001769901584163199e+04,1.159455904611299271e-01,7.627014940218202810e+01,1.500752577972015722e-01
1.745887297424256758e+04,2.020854198825127179e-01,6.359402751307673896e+01,1.581112788218679288e-01
1.379328913236670633e+04,1.596400150740106272e-01,7.727989707849069134e+01,1.794282294876361483e-01
1.400194095111684328e+04,1.620594904817744819e-01,7.812106955642870787e+01,1.884801597074628465e-01
1.211912413361597100e+04,1.402668703869156541e-01,7.109488191492867770e+01,2.011372221907943569e-01
1.562944898903636749e+04,1.810928793133134707e-01,7.534869803466781946e+01,1.186241871457761332e-01
1.201482516972648409e+04,1.430190898636246322e-01,6.621596391747129928e+01,1.454930749629136655e-01
1.022736011030155350e+04,1.184228591126340741e-01,9.220645287509570664e+01,7.787066025904960942e-02
1.398596382063328565e+04,1.641382257310600445e-01,5.775342850477751000e+01,1.571648003471118882e-01
1.183556325742139961e+04,1.369856858497846830e-01,7.268428683075845242e+01,9.329239999248893633e-02
1.234748932520617745e+04,1.430346536649468037e-01,7.908443860485490973e+01,1.205209188415663768e-01
1.547404408645299918e+04,1.792349250011330275e-01,6.952224306402978016e+01,9.094353501643030746e-02
1.184586947986507585e+04,1.371049708317716442e-01,6.746242267862018593e+01,5.677016146096187932e-02
1.538995730992707468e+04,1.781245059019336829e-01,6.262529716377192557e+01,1.068510612985700131e-01
1.173410613763981019e+04,1.348874723899513850e-01,7.949307316022269276e+01,1.264122875448261962e-01
1.526418109465627822e+04,1.773247481838536865e-01,7.293805678252819291e+01,1.797876624599265005e-01
1.654466247691395620e+04,1.884258195079743514e-01,7.183185056587849715e+01,1.725688644296243524e-01
1.332980951029877542e+04,1.542802026654950254e-01,7.312352806290388685e+01,1.108059501789806361e-01
1.195931212388153290e+04,1.423202111958112581e-01,8.433787187999556068e+01,1.203008929405807725e-01
1.507850722005437092e+04,1.769647299821211772e-01,7.921203206723865264e+01,1.325113973065364659e-01
1.640229340564801532e+04,1.867486735791671626e-01,6.824115213659455037e+01,1.844084879241421893e-01
1.579796307278581662e+04,1.841939035812906744e-01,6.838966059888313964e+01,1.911466827212076891e-01
1.575190842986893222e+04,1.823139092151799534e-01,6.372140318080982979e+01,1.403021268737032756e-01
1.455227097050510565e+04,1.702017706176017497e-01,6.842943189512352831e+01,1.150371995849804041e-01
1.727105560660064657e+04,1.993878883027391802e-01,6.545371693887267384e+01,1.168528111988916818e-01
1.276371198533664756e+04,1.477306091278489664e-01,7.395908522347990299e+01,9.233153845766077505e-02
1.465955810908906824e+04,1.696695616413097518e-01,6.624000110008678632e+01,1.660126975268015337e-01
1.494584938837869049e+04,1.745353185070323832e-01,7.110181469784689057e+01,1.965833098277672553e-01
1.409275642661528218e+04,1.631244695142686219e-01,6.521867739542480535e+01,1.025108349369665967e-01
1.116760475432894600e+04,1.292603581492451914e-01,7.479756433518554104e+01,9.724178339315495134e-02
1.604395640039616410e+04,1.857181697983049107e-01,6.914908002934936349e+01,1.162411936414104729e-01
1.399207487602325273e+04,1.619652682077347972e-01,6.054143152709642095e+01,1.148894212617768557e-01
1.701951622196846438e+04,1.969851414579683047e-01,6.932233076727936805e+01,1.639587993636363872e-01
1.443372766513558963e+04,1.670846157557173417e-01,7.090525242839080988e+01,9.945338296847527904e-02
1.037677314834889876e+04,1.201015410688529433e-01,8.143893920334360814e+01,9.672153945824761567e-02
1.493888876772788171e+04,1.729510301303810449e-01,6.428373733477705798e+01,1.916994503197267385e-01
9.155302239388034650e+03,1.059641462892133151e-01,7.150312766269063047e+01,8.145025454011330102e-02
1.222407711880330498e+04,1.414823740602234037e-01,6.579974159508711296e+01,9.442766203753504006e-02
1.315001047365082559e+04,1.521971016202799676e-01,7.306019477627167191e+01,1.223339566910989079e-01
1.198366159832735320e+04,1.386955465787092778e-01,6.365554120087468704e+01,1.019757341476837664e-01
1.183605689909274770e+04,1.369913688726348833e-01,6.707457270142680272e+01,1.060905876000231701e-01
1.305085162102657705e+04,1.531543559122200970e-01,7.729136796455964031e+01,1.311921166838784236e-01
1.308104219322045356e+04,1.514007973782814931e-01,6.005827887287120603e+01,1.672903976034020579e-01
1.392559263028734495e+04,1.611809423703344790e-01,7.842121674702157463e+01,1.064136271926603428e-01
1.519455294935809616e+04,1.758577319592196930e-01,7.997953490230997886e+01,1.363068718065614804e-01
9.092115004724999380e+03,1.052328125546874577e-01,6.452903696005976997e+01,6.845646730911632283e-02
1.385868095011745027e+04,1.604011851368721819e-01,7.063109650872910095e+01,1.380720736982730124e-01
1.599393012297382120e+04,1.851154990571726167e-01,7.504485827156979383e+01,1.783768028589411414e-01
1.662439452042189805e+04,1.924091289488596423e-01,7.073481080986964287e+01,1.461243471749423262e-01
1.568576594823890991e+04,1.815502223883928845e-01,6.825698436642522893e+01,1.259448374715550767e-01
1.709543321834112430e+04,1.978636338414254126e-01,5.718168318261986371e+01,1.340469031923646748e-01
1.477909651101953932e+04,1.710512924357318054e-01,6.697953529462972710e+01,1.615444123473468718e-01
1.133080794862259609e+04,1.311484113265609930e-01,7.224426114172730706e+01,7.678495029686203954e-02
1.151745869072098503e+04,1.333039200314928285e-01,6.976423163454825271e+01,8.589247734357408071e-02
1.331033339391779555e+04,1.540547846518262876e-01,7.100015851062961758e+01,1.007733937796432278e-01
1.501040214613041826e+04,1.737315063209538823e-01,6.849236343659326565e+01,9.637715463346574474e-02
1.318463849259404742e+04,1.525999825531718090e-01,6.674412010886098301e+01,1.149820900658458378e-01
1.489209226594466600e+04,1.723621790039891466e-01,6.198958669939263189e+01,1.119357722787939768e-01
1.385101127821027512e+04,1.603126305348410996e-01,5.682538989864166012e+01,1.341994021213890609e-01
5.229158321531633192e+03,6.052266575846792368e-02,8.033663179118218522e+01,4.038403439649058263e-02
7.340879171798188509e+03,8.496387930321973314e-02,8.027607411051067743e+01,4.572879109825506855e-02
9.201755806521066916e+03,1.065018033162160177e-01,6.189801824504333894e+01,7.276550331115752557e-02
9.542006772244943932e+03,1.104398931972793985e-01,6.521191497761709854e+01,6.956676538860560866e-02
8.441204249268261265e+03,9.769912325541965648e-02,6.923623603473512844e+01,6.923274610293789211e-02
1.419742084963164962e+04,1.643085071854092361e-01,7.599970459891913777e+01,7.645454042910625192e-02
1.302664747816370800e+04,1.507675132835782084e-01,7.106081718596034591e+01,1.174092750933217466e-01
1.296727018718712861e+04,1.521874420625660418e-01,7.437516901380776346e+01,1.611160475024959737e-01
1.351145772852095979e+04,1.563687000748094913e-01,5.959061024361029268e+01,8.608346791020779487e-02
1.314443464207735087e+04,1.521250028399598053e-01,6.997709354032973295e+01,1.164857155458248611e-01
1.703429100529546849e+04,1.971779351665884361e-01,7.432020208448066967e+01,1.371015889596097215e-01
1.313073906375017032e+04,1.519671854925991050e-01,7.665432431154840742e+01,9.822999800042810092e-02
1.229949783549920539e+04,1.423552990219815184e-01,7.317113066455614501e+01,1.118879505449730249e-01
1.530728169274985339e+04,1.771654865269793599e-01,7.179659383550462337e+01,1.457094228280525483e-01
1.617656594834682801e+04,1.872302636214274174e-01,7.052369546379580356e+01,1.713692164454698463e-01
1.446118455932246070e+04,1.680150358473078698e-01,6.421941113882132868e+01,1.673473641363931175e-01
1.207487209382430410e+04,1.396723027541768025e-01,7.505392808576004882e+01,8.481090932041929209e-02
7.848698268328784252e+03,8.984990644515682134e-02,7.255281009893214161e+01,7.657417822333109636e-02
1.181324710700083779e+04,1.346951456950205572e-01,7.062346013060366090e+01,7.261365823719070911e-02
1.554537058896887174e+04,1.843057948798562107e-01,5.339906129023293602e+01,1.330993747014977691e-01
1.151983102623019113e+04,1.314820758679623169e-01,8.138192652015234785e+01,1.033776159940352074e-01
1.169687171538674011e+04,1.368831770752273747e-01,7.101270791548387251e+01,9.439356654270102120e-02
1.561416679360593662e+04,1.815660487895472963e-01,6.129268416559812493e+01,1.326281498206893228e-01
1.257027164232434552e+04,1.467104106679717190e-01,7.324454803653001989e+01,1.020628078238629277e-01
9.871840865788697556e+03,1.133314677260188474e-01,7.107375614245276552e+01,8.957819566787740551e-02
1.613545197819954228e+04,1.867529164143464926e-01,6.126656191936542228e+01,1.879510692343680511e-01
1.249332685432875405e+04,1.445986904436197817e-01,6.655016132913067395e+01,1.274193019902925550e-01
1.309892989037735970e+04,1.537133828558912840e-01,6.023553950353936415e+01,8.500552656969959098e-02
1.349757186362651919e+04,1.562218965697513839e-01,6.869691991803020414e+01,8.227005783977561770e-02
1.252456012225630548e+04,1.449601866001886952e-01,7.574893580014149563e+01,8.077250668448868187e-02
1.216352692638852204e+04,1.407815616480152521e-01,5.848952206773175533e+01,7.107822698485127821e-02
5.761573220138948273e+03,6.765661124465353893e-02,6.618125351699076475e+01,3.645548983662942610e-02
1.123694551843845875e+04,1.300549641642924636e-01,5.260555525010164502e+01,8.362219161197827211e-02
1.419094985448265288e+04,1.642468899773939506e-01,5.611980375701234891e+01,1.850465228989440769e-01
1.437406427760072802e+04,1.663610785019718485e-01,7.069747034615286907e+01,1.664025870855522504e-01
1.278230118215655602e+04,1.499500971143220285e-01,6.296907441440448849e+01,1.255783925098293285e-01
1.003967958211795667e+04,1.162003091864228649e-01,6.148041311453562940e+01,8.872662674653176984e-02
9.626840493216106552e+03,1.100829545999413156e-01,5.834345689497630616e+01,8.546540240693036028e-02
1.419666659739916213e+04,1.602389639616119410e-01,7.008985037138657503e+01,1.131267858085783090e-01
1.617498643846360210e+04,1.893479608169209849e-01,6.927084036047067173e+01,1.686772407155709141e-01
1.217210863780312320e+04,1.408808870116101952e-01,7.739147437909137750e+01,1.216735738013730167e-01
1.153628853915756554e+04,1.335378340052469914e-01,7.617152276337412786e+01,1.120799961782696363e-01
1.013748885558706752e+04,1.173320469396651050e-01,5.509625198173151972e+01,1.033193727626603442e-01
1.137951907915377888e+04,1.317073967494649944e-01,6.713267894619195886e+01,1.047906381771141482e-01
7.089905337050477101e+03,8.205765245418310261e-02,6.641842030238197481e+01,8.702420237294006267e-02
9.577354797397736547e+03,1.108497022953891242e-01,5.844672627800729714e+01,1.011609921239577520e-01
8.849210727066983964e+03,1.024214204521641247e-01,5.546249913086097649e+01,6.635619688522738369e-02
1.511933475958597046e+04,1.749923004581709352e-01,6.073360582354153792e+01,2.283671721702964230e-01
1.270306610241630915e+04,1.470262280372257591e-01,5.872468239256621558e+01,1.116889882486286067e-01
9.985461103172387084e+03,1.155724664719026129e-01,6.892059957270697623e+01,8.967661126317097442e-02
1.074177260276951165e+04,1.243260717913137470e-01,7.834156592383115481e+01,1.059507670716379746e-01
1.573732429421439520e+04,1.845616590298456150e-01,7.083686101641056609e+01,1.306286469534338468e-01
1.542773598336378382e+04,1.785615127820027737e-01,7.114763453065570786e+01,1.983614401452279130e-01
7.329025536268791257e+02,1.526880320055997720e-01,5.051054855294587753e+01,7.112864808223184551e-03
1.854806825457920422e+04,1.875781298682293596e-01,6.225614876709092016e+01,1.051576399404522966e-01
1.362510849158846941e+04,1.578962051688629353e-01,5.625611092770633093e+01,1.550229711533343824e-01
4.219297508890168501e+03,4.879525396658467712e-02,7.302589315982581297e+01,3.659496714241143589e-02
1.032120818062636681e+04,1.196638406919906666e-01,7.028434713958067448e+01,1.476445694498196570e-01
1.060784243899354806e+04,1.225085706508729638e-01,7.410255684401299447e+01,1.103601289006514163e-01
1.581963304896205409e+04,1.839763203816846826e-01,7.612162483455301754e+01,1.849012216677964615e-01
1.416321993477438446e+04,1.640089541061871270e-01,6.185614483358872917e+01,1.808914150066797399e-01
1.112536576769745079e+04,1.289430639367464548e-01,6.853044911497957514e+01,1.005945148238725217e-01
1.332427962618298989e+04,1.542161993771179185e-01,6.914099881118391977e+01,1.369786463821559552e-01
1.595409021111125185e+04,1.846535993198639702e-01,6.902322335446143597e+01,1.490769559411447009e-01
1.020657158269657339e+04,1.181235626795247573e-01,6.410366421475387710e+01,1.007402085272720293e-01
9.264438688190271932e+03,1.072015851344232940e-01,7.012764592956793308e+01,7.299952668819677248e-02
7.643825899431694779e+03,8.847067052854765135e-02,7.395690081876585964e+01,5.993333108816521759e-02
1.181030970989968591e+04,1.381008827721713350e-01,4.946646773660691565e+01,1.411226707829988936e-01
1.414275873716656133e+04,1.636893372357240695e-01,5.819800092497471411e+01,1.844288464842677999e-01
1.064423056758773419e+04,1.231971130507839157e-01,5.170500385183373737e+01,1.085512656768210654e-01
1.080073596450504374e+04,1.250088059632484261e-01,6.641613875638128661e+01,1.120821454702145697e-01
9.519481594689448684e+03,1.115706837942871954e-01,6.385983369167162493e+01,1.281508795100098907e-01
1.316180006441931619e+04,1.523356488937420428e-01,6.351772456378907350e+01,1.384001359410154952e-01
7.704997532994156245e+03,9.016575894271137981e-02,6.245274988235150460e+01,7.856231366853724807e-02
1.440898899130187056e+04,1.683724662927675586e-01,6.125686544305008141e+01,1.718976960498931339e-01
1.582718403705542914e+04,1.857518100669467709e-01,7.043819004434384112e+01,1.117973342540948545e-01
1.492542962411635926e+04,1.747774395642633372e-01,6.008165451131964119e+01,1.462296188343517322e-01
1.261934405499996683e+04,1.460572083633186469e-01,7.214508533180139693e+01,1.646515810796173040e-01
9.188485291095974389e+03,1.066061015148600244e-01,7.531368567426282823e+01,6.512530717308770423e-02
1.343071633347367060e+04,1.554481057115007503e-01,4.427119811862710463e+01,1.664113534668087147e-01
1.491146261466535361e+04,1.724993383661004021e-01,6.346941114846106302e+01,2.099067294543222884e-01
1.270874719892717985e+04,1.470919814690645200e-01,6.351274418719906834e+01,1.154081585119366427e-01
1.000913176642991129e+04,1.158464324818276325e-01,7.173459434077076935e+01,1.003119168562492669e-01
1.144552892189956947e+04,1.339805336216039755e-01,7.746565218649661233e+01,1.518499104048042780e-01
1.374287678848180985e+04,1.597303311138626447e-01,7.007375401768719314e+01,1.592097210529648810e-01
1.343544433648184349e+04,1.555028279685398140e-01,5.895494204421012086e+01,1.933514757300363596e-01
1.342567833465369222e+04,1.553897955399732578e-01,6.054830602166179432e+01,1.271960825177764765e-01
1.258017878704737632e+04,1.455606075655603571e-01,6.443549115096287494e+01,1.324838868449262075e-01
1.307764950178103572e+04,1.513655529320473425e-01,5.603576204234648372e+01,1.051628993594949379e-01
9.206610475914709241e+03,1.065586916939898626e-01,6.790993902416312267e+01,1.331033302437138743e-01
1.156073222735648778e+04,1.345494109556505113e-01,5.868255990980756565e+01,1.500966419545279318e-01
1.134274056351998115e+04,1.331094339709117669e-01,6.792842130531970213e+01,1.646925833664427408e-01
1.229940589479735718e+04,1.423540914534150992e-01,6.974838061565785097e+01,1.857221792120495041e-01
1.365636194155335761e+04,1.580597446939045470e-01,5.881129750401755985e+01,1.405228088551171151e-01
1.172009559128210458e+04,1.356487069022241088e-01,5.538741019116298503e+01,1.731465432167308971e-01
1.511921207189084998e+04,1.749908804616996383e-01,6.537068217194989472e+01,2.203432745122848591e-01
9.706552613707961427e+03,1.123444165710349024e-01,6.638122524364375465e+01,1.002486420082107643e-01
1.170263435024944010e+04,1.354470076901814202e-01,3.961568683861968054e+01,2.045671483031952509e-01
9.703436733394566545e+03,1.123098867951181218e-01,6.879426757507481227e+01,9.764721352286845346e-02
1.210593504093381489e+04,1.401167561155877705e-01,5.647659953213741346e+01,7.267389147894591506e-02
7.590273337740750321e+03,8.823015038652830266e-02,7.327945195414454815e+01,6.685348135810560699e-02
9.179599303500193855e+03,1.074411993969992124e-01,6.876147984597386653e+01,8.818569413211081731e-02
9.663070231187322861e+03,1.127694906848890760e-01,6.678973229707980863e+01,8.632503075979687523e-02
1.052268697324392633e+04,1.236328560164369067e-01,7.802519168199971489e+01,1.287883807028099015e-01
1.352421258345546448e+04,1.565302382344382071e-01,5.561016982654842167e+01,1.117909714394201143e-01
9.865901957793957990e+03,1.141886800670596641e-01,7.487605958906337378e+01,1.486288084169586354e-01
8.984598455236591690e+03,1.039884080467197713e-01,6.651445771559231446e+01,8.631842588359274482e-02
1.166596955531618187e+04,1.350227957791224342e-01,4.982274450400775834e+01,1.795350802654636091e-01
1.270486814664800477e+04,1.470470850306481725e-01,4.998172131902421711e+01,1.828155523540898886e-01
8.923804466559811772e+03,1.037610130668314840e-01,6.335996840109870476e+01,9.706803504631683621e-02
1.035831689399954666e+04,1.198879270138835801e-01,6.659257864242761116e+01,1.454660081326736021e-01
8.986560196542857739e+03,1.040111133859126513e-01,7.187838259874449420e+01,1.191700753191203971e-01
9.967314491584049392e+03,1.155369080329799181e-01,6.502924449687432684e+01,8.738654819365890281e-02
1.118954040878975684e+04,1.320629426433283515e-01,5.942142758090702159e+01,1.361659820175153968e-01
9.307522063461959988e+03,1.086021076274753805e-01,5.664828367989622393e+01,1.401489541310739217e-01
1.518831675459013059e+04,1.757905577011054932e-01,5.847440843700532298e+01,1.657282534547623865e-01
1.036833587008223003e+04,1.200038873852109500e-01,5.603165772396781108e+01,1.462486614470864532e-01
7.667364036886936447e+03,8.874105710469776254e-02,8.070450096077955493e+01,1.123846544603095965e-01
7.992933661618046244e+03,9.251190663504348100e-02,6.436947228344804728e+01,7.956978004826098516e-02
8.074474684209342740e+03,9.345410152116320757e-02,6.535147200235203968e+01,8.162852366010402150e-02
9.013873716297726787e+03,1.043272420867791955e-01,5.749497076023978792e+01,1.091467641251404053e-01
8.677302987752991612e+03,1.004319052843529597e-01,5.916048196690925209e+01,1.251765840897937632e-01
1.131064261045150852e+04,1.309095217520425958e-01,7.030858363384368204e+01,1.470540900751017288e-01
1.093222717850927438e+04,1.265304071586721424e-01,6.011967556072697505e+01,1.678028072192311038e-01
9.025515610375688993e+03,1.044649312149857484e-01,6.778194320119875727e+01,1.240832292192794728e-01
1.228911969921936907e+04,1.431844987053362828e-01,5.520719894054600019e+01,1.792104444428273269e-01
1.405500098707859979e+04,1.618151263983816923e-01,6.622446874335996370e+01,1.761029401794531601e-01
1.409828014457365134e+04,1.631743888950192845e-01,6.124083318465263659e+01,1.930678918695653279e-01
9.363681248729422805e+03,1.083752934884623792e-01,5.844465312633676035e+01,1.087722037187250773e-01
9.141985864689306254e+03,1.058092305890482865e-01,7.898959918592636598e+01,7.986682108795799262e-02
1.048488713493906653e+04,1.213524255222814124e-01,5.581949319667192810e+01,9.778640474057818943e-02
8.480507412499046040e+03,9.819144230000166618e-02,6.258662337534295972e+01,9.863698014865744657e-02
7.909702066254252713e+03,9.154747761868343991e-02,6.810625463031740878e+01,8.273978556568574450e-02
1.325219196470290262e+04,1.533818514433205882e-01,6.416555698975190580e+01,1.674925903282769857e-01
1.533439074013498976e+04,1.774813743071178562e-01,6.410015995799152222e+01,1.381481156333962401e-01
7.137204020002637662e+03,5.538901263435638822e-02,8.150893369087016538e+01,1.000618448370523689e-01
1.014143454651127104e+04,1.173777146586952314e-01,5.987260879503902800e+01,1.543844123003560997e-01
1.163114042552395586e+04,1.354616573495345810e-01,7.083621255660176530e+01,1.033189342784869291e-01
9.530593163079101942e+03,1.103077912393414239e-01,6.898510582463914886e+01,8.093545317016780094e-02
1.135880410845639926e+04,1.314676401441712550e-01,6.229886128317498617e+01,1.738705489681634797e-01
1.132993501872547859e+04,1.311335071611744729e-01,5.980066058400748119e+01,1.654573849793848361e-01
8.962358717490136769e+03,1.037047234840889343e-01,6.354893688373848448e+01,1.272182528269795443e-01
1.125649225799494707e+04,1.319313166140335392e-01,6.215753271258366652e+01,1.544669661263377569e-01
1.496859599813243040e+04,1.732507871756261142e-01,6.677538008648878076e+01,1.585647557869791224e-01
1.725694288833616883e+04,1.997353399958919085e-01,7.031031682715763509e+01,1.523224369491092967e-01
9.745428086863723365e+03,1.094924542001696893e-01,7.684164052669635225e+01,9.134148853277312963e-02
8.141870596651244341e+03,9.423461898698473616e-02,7.873334007252111633e+01,7.776409521198564267e-02
8.287458011092245215e+03,9.592043092350960309e-02,7.619661605883028699e+01,8.613024059921849107e-02
8.422884624109523429e+03,9.748617616145756337e-02,9.737373383669881832e+01,8.319354902964649912e-02
