Longitude,Latitude,tag-local-identifier,Date,timeAPM,Time
36.9228817,0.3508558,2430,08/01/2012,03:05:00 AM,03:05:00
36.9228835,0.3508576,2430,08/01/2012,03:10:00 AM,03:10:00
36.922887,0.3508266,2430,08/01/2012,03:15:00 AM,03:15:00
36.9228703,0.3508297,2430,08/01/2012,03:20:00 AM,03:20:00
36.92289,0.3508591,2430,08/01/2012,03:25:00 AM,03:25:00
36.9229017,0.3508644,2430,08/01/2012,03:30:00 AM,03:30:00
36.9229078,0.3509149,2430,08/01/2012,03:35:00 AM,03:35:00
36.9229169,0.3509083,2430,08/01/2012,03:40:00 AM,03:40:00
36.9229432,0.3509036,2430,08/01/2012,03:45:00 AM,03:45:00
36.9229247,0.3508635,2430,08/01/2012,03:50:00 AM,03:50:00
36.9229501,0.3508842,2430,08/01/2012,03:55:00 AM,03:55:00
36.922999,0.3509311,2430,08/01/2012,04:00:00 AM,04:00:00
36.922931,0.3508083,2430,08/01/2012,04:05:00 AM,04:05:00
36.922947,0.3509173,2430,08/01/2012,04:10:00 AM,04:10:00
36.9229547,0.3509046,2430,08/01/2012,04:15:00 AM,04:15:00
36.92296,0.3509161,2430,08/01/2012,04:20:00 AM,04:20:00
36.9229765,0.3509025,2430,08/01/2012,04:25:00 AM,04:25:00
36.922915,0.3509292,2430,08/01/2012,04:30:00 AM,04:30:00
36.9229458,0.3509221,2430,08/01/2012,04:35:00 AM,04:35:00
36.9229454,0.350893,2430,08/01/2012,04:40:00 AM,04:40:00
36.9229379,0.350895,2430,08/01/2012,04:45:00 AM,04:45:00
36.9229745,0.3507931,2430,08/01/2012,04:50:00 AM,04:50:00
36.9229899,0.3507263,2430,08/01/2012,04:55:00 AM,04:55:00
36.9229738,0.3507068,2430,08/01/2012,05:00:00 AM,05:00:00
36.9229978,0.3507001,2430,08/01/2012,05:05:00 AM,05:05:00
36.9230088,0.3506815,2430,08/01/2012,05:10:00 AM,05:10:00
36.923005,0.350741,2430,08/01/2012,05:15:00 AM,05:15:00
36.9239146,0.3512612,2430,08/01/2012,05:20:00 AM,05:20:00
36.9271602,0.3519039,2430,08/01/2012,05:25:00 AM,05:25:00
36.9282155,0.3523014,2430,08/01/2012,05:30:00 AM,05:30:00
36.9282178,0.3522925,2430,08/01/2012,05:35:00 AM,05:35:00
36.9282156,0.3523276,2430,08/01/2012,05:40:00 AM,05:40:00
36.9282129,0.3521708,2430,08/01/2012,05:45:00 AM,05:45:00
36.9284454,0.3520739,2430,08/01/2012,05:50:00 AM,05:50:00
36.9284434,0.3520561,2430,08/01/2012,05:55:00 AM,05:55:00
36.9284589,0.352045,2430,08/01/2012,06:00:00 AM,06:00:00
36.9284503,0.3520686,2430,08/01/2012,06:05:00 AM,06:05:00
36.9284518,0.3520577,2430,08/01/2012,06:10:00 AM,06:10:00
36.9284401,0.3520706,2430,08/01/2012,06:15:00 AM,06:15:00
36.9284725,0.3520651,2430,08/01/2012,06:20:00 AM,06:20:00
36.9285586,0.3520568,2430,08/01/2012,06:25:00 AM,06:25:00
36.9290628,0.3516336,2430,08/01/2012,06:30:00 AM,06:30:00
36.929353,0.3508729,2430,08/01/2012,06:35:00 AM,06:35:00
36.9303306,0.3496994,2430,08/01/2012,06:40:00 AM,06:40:00
36.9312047,0.3485836,2430,08/01/2012,06:45:00 AM,06:45:00
36.9317884,0.3479539,2430,08/01/2012,06:50:00 AM,06:50:00
36.932932,0.3470728,2430,08/01/2012,06:55:00 AM,06:55:00
36.9333085,0.3465695,2430,08/01/2012,07:00:00 AM,07:00:00
36.933411,0.3462702,2430,08/01/2012,07:05:00 AM,07:05:00
36.9334784,0.3458719,2430,08/01/2012,07:10:00 AM,07:10:00
36.9332413,0.3451164,2430,08/01/2012,07:15:00 AM,07:15:00
36.9330742,0.3447493,2430,08/01/2012,07:20:00 AM,07:20:00
36.9327007,0.344191,2430,08/01/2012,07:25:00 AM,07:25:00
36.9327475,0.3437503,2430,08/01/2012,07:30:00 AM,07:30:00
36.9327207,0.3434027,2430,08/01/2012,07:35:00 AM,07:35:00
36.9330615,0.3428088,2430,08/01/2012,07:40:00 AM,07:40:00
36.932907,0.3424268,2430,08/01/2012,07:45:00 AM,07:45:00
36.9327863,0.342316,2430,08/01/2012,07:50:00 AM,07:50:00
36.9329644,0.3420838,2430,08/01/2012,07:55:00 AM,07:55:00
36.9328752,0.3418036,2430,08/01/2012,08:00:00 AM,08:00:00
36.932782,0.3416031,2430,08/01/2012,08:05:00 AM,08:05:00
36.9328199,0.3416215,2430,08/01/2012,08:10:00 AM,08:10:00
36.9328091,0.3416226,2430,08/01/2012,08:15:00 AM,08:15:00
36.9327863,0.3414596,2430,08/01/2012,08:20:00 AM,08:20:00
36.9329662,0.3416325,2430,08/01/2012,08:25:00 AM,08:25:00
36.9329741,0.3416287,2430,08/01/2012,08:30:00 AM,08:30:00
36.9328793,0.3416337,2430,08/01/2012,08:35:00 AM,08:35:00
36.9328626,0.3416166,2430,08/01/2012,08:40:00 AM,08:40:00
36.932884,0.3415995,2430,08/01/2012,08:45:00 AM,08:45:00
36.9327605,0.3416527,2430,08/01/2012,08:50:00 AM,08:50:00
36.9327179,0.3416918,2430,08/01/2012,08:55:00 AM,08:55:00
36.932646,0.341714,2430,08/01/2012,09:00:00 AM,09:00:00
36.932674,0.3417077,2430,08/01/2012,09:05:00 AM,09:05:00
36.9326965,0.3416975,2430,08/01/2012,09:10:00 AM,09:10:00
36.9327906,0.3416965,2430,08/01/2012,09:15:00 AM,09:15:00
36.9328382,0.3417313,2430,08/01/2012,09:20:00 AM,09:20:00
36.9328487,0.3417492,2430,08/01/2012,09:25:00 AM,09:25:00
36.9330561,0.3417819,2430,08/01/2012,09:30:00 AM,09:30:00
36.9331363,0.3415523,2430,08/01/2012,09:35:00 AM,09:35:00
36.933244,0.3413858,2430,08/01/2012,09:40:00 AM,09:40:00
36.9335779,0.3412415,2430,08/01/2012,09:45:00 AM,09:45:00
36.9338386,0.3416122,2430,08/01/2012,09:50:00 AM,09:50:00
36.9341955,0.341837,2430,08/01/2012,09:55:00 AM,09:55:00
36.9342618,0.3420863,2430,08/01/2012,10:00:00 AM,10:00:00
36.9341274,0.3426184,2430,08/01/2012,10:05:00 AM,10:05:00
36.9345839,0.3425101,2430,08/01/2012,10:10:00 AM,10:10:00
36.9345729,0.3425199,2430,08/01/2012,10:15:00 AM,10:15:00
36.9345121,0.3425562,2430,08/01/2012,10:20:00 AM,10:20:00
36.9345236,0.3425451,2430,08/01/2012,10:25:00 AM,10:25:00
36.9345038,0.3426075,2430,08/01/2012,10:30:00 AM,10:30:00
36.9344567,0.3427231,2430,08/01/2012,10:35:00 AM,10:35:00
36.9344647,0.3425942,2430,08/01/2012,10:40:00 AM,10:40:00
36.934468,0.34259,2430,08/01/2012,10:45:00 AM,10:45:00
36.9342094,0.3430349,2430,08/01/2012,10:50:00 AM,10:50:00
36.9341985,0.343049,2430,08/01/2012,10:55:00 AM,10:55:00
36.9341441,0.343159,2430,08/01/2012,11:00:00 AM,11:00:00
36.9338094,0.3435891,2430,08/01/2012,11:05:00 AM,11:05:00
36.9339137,0.3440698,2430,08/01/2012,11:10:00 AM,11:10:00
36.9337341,0.3444804,2430,08/01/2012,11:15:00 AM,11:15:00
36.933721,0.3448063,2430,08/01/2012,11:20:00 AM,11:20:00
36.9338501,0.3450349,2430,08/01/2012,11:25:00 AM,11:25:00
36.9339807,0.3453248,2430,08/01/2012,11:30:00 AM,11:30:00
36.9337321,0.3457433,2430,08/01/2012,11:35:00 AM,11:35:00
36.9337006,0.3460903,2430,08/01/2012,11:40:00 AM,11:40:00
36.9337603,0.3465714,2430,08/01/2012,11:45:00 AM,11:45:00
36.9337696,0.3465251,2430,08/01/2012,11:50:00 AM,11:50:00
36.9336267,0.346829,2430,08/01/2012,11:55:00 AM,11:55:00
36.9333574,0.3472435,2430,08/01/2012,12:00:00 PM,12:00:00
36.9333798,0.3474729,2430,08/01/2012,12:05:00 PM,12:05:00
36.9331613,0.3480374,2430,08/01/2012,12:10:00 PM,12:10:00
36.9328668,0.3482256,2430,08/01/2012,12:15:00 PM,12:15:00
36.9325568,0.3483624,2430,08/01/2012,12:20:00 PM,12:20:00
36.9328588,0.349035,2430,08/01/2012,12:25:00 PM,12:25:00
36.9322356,0.3492547,2430,08/01/2012,12:30:00 PM,12:30:00
36.9316525,0.349305,2430,08/01/2012,12:35:00 PM,12:35:00
36.9314333,0.3495736,2430,08/01/2012,12:40:00 PM,12:40:00
36.9312404,0.3498708,2430,08/01/2012,12:45:00 PM,12:45:00
36.9310482,0.3502999,2430,08/01/2012,12:50:00 PM,12:50:00
36.9307298,0.3505,2430,08/01/2012,12:55:00 PM,12:55:00
36.9306946,0.3504769,2430,08/01/2012,01:00:00 PM,13:00:00
36.9307063,0.3504597,2430,08/01/2012,01:05:00 PM,13:05:00
36.9306959,0.3504753,2430,08/01/2012,01:10:00 PM,13:10:00
36.9305829,0.3504789,2430,08/01/2012,01:15:00 PM,13:15:00
36.9305683,0.3504773,2430,08/01/2012,01:20:00 PM,13:20:00
36.930446,0.350486,2430,08/01/2012,01:25:00 PM,13:25:00
36.9305038,0.3505089,2430,08/01/2012,01:30:00 PM,13:30:00
36.9303642,0.3503737,2430,08/01/2012,01:35:00 PM,13:35:00
36.9302617,0.3503302,2430,08/01/2012,01:40:00 PM,13:40:00
36.929722,0.3503699,2430,08/01/2012,01:45:00 PM,13:45:00
36.929584,0.3506161,2430,08/01/2012,01:50:00 PM,13:50:00
36.9292105,0.3510624,2430,08/01/2012,01:55:00 PM,13:55:00
36.9284821,0.3515463,2430,08/01/2012,02:00:00 PM,14:00:00
36.928337,0.3520355,2430,08/01/2012,02:05:00 PM,14:05:00
36.9281162,0.3520016,2430,08/01/2012,02:10:00 PM,14:10:00
36.9263259,0.3518403,2430,08/01/2012,02:15:00 PM,14:15:00
36.9246577,0.3516474,2430,08/01/2012,02:20:00 PM,14:20:00
36.9234948,0.3522261,2430,08/01/2012,02:25:00 PM,14:25:00
36.9225786,0.3515307,2430,08/01/2012,02:30:00 PM,14:30:00
36.9225744,0.3514936,2430,08/01/2012,02:35:00 PM,14:35:00
36.9225308,0.3515219,2430,08/01/2012,02:40:00 PM,14:40:00
36.9225471,0.3515398,2430,08/01/2012,02:45:00 PM,14:45:00
36.9225305,0.3514631,2430,08/01/2012,02:50:00 PM,14:50:00
36.9225396,0.351473,2430,08/01/2012,02:55:00 PM,14:55:00
36.9231029,0.3504508,2430,08/02/2012,03:05:00 AM,03:05:00
36.9230912,0.3504608,2430,08/02/2012,03:10:00 AM,03:10:00
36.923083,0.3504565,2430,08/02/2012,03:15:00 AM,03:15:00
36.9230714,0.3504575,2430,08/02/2012,03:20:00 AM,03:20:00
36.9231011,0.3504468,2430,08/02/2012,03:25:00 AM,03:25:00
36.9230482,0.3504161,2430,08/02/2012,03:30:00 AM,03:30:00
36.9229955,0.3504333,2430,08/02/2012,03:35:00 AM,03:35:00
36.9229991,0.3504165,2430,08/02/2012,03:40:00 AM,03:40:00
36.9230036,0.350444,2430,08/02/2012,03:45:00 AM,03:45:00
36.9229314,0.3505288,2430,08/02/2012,03:50:00 AM,03:50:00
36.9229431,0.3504982,2430,08/02/2012,03:55:00 AM,03:55:00
36.9229174,0.3504946,2430,08/02/2012,04:00:00 AM,04:00:00
36.9227684,0.3509817,2430,08/02/2012,04:05:00 AM,04:05:00
36.9230315,0.3505221,2430,08/02/2012,04:10:00 AM,04:10:00
36.9229876,0.3505616,2430,08/02/2012,04:15:00 AM,04:15:00
36.9229234,0.3505098,2430,08/02/2012,04:20:00 AM,04:20:00
36.9229407,0.3504927,2430,08/02/2012,04:25:00 AM,04:25:00
36.9229609,0.3505669,2430,08/02/2012,04:30:00 AM,04:30:00
36.9229461,0.35061,2430,08/02/2012,04:35:00 AM,04:35:00
36.9229551,0.350604,2430,08/02/2012,04:40:00 AM,04:40:00
36.9229302,0.350669,2430,08/02/2012,04:45:00 AM,04:45:00
36.9229309,0.3506753,2430,08/02/2012,04:50:00 AM,04:50:00
36.9229379,0.3506838,2430,08/02/2012,04:55:00 AM,04:55:00
36.9228517,0.3504639,2430,08/02/2012,05:00:00 AM,05:00:00
36.9229208,0.3504766,2430,08/02/2012,05:05:00 AM,05:05:00
36.9217919,0.3503383,2430,08/02/2012,05:10:00 AM,05:10:00
36.921699,0.350817,2430,08/02/2012,05:15:00 AM,05:15:00
36.9219462,0.3507998,2430,08/02/2012,05:20:00 AM,05:20:00
36.9220172,0.3507128,2430,08/02/2012,05:25:00 AM,05:25:00
36.9221004,0.3507853,2430,08/02/2012,05:30:00 AM,05:30:00
36.9219561,0.3506894,2430,08/02/2012,05:35:00 AM,05:35:00
36.9216848,0.3506325,2430,08/02/2012,05:40:00 AM,05:40:00
36.9220557,0.3504177,2430,08/02/2012,05:45:00 AM,05:45:00
36.9225023,0.3504377,2430,08/02/2012,05:50:00 AM,05:50:00
36.9233957,0.3509592,2430,08/02/2012,05:55:00 AM,05:55:00
36.9241061,0.3514292,2430,08/02/2012,06:00:00 AM,06:00:00
36.9261618,0.3517475,2430,08/02/2012,06:05:00 AM,06:05:00
36.9282115,0.3521073,2430,08/02/2012,06:10:00 AM,06:10:00
36.9281906,0.3520854,2430,08/02/2012,06:15:00 AM,06:15:00
36.9282658,0.3520717,2430,08/02/2012,06:20:00 AM,06:20:00
36.9282958,0.3520681,2430,08/02/2012,06:25:00 AM,06:25:00
36.9283088,0.3520687,2430,08/02/2012,06:30:00 AM,06:30:00
36.9285466,0.3513874,2430,08/02/2012,06:35:00 AM,06:35:00
36.9291455,0.3509961,2430,08/02/2012,06:40:00 AM,06:40:00
36.9294735,0.3506241,2430,08/02/2012,06:45:00 AM,06:45:00
36.9308703,0.3493209,2430,08/02/2012,06:50:00 AM,06:50:00
36.9317884,0.3479439,2430,08/02/2012,06:55:00 AM,06:55:00
36.9328992,0.3471047,2430,08/02/2012,07:00:00 AM,07:00:00
36.9331363,0.3467693,2430,08/02/2012,07:05:00 AM,07:05:00
36.9330793,0.3465697,2430,08/02/2012,07:10:00 AM,07:10:00
36.933256,0.3465019,2430,08/02/2012,07:15:00 AM,07:15:00
36.9334887,0.3457236,2430,08/02/2012,07:20:00 AM,07:20:00
36.9335476,0.345642,2430,08/02/2012,07:25:00 AM,07:25:00
36.9339018,0.3454627,2430,08/02/2012,07:30:00 AM,07:30:00
36.9344342,0.3453154,2430,08/02/2012,07:35:00 AM,07:35:00
36.9351022,0.3452942,2430,08/02/2012,07:40:00 AM,07:40:00
36.935541,0.3446539,2430,08/02/2012,07:45:00 AM,07:45:00
36.935755,0.343936,2430,08/02/2012,07:50:00 AM,07:50:00
36.9362649,0.3433453,2430,08/02/2012,07:55:00 AM,07:55:00
36.9358172,0.3428112,2430,08/02/2012,08:00:00 AM,08:00:00
36.936004,0.3419976,2430,08/02/2012,08:05:00 AM,08:05:00
36.9361846,0.3411521,2430,08/02/2012,08:10:00 AM,08:10:00
36.9363624,0.3409468,2430,08/02/2012,08:15:00 AM,08:15:00
36.9365506,0.3405412,2430,08/02/2012,08:20:00 AM,08:20:00
36.936657,0.3402329,2430,08/02/2012,08:25:00 AM,08:25:00
36.9366773,0.3402292,2430,08/02/2012,08:30:00 AM,08:30:00
36.9362596,0.3397544,2430,08/02/2012,08:35:00 AM,08:35:00
36.9360946,0.33946,2430,08/02/2012,08:40:00 AM,08:40:00
36.9359424,0.3391742,2430,08/02/2012,08:45:00 AM,08:45:00
36.9353862,0.3392634,2430,08/02/2012,08:50:00 AM,08:50:00
36.9352346,0.3395565,2430,08/02/2012,08:55:00 AM,08:55:00
36.9349501,0.3394428,2430,08/02/2012,09:00:00 AM,09:00:00
36.9348676,0.3394108,2430,08/02/2012,09:05:00 AM,09:05:00
36.9347908,0.3392983,2430,08/02/2012,09:10:00 AM,09:10:00
36.9347625,0.3393256,2430,08/02/2012,09:15:00 AM,09:15:00
36.9346509,0.3391604,2430,08/02/2012,09:20:00 AM,09:20:00
36.9344157,0.3392708,2430,08/02/2012,09:25:00 AM,09:25:00
36.9343674,0.3394498,2430,08/02/2012,09:30:00 AM,09:30:00
36.9345178,0.3397504,2430,08/02/2012,09:35:00 AM,09:35:00
36.9346133,0.3399768,2430,08/02/2012,09:40:00 AM,09:40:00
36.934661,0.3401799,2430,08/02/2012,09:45:00 AM,09:45:00
36.9346523,0.3401819,2430,08/02/2012,09:50:00 AM,09:50:00
36.9346378,0.3401395,2430,08/02/2012,09:55:00 AM,09:55:00
36.9347565,0.3402229,2430,08/02/2012,10:00:00 AM,10:00:00
36.9347497,0.3402259,2430,08/02/2012,10:05:00 AM,10:05:00
36.9350256,0.3404163,2430,08/02/2012,10:10:00 AM,10:10:00
36.935227,0.3405357,2430,08/02/2012,10:15:00 AM,10:15:00
36.9354492,0.3405517,2430,08/02/2012,10:20:00 AM,10:20:00
36.9354844,0.3404803,2430,08/02/2012,10:25:00 AM,10:25:00
36.9356173,0.3405156,2430,08/02/2012,10:30:00 AM,10:30:00
36.9356056,0.3405266,2430,08/02/2012,10:35:00 AM,10:35:00
36.93563,0.3405327,2430,08/02/2012,10:40:00 AM,10:40:00
36.9356354,0.3405418,2430,08/02/2012,10:45:00 AM,10:45:00
36.9358433,0.3406335,2430,08/02/2012,10:50:00 AM,10:50:00
36.9359476,0.3408293,2430,08/02/2012,10:55:00 AM,10:55:00
36.9357442,0.341022,2430,08/02/2012,11:00:00 AM,11:00:00
36.9358311,0.3411043,2430,08/02/2012,11:05:00 AM,11:05:00
36.9354277,0.341374,2430,08/02/2012,11:10:00 AM,11:10:00
36.935087,0.3411936,2430,08/02/2012,11:15:00 AM,11:15:00
36.9347365,0.3412629,2430,08/02/2012,11:20:00 AM,11:20:00
36.9345054,0.3413734,2430,08/02/2012,11:25:00 AM,11:25:00
36.9343302,0.3415729,2430,08/02/2012,11:30:00 AM,11:30:00
36.9340991,0.3416559,2430,08/02/2012,11:35:00 AM,11:35:00
36.9341003,0.3418074,2430,08/02/2012,11:40:00 AM,11:40:00
36.9341781,0.3421346,2430,08/02/2012,11:45:00 AM,11:45:00
36.9343233,0.3422913,2430,08/02/2012,11:50:00 AM,11:50:00
36.9343039,0.3424584,2430,08/02/2012,11:55:00 AM,11:55:00
36.9342859,0.3424529,2430,08/02/2012,12:00:00 PM,12:00:00
36.9343296,0.3425423,2430,08/02/2012,12:05:00 PM,12:05:00
36.9341271,0.34268,2430,08/02/2012,12:10:00 PM,12:10:00
36.9341949,0.3426256,2430,08/02/2012,12:15:00 PM,12:15:00
36.9340107,0.3426396,2430,08/02/2012,12:20:00 PM,12:20:00
36.9339506,0.3426933,2430,08/02/2012,12:25:00 PM,12:25:00
36.9337176,0.3427154,2430,08/02/2012,12:30:00 PM,12:30:00
36.933541,0.3427496,2430,08/02/2012,12:35:00 PM,12:35:00
36.9335211,0.3427639,2430,08/02/2012,12:40:00 PM,12:40:00
36.9331908,0.3428091,2430,08/02/2012,12:45:00 PM,12:45:00
36.9330887,0.3428168,2430,08/02/2012,12:50:00 PM,12:50:00
36.9329448,0.3429089,2430,08/02/2012,12:55:00 PM,12:55:00
36.9328064,0.3434949,2430,08/02/2012,01:00:00 PM,13:00:00
36.9332495,0.344165,2430,08/02/2012,01:05:00 PM,13:05:00
36.9332289,0.3445534,2430,08/02/2012,01:10:00 PM,13:10:00
36.9331035,0.3447169,2430,08/02/2012,01:15:00 PM,13:15:00
36.9332566,0.345256,2430,08/02/2012,01:20:00 PM,13:20:00
36.9332815,0.345402,2430,08/02/2012,01:25:00 PM,13:25:00
36.9331442,0.3467599,2430,08/02/2012,01:30:00 PM,13:30:00
36.9332352,0.3463939,2430,08/02/2012,01:35:00 PM,13:35:00
36.932961,0.3470124,2430,08/02/2012,01:40:00 PM,13:40:00
36.9319929,0.3477977,2430,08/02/2012,01:45:00 PM,13:45:00
36.9316304,0.3480035,2430,08/02/2012,01:50:00 PM,13:50:00
36.9313405,0.3483031,2430,08/02/2012,01:55:00 PM,13:55:00
36.9312725,0.3483415,2430,08/02/2012,02:00:00 PM,14:00:00
36.9309149,0.3490809,2430,08/02/2012,02:05:00 PM,14:05:00
36.9302513,0.3497086,2430,08/02/2012,02:10:00 PM,14:10:00
36.929531,0.3504384,2430,08/02/2012,02:15:00 PM,14:15:00
36.9293126,0.3506122,2430,08/02/2012,02:20:00 PM,14:20:00
36.9284433,0.3515737,2430,08/02/2012,02:25:00 PM,14:25:00
36.9282865,0.3519787,2430,08/02/2012,02:30:00 PM,14:30:00
36.9282251,0.352285,2430,08/02/2012,02:35:00 PM,14:35:00
36.9281734,0.3520644,2430,08/02/2012,02:40:00 PM,14:40:00
36.9279849,0.3518592,2430,08/02/2012,02:45:00 PM,14:45:00
36.9274641,0.3521503,2430,08/02/2012,02:50:00 PM,14:50:00
36.9249271,0.3515619,2430,08/02/2012,02:55:00 PM,14:55:00
36.9230769,0.3505096,2430,08/03/2012,03:05:00 AM,03:05:00
36.9230701,0.3504863,2430,08/03/2012,03:10:00 AM,03:10:00
36.9230595,0.3504842,2430,08/03/2012,03:15:00 AM,03:15:00
36.9230849,0.3504991,2430,08/03/2012,03:20:00 AM,03:20:00
36.9230797,0.3504856,2430,08/03/2012,03:25:00 AM,03:25:00
36.9229543,0.3505061,2430,08/03/2012,03:30:00 AM,03:30:00
36.9229832,0.3504823,2430,08/03/2012,03:35:00 AM,03:35:00
36.9229731,0.3504986,2430,08/03/2012,03:40:00 AM,03:40:00
36.9229217,0.3507137,2430,08/03/2012,03:45:00 AM,03:45:00
36.9229339,0.350697,2430,08/03/2012,03:50:00 AM,03:50:00
36.9228844,0.3507042,2430,08/03/2012,03:55:00 AM,03:55:00
36.9229004,0.3507012,2430,08/03/2012,04:00:00 AM,04:00:00
36.922921,0.3506929,2430,08/03/2012,04:05:00 AM,04:05:00
36.9228494,0.3507541,2430,08/03/2012,04:10:00 AM,04:10:00
36.9227233,0.3510311,2430,08/03/2012,04:15:00 AM,04:15:00
36.9227114,0.3509793,2430,08/03/2012,04:20:00 AM,04:20:00
36.9227229,0.350988,2430,08/03/2012,04:25:00 AM,04:25:00
36.9227479,0.3509593,2430,08/03/2012,04:30:00 AM,04:30:00
36.9223745,0.3515963,2430,08/03/2012,04:35:00 AM,04:35:00
36.9220074,0.3521026,2430,08/03/2012,04:40:00 AM,04:40:00
36.9219302,0.3521045,2430,08/03/2012,04:45:00 AM,04:45:00
36.9219197,0.3521145,2430,08/03/2012,04:50:00 AM,04:50:00
36.921932,0.3520774,2430,08/03/2012,04:55:00 AM,04:55:00
36.9219256,0.3520888,2430,08/03/2012,05:00:00 AM,05:00:00
36.9219262,0.3520975,2430,08/03/2012,05:05:00 AM,05:05:00
36.9218761,0.3521385,2430,08/03/2012,05:10:00 AM,05:10:00
36.9218171,0.3521564,2430,08/03/2012,05:15:00 AM,05:15:00
36.9216992,0.3523372,2430,08/03/2012,05:20:00 AM,05:20:00
36.9211955,0.3528767,2430,08/03/2012,05:25:00 AM,05:25:00
36.920956,0.3526455,2430,08/03/2012,05:30:00 AM,05:30:00
36.919717,0.3539655,2430,08/03/2012,05:35:00 AM,05:35:00
36.919675,0.3540751,2430,08/03/2012,05:40:00 AM,05:40:00
36.9196096,0.3539461,2430,08/03/2012,05:45:00 AM,05:45:00
36.9198992,0.354696,2430,08/03/2012,05:50:00 AM,05:50:00
36.9197,0.3554958,2430,08/03/2012,05:55:00 AM,05:55:00
36.9193607,0.3567866,2430,08/03/2012,06:00:00 AM,06:00:00
36.919122,0.3569741,2430,08/03/2012,06:05:00 AM,06:05:00
36.9183745,0.3563804,2430,08/03/2012,06:10:00 AM,06:10:00
36.9175976,0.3565908,2430,08/03/2012,06:15:00 AM,06:15:00
36.9171556,0.3560873,2430,08/03/2012,06:20:00 AM,06:20:00
36.9168996,0.3557084,2430,08/03/2012,06:25:00 AM,06:25:00
36.916684,0.3560215,2430,08/03/2012,06:30:00 AM,06:30:00
36.9166946,0.3560068,2430,08/03/2012,06:35:00 AM,06:35:00
36.9164401,0.3559027,2430,08/03/2012,06:40:00 AM,06:40:00
36.9163725,0.3556639,2430,08/03/2012,06:45:00 AM,06:45:00
36.9162201,0.3554146,2430,08/03/2012,06:50:00 AM,06:50:00
36.9163322,0.3551668,2430,08/03/2012,06:55:00 AM,06:55:00
36.9164924,0.3550893,2430,08/03/2012,07:00:00 AM,07:00:00
36.9164947,0.3550616,2430,08/03/2012,07:05:00 AM,07:05:00
36.9163978,0.3549791,2430,08/03/2012,07:10:00 AM,07:10:00
36.9162422,0.3548001,2430,08/03/2012,07:15:00 AM,07:15:00
36.9156251,0.3544311,2430,08/03/2012,07:20:00 AM,07:20:00
36.9154994,0.3544507,2430,08/03/2012,07:25:00 AM,07:25:00
36.9150379,0.3542484,2430,08/03/2012,07:30:00 AM,07:30:00
36.9150338,0.3542289,2430,08/03/2012,07:35:00 AM,07:35:00
36.9147777,0.3535567,2430,08/03/2012,07:40:00 AM,07:40:00
36.914308,0.3533623,2430,08/03/2012,07:45:00 AM,07:45:00
36.9139329,0.3528077,2430,08/03/2012,07:50:00 AM,07:50:00
36.9139222,0.3523962,2430,08/03/2012,07:55:00 AM,07:55:00
36.9141918,0.3520921,2430,08/03/2012,08:00:00 AM,08:00:00
36.9137853,0.3517799,2430,08/03/2012,08:05:00 AM,08:05:00
36.9137853,0.351766,2430,08/03/2012,08:10:00 AM,08:10:00
36.9137773,0.3517764,2430,08/03/2012,08:15:00 AM,08:15:00
36.9138301,0.3517486,2430,08/03/2012,08:20:00 AM,08:20:00
36.9143899,0.3516317,2430,08/03/2012,08:25:00 AM,08:25:00
36.9143687,0.351838,2430,08/03/2012,08:30:00 AM,08:30:00
36.9144436,0.3518065,2430,08/03/2012,08:35:00 AM,08:35:00
36.9144695,0.3517962,2430,08/03/2012,08:40:00 AM,08:40:00
36.9144884,0.3517979,2430,08/03/2012,08:45:00 AM,08:45:00
36.9144771,0.351796,2430,08/03/2012,08:50:00 AM,08:50:00
36.9144766,0.3517907,2430,08/03/2012,08:55:00 AM,08:55:00
36.9145716,0.3518189,2430,08/03/2012,09:00:00 AM,09:00:00
36.9146557,0.3518655,2430,08/03/2012,09:05:00 AM,09:05:00
