date,total_distance,displacement,std_lat,std_lon,cluster
2008-10-30,14.972095134401062,2.622808013500329,0.012206589927780485,0.010718221316484684,0
2008-10-31,9.106220045805934,3.906734886478983,0.009675062015307339,0.013350264723782096,0
2008-11-01,13.556777670213007,1.0892097148411013,0.010818744707415479,0.011340592067679208,0
2008-11-02,16.343459479378062,8.748202285098333,0.021661400524765298,0.02068345537345701,0
2008-11-03,18.021828216927887,12.223553448616581,0.013284037430840723,0.039604331575905365,0
2008-11-04,9.625987289664511,7.629257485753914,0.005092959889461865,0.012919569558983662,0
2008-11-05,14.394323782881717,7.925743555459853,0.017303763665587772,0.03065331623247952,0
2008-11-06,17.953664800111625,2.8669836342750936,0.013939743962812163,0.008928890598997884,0
2008-11-07,9.999331374706445,5.550423516431075,0.01292398094517087,0.010079164572807314,0
2008-11-08,16.008667824619994,14.274342650543817,0.018608264356744605,0.027710604821433674,0
2008-11-09,23.253303787089887,22.01814598805086,0.02539813476129059,0.050546271639530085,0
2008-11-10,20.04860570119745,16.67695215554508,0.03062920216638172,0.036606690067409256,0
2008-11-11,10.023665395111303,0.3419859040253793,0.004002539071839992,0.0065672920565712275,0
2008-11-12,10.290758240151678,1.774090195265244,0.0028474718603601237,0.011329156424180718,0
2008-11-13,11.527825533413099,0.42733370076167415,0.004655855225183949,0.012112348311192365,0
2008-11-14,14.651027878715944,0.3904160905775451,0.009980469895551186,0.015478082131115156,0
2008-11-15,15.774404565804142,1.3891719417807809,0.007104807923195416,0.017786204492799704,0
2008-11-16,10.71424587191616,6.027026712951365,0.008851083739682599,0.017892547363692047,0
2008-11-17,16.085828654490467,4.27270073840755,0.012266361802185589,0.01403853210046476,0
2008-11-18,18.472847904994634,4.869757057092361,0.013014247888862412,0.01633409086781835,0
2008-11-19,26.269145164862763,16.639024793178283,0.01774423519877493,0.06309556998241328,0
2008-11-20,12.606631376916479,7.4311430154540945,0.02340730798796084,0.015088321444229013,0
2008-11-21,14.76322193698024,1.286410007768863,0.01835157578113966,0.00901675497648553,0
2008-11-22,13.638387631135771,1.4559405726766783,0.012626719372460913,0.009863774785658209,0
2008-11-23,20.936674847643218,1.1016940713371608,0.02632432114912855,0.017205386079751955,0
2008-11-24,20.39357404287842,10.157205533207762,0.04000010222569146,0.017421654918334528,0
2008-11-25,13.531411226505044,6.1941247137851185,0.01729591861535635,0.014858115654585648,0
2008-11-26,18.78325319940377,12.365202302887209,0.019860754830107175,0.045257285435238014,0
2008-11-27,13.488067032484407,3.6138438498000194,0.01159869841783989,0.01238017861854723,0
2008-11-28,10.212890141784184,1.3850430474602022,0.00835034935887699,0.00927775666903406,0
2008-11-29,15.156720906514435,4.620714620987808,0.01592353655814517,0.016335282239986704,0
2008-11-30,18.539655376935738,2.184849916440751,0.00804774652312465,0.01896157821735351,0
2008-12-01,17.58034836644842,7.117767934491146,0.009914111053631722,0.023705859687183726,0
2008-12-02,23.356464029195415,15.64209638380039,0.020777433248312587,0.04508485111806447,0
2008-12-03,32.97758384389275,28.094023652183285,0.008727713301478226,0.09301818421196466,0
2008-12-04,14.801840968539688,0.7390701551702532,0.00586213112222586,0.01664117699007707,0
2008-12-05,27.396531716402215,9.11738758773282,0.027525314857817482,0.027205110972278075,0
2008-12-06,19.693253372192462,15.487148169874299,0.019109932325746527,0.04389379892738803,0
2008-12-07,10.757133565332554,4.36760793163874,0.007968302361384518,0.014793837672833359,1
2008-12-08,12.299690975439216,1.872073037814281,0.008129118684587919,0.010404550599600075,1
2008-12-09,7.742345656988664,4.07314974723303,0.010318794984595668,0.012461473806109806,1
2008-12-10,11.095331020622286,1.3211082605404303,0.007084521898595212,0.006570727494150073,1
2008-12-11,13.66334877140145,4.7440614642581975,0.014971649277570399,0.020154641065116947,1
2008-12-12,13.549243330295415,1.7784322955549674,0.008271076736612027,0.014361660184131956,1
2008-12-13,25.352550230983983,1.7454621400335348,0.02467035101690366,0.01898584670869787,1
2008-12-14,6.752228276332682,3.240839711323006,0.0020243509995941295,0.009534935948306567,1
2008-12-15,15.62507494367936,9.214819105799299,0.0388523636482734,0.005709182036071219,1
2008-12-16,12.10090015397849,3.117411861178017,0.010693865706888697,0.01658220815727198,1
2008-12-17,8.012162738165161,1.2880106397415623,0.00498631354651632,0.007089349972462184,1
2008-12-18,12.177491458395309,0.39745165722093456,0.006507206675317964,0.013601214185808114,1
2008-12-19,27.235541728389684,22.810471275817147,0.005956205389288819,0.07069572281212548,1
2008-12-20,7.031660418602141,6.2069843313771536,0.013555607699719911,0.015153369272914318,1
2008-12-21,8.850405808129455,6.725974449544272,0.018661051642401925,0.010475818414090626,1
2008-12-22,6.9614840843087755,2.606260208436032,0.009120097044216418,0.004947859960464911,1
2008-12-23,9.390653143397074,0.9783649210396355,0.009281606705442206,0.004352607576924285,1
2008-12-24,7.849473711992242,0.860341093379295,0.006207604678872321,0.004531731543692529,1
2008-12-25,15.238942543323365,0.22403932284675496,0.010488561814254605,0.016446126188064368,1
2008-12-26,15.165437399171626,0.1512142024633701,0.008870063595058817,0.0056066696173469825,1
2008-12-27,10.14668539055676,0.3779050106527215,0.00563565825659018,0.0044164069071992934,1
2008-12-28,16.04256463353164,4.57973435706084,0.011208157289783588,0.016901108846327787,1
2008-12-29,8.4419014293323,5.012425709297375,0.00924791935320109,0.01615943329135796,1
2008-12-30,17.02762349313925,7.780526885437048,0.01679228641489364,0.03256266791721939,1
2008-12-31,10.52042936625108,0.2811000731969422,0.003550947022947637,0.006342550203792978,1
2009-01-01,16.42381514834127,6.302609504114089,0.013526808134722318,0.018142291427792053,1
2009-01-02,11.005047765248078,1.7746856247432898,0.007160553690662942,0.010551938425194059,1
2009-01-03,8.3002218410629,1.7843497027052855,0.006017040917836754,0.005108215789131845,1
2009-01-04,12.700024558459106,1.5557887798430048,0.008033711613981259,0.012854865537180427,1
2009-01-05,15.390144650303466,9.04690038661583,0.0038790935064880972,0.03242436466418682,1
2009-01-06,10.883235232182113,4.1505167842940125,0.00473398907011543,0.011804389894602247,1
2009-01-07,15.67505219493643,11.385729678669296,0.028333462100172575,0.019215597163160816,2
2009-01-08,26.94647934814807,19.270125947567852,0.04525880301998085,0.03806967572663348,2
2009-01-09,16.13628120936786,6.391657218211811,0.010933337868973656,0.023431982957935384,2
2009-01-10,17.05192929683718,10.253003566355597,0.02256606803555865,0.030011875588320736,2
2009-01-11,22.65441916666946,10.482363571002516,0.04204529202213468,0.023554390274398408,2
2009-01-12,9.198817921128484,2.209275188900128,0.00525865400695884,0.005516184757078322,2
2009-01-13,13.345085414426,1.4616655113270358,0.018162577864794558,0.009070823319707691,2
2009-01-14,15.307498316559599,0.9792783787221384,0.017070446107440657,0.007527155560999891,2
2009-01-15,16.18953629188473,2.5006120820636397,0.01781603626968514,0.008658243892578757,2
2009-01-16,14.947515871190399,2.405787605710135,0.013697784885893138,0.010062770592091267,2
2009-01-17,12.978026050814208,1.39316810239089,0.015604517396614673,0.008346963116817502,2
2009-01-18,19.261753788179384,6.10933928141446,0.014681840179052481,0.025800094573794903,2
2009-01-19,7.67291054488271,3.590831569030536,0.007984137173671252,0.008703057055167662,2
2009-01-20,15.30504483319799,6.84640152887129,0.017664744995779608,0.02366058102562675,2
2009-01-21,17.711745759566792,13.819561625729847,0.045543996766051906,0.019995286077492423,2
2009-01-22,8.568507769038062,2.5267300320178956,0.010331471049584184,0.003385311414289327,2
2009-01-23,5.41362467740288,2.3069411589649786,0.004779611272780077,0.003874139101869742,2
2009-01-24,8.302022231804251,1.8015362294996804,0.003923987847292921,0.0074192914969769316,2
2009-01-25,12.539837172330584,7.778359192785736,0.0274523439032658,0.00809133276063447,2
2009-01-26,12.618445733311434,2.5843031720279526,0.01196577661883559,0.014099331467392666,2
2009-01-27,14.254371588633925,7.356757603175225,0.0051612739999904655,0.029852348164504373,2
2009-01-28,9.509218334127096,1.6553593873682482,0.006038584851957048,0.006493588392368776,2
2009-01-29,10.190413890993145,3.9508885372386584,0.014070864600339149,0.014449242845409048,2
2009-01-30,11.19092925065536,5.273590917869075,0.01592660139907438,0.008848139665413882,2
2009-01-31,8.973772576949997,5.0057374536808315,0.016817821675741612,0.005868398472231571,2
2009-02-01,11.666467538878777,4.423560961664666,0.017221167082442593,0.007992345306104582,2
2009-02-02,21.52620460786853,8.399949540398328,0.028242798205008603,0.023714928508742225,2
2009-02-03,23.540857378397444,15.69234329276128,0.038127055953725945,0.04341843574048777,2
2009-02-04,15.942929908079082,4.565111872403523,0.015589207604814243,0.015694216301140047,2
2009-02-05,17.219245210004633,4.938551417779133,0.010814888003771823,0.023784905318769745,2
2009-02-06,10.315440514680164,0.6453106285714814,0.006438909364459352,0.006517291855691027,2
2009-02-07,13.976018239017383,2.06107758773751,0.015491656955207529,0.00846616391321731,2
2009-02-08,22.054548272250827,6.874136948689775,0.016749047436095888,0.020784767790917587,3
2009-02-09,23.456785733091674,12.220173198604147,0.02050905633662051,0.03172853051152489,3
2009-02-10,15.605923186321473,4.507559069969396,0.0055848102998384665,0.02645089045591995,3
2009-02-11,13.47181545838995,4.16151589788608,0.00582464889691489,0.015051912678176462,3
2009-02-12,16.381015118173103,1.387082658907305,0.006900214892171903,0.01606468903260429,3
2009-02-13,13.16880207665202,2.4157863697572544,0.007622471984020934,0.01208940867703813,3
2009-02-14,7.955832362015165,2.326998893026604,0.004821934087001788,0.012085969896521043,3
2009-02-15,11.108220231360665,3.1603946589828564,0.010424703093082468,0.008423685331242117,3
2009-02-16,13.54611701522836,7.488156529632712,0.012505152960962808,0.026417398955394553,3
2009-02-17,8.784858333329927,5.272614471780286,0.0027611801976888386,0.019640741966558364,3
2009-02-18,16.669154614678803,5.378347085771166,0.01745401892137529,0.013384424920800763,3
2009-02-19,22.72451065167107,15.12078647842242,0.0157299560804482,0.05692465018015553,3
2009-02-20,14.746535626889138,6.3407647246812715,0.015309079419642045,0.023523281733264196,3
2009-02-21,11.371260435623581,7.087210665164463,0.02056071691074658,0.006825200906267494,3
2009-02-22,11.597558144715943,7.91583781620134,0.025122540724576526,0.015751255976573727,3
2009-02-23,11.344020111920527,7.219172436089686,0.02086298869609478,0.017725340263651444,3
2009-02-24,7.7967440906723215,2.3468631623768217,0.005728883215188835,0.009307087126032006,3
2009-02-25,17.40287670822342,12.034112133741955,0.02820441031397355,0.03340855637007292,3
2009-02-26,11.274972433629129,2.668985803765367,0.015579702957350111,0.004938807709586394,3
2009-02-27,14.673730521543751,7.004382240540021,0.006733369907953141,0.03081693957737096,3
2009-02-28,16.897530014871112,1.3867345465629222,0.008963419922684828,0.019215506244836755,3
2009-03-01,18.15030359632697,11.394367419502254,0.014282573862736526,0.04281856664855244,3
2009-03-02,15.2912927974351,1.1410898331857242,0.018256445363637113,0.01002871701050064,3
2009-03-03,22.223889703345826,3.381070407410467,0.01939967613776254,0.010667561512614051,3
2009-03-04,17.045007812000136,6.235133556349441,0.007454849066343018,0.024733549784411633,3
2009-03-05,15.358625712629635,9.036151060893916,0.00996232724403803,0.03283853470405922,3
2009-03-06,16.941403139529204,5.00136414594631,0.01793556060554907,0.02132373722944678,3
2009-03-07,17.64117633561434,4.536763063125703,0.012248636669678679,0.024379067139208874,3
2009-03-08,14.36896199534633,8.892083393600723,0.021878619437138955,0.025118154426082,3
2009-03-09,19.079455123510908,9.248469624591218,0.015200955284689895,0.038607757668547,3
2009-03-10,18.064454298982348,11.211968661150957,0.021205502805390585,0.03232931343553294,3
2009-03-11,15.679485065815129,6.122656030584995,0.012806323171002065,0.021489231938387986,3
2009-03-12,14.202719779845939,1.7893511789611067,0.012447590368443477,0.01630640063026184,4
2009-03-13,11.136165461442843,0.792658537743949,0.008686246671774993,0.008454535579479009,4
2009-03-14,14.215061685714291,0.5230996395795665,0.014213884189245494,0.010362231715313726,4
2009-03-15,16.581173033868314,4.5953408810013245,0.01672653786330856,0.020426341552080167,4
2009-03-16,10.50762092683154,2.351627484811829,0.01314651644723597,0.007967717538262427,4
2009-03-17,11.983869428795757,2.3501727939683934,0.011190140752554659,0.007529977928043397,4
2009-03-18,15.168008800233348,5.508389551459338,0.00873442564383466,0.02919241547984851,4
2009-03-19,12.579352643637245,5.814236472746092,0.00739456096623183,0.02285213423228481,4
2009-03-20,13.406513559616963,3.3104471442224868,0.0179805284463251,0.006713296014396248,4
2009-03-21,10.963906924112758,1.7546431857956177,0.011418303532451195,0.007858364848996382,4
2009-03-22,14.868402864572433,2.071078017426462,0.019649816417236215,0.008195496356241505,4
2009-03-23,17.152985034696236,1.7727796037521248,0.02084389574184265,0.01377614183323215,4
2009-03-24,18.04641458341265,1.7452442868561322,0.024206090277235474,0.008349427903100426,4
2009-03-25,15.06691187434281,2.522919009649313,0.011988497961028683,0.015637437201493597,4
2009-03-26,17.83256137597484,2.9771417112417686,0.017416073875715123,0.021762914323896692,4
2009-03-27,16.686566881764374,3.5176441221056582,0.020671805105277455,0.01657202040188107,4
2009-03-28,13.515086257527852,3.3827810054172667,0.006831346441831648,0.014104447617193636,4
2009-03-29,15.15573317395082,3.927861089260274,0.020476193347766007,0.014208132294310899,4
2009-03-30,15.643065826050725,3.7571641116028784,0.019711125275030716,0.015165962264682071,4
2009-03-31,18.879857733372923,2.6041594902150433,0.01976715801078261,0.01842514213043198,4
2009-04-01,16.817696253792242,3.7998385542483586,0.019627067427222845,0.015964505296171282,4
2009-04-02,14.682292483480305,5.116712659426532,0.021144100318566603,0.009310293626497356,4
2009-04-03,14.209224101292694,2.708281779910046,0.016659136922030356,0.012863636660308861,4
2009-04-04,10.80882157513833,3.6944721564170884,0.008310625541035795,0.011484326328061624,4
2009-04-05,19.096672236414253,12.426859594284695,0.04201835473829064,0.01192131824850927,4
2009-04-06,11.104614717973844,5.329487187201641,0.009680396958214387,0.01473433108047547,4
2009-04-07,15.070788414152291,9.224696560858995,0.019152340908256207,0.022124318807028878,4
2009-04-08,19.570789869594,6.745151510684466,0.02168017180680643,0.03258530880773622,4
2009-04-09,11.893870539745956,1.733107634219178,0.012833982288998881,0.007842365505768995,4
2009-04-10,14.840488704774188,3.99277987362587,0.010807803121881851,0.02098880394289919,4
2009-04-11,19.07195251114228,11.246113519819719,0.030676292128808624,0.027947669854120994,4
2009-04-12,23.560378404590338,2.665577510428332,0.025594737114892647,0.019312407685534768,4
2009-04-13,17.236137460531342,0.2560875206554545,0.017305893592621052,0.009420527425244933,4
2009-04-14,15.077778024230547,5.6932068884428775,0.018230811918863898,0.012831084168989306,4
2009-04-15,14.725101745730749,3.864964594160118,0.016904835038178436,0.012769664183212643,4
2009-04-16,16.7912110211028,1.069302320356867,0.014071449626256323,0.013424538893497744,4
2009-04-17,18.386135474157637,2.2524095001850606,0.017558752372976588,0.020017547274736723,4
2009-04-18,18.391438605760495,4.43886475415944,0.019054811427356773,0.018598357095685383,4
2009-04-19,17.67303120488267,3.07698440919897,0.011914215641583816,0.02454908639398998,4
2009-04-20,11.380232105798585,0.8191198626383398,0.010281592091195512,0.01363320620874474,4
2009-04-21,17.58021510634895,3.9440732657833992,0.01649003650308999,0.019476526466145283,4
2009-04-22,13.53000877477356,3.168815444290144,0.011968175329683386,0.011471499220468426,4
2009-04-23,14.778167166185469,2.0477040197289775,0.015536234112081675,0.014401854524318506,4
2009-04-24,16.41901470154593,5.948872580259762,0.017345219309456122,0.025010450529365107,4
2009-04-25,20.644639674157986,5.759456759921611,0.024413138178368883,0.022862599914956594,4
2009-04-26,16.05599064612626,3.3758242291591243,0.01804348735131712,0.01914024958653771,4
2009-04-27,13.084310882958562,5.510242625838491,0.010714166999392712,0.023330057399205583,4
2009-04-28,18.03421262018865,4.961092468740519,0.012796670184483406,0.023377623204154506,4
2009-04-29,16.556050577585005,3.835083888713182,0.013394954279753507,0.01363212609058679,4
2009-04-30,28.40386167203604,26.678175413700796,0.050349892249873324,0.06716969101954841,5
2009-05-01,16.802729077084084,15.067814425549708,0.011667800836655383,0.04397990688651117,5
2009-05-02,18.678820589247188,16.96350284036775,0.02067681074321858,0.04776231362722838,5
2009-05-03,18.06126957019617,11.059259768321684,0.025403332987293924,0.030833414895165383,5
2009-05-04,27.86022978748345,22.043413643152803,0.050480341385026224,0.0549242529593375,5
2009-05-05,19.1976861913102,5.012751421491275,0.011946555231626398,0.024563739314041,5
2009-05-06,22.710486042569837,9.644441125659847,0.025411428995910645,0.03615041218012447,5
2009-05-07,18.425062053247093,5.6331049080805835,0.00497931077532805,0.016032005880334512,5
2009-05-08,15.941239734759403,3.5955912641809085,0.008919508935272276,0.02250695116373938,5
2009-05-09,14.147406529056568,1.2227153532549937,0.004947365799455826,0.015094898287885673,5
2009-05-10,12.616784591623517,4.239218581661188,0.010564818827398384,0.016402437047740824,5
2009-05-11,19.7518688514391,4.668714540082216,0.023245430714522203,0.01957933793718494,5
2009-05-12,14.75413928361203,4.479169224413837,0.0058022147609007825,0.013772053577779492,5
2009-05-13,14.771912618417721,4.49084205634246,0.013297458083205085,0.019588319309578984,5
2009-05-14,19.100381159137367,5.472281163691085,0.025670541673125404,0.018108218189620422,5
2009-05-15,12.029650422066895,3.9259334059857873,0.012935329601113672,0.0115929580678341,5
2009-05-16,11.734446840516302,5.249316854636869,0.016563721392211184,0.011937899565676764,5
2009-05-17,13.63812099700789,6.711590119371765,0.023861378603949022,0.017388204834865913,5
2009-05-18,10.291534968114169,1.686754604983966,0.012571207148343928,0.003994928269226499,5
2009-05-19,28.16048242331127,21.92455514044299,0.04009194288839154,0.05711999376279796,5
2009-05-20,11.270751239142225,2.2945308808924643,0.01066942392187876,0.004483518230576598,5
2009-05-21,13.922005606225717,4.049911646759217,0.00824952533147891,0.010421745667273047,5
2009-05-22,11.7417977816828,4.9418064737173495,0.014285999116241377,0.011315617703782947,5
2009-05-23,12.450838171898736,0.5266592710728061,0.006159267589866862,0.009671818886080534,5
2009-05-24,7.29330953059641,1.6347500833667539,0.007466498873156329,0.004759965520969278,5
2009-05-25,13.666663919372848,6.26620708282703,0.02062821335707278,0.016896175911311248,5
2009-05-26,11.389812414076651,7.278100048223416,0.026174964578271686,0.006408022562217434,5
2009-05-27,8.330878595575712,4.905636802655975,0.015627422489090978,0.00846081419140285,5
2009-05-28,11.959016929546777,5.653018315735745,0.017011662372453856,0.013694932263427575,5
2009-05-29,7.898174785368652,3.028128329740035,0.011391110835112465,0.007221954873577406,5
2009-05-30,11.958939992484122,4.617842507235141,0.006066308373438326,0.02240319640236699,5
2009-05-31,8.976188985438805,4.601961540126112,0.012064621096354766,0.012336201083493226,5
2009-06-01,7.524831659836363,3.709674603108981,0.015885636911115327,0.0032481474544651273,5
2009-06-02,11.4216960471054,8.279098291465928,0.0176559839044324,0.020123004938943506,5
2009-06-03,14.050126556560285,8.86554026727632,0.009610169239942987,0.02752097428377227,5
2009-06-04,11.148595200175247,6.963116811233006,0.025294824432236077,0.008248952382452265,5
2009-06-05,12.528152474618615,0.6827459440142287,0.015957945663788317,0.008200365025693147,5
2009-06-06,14.570615023370058,7.470980682306707,0.024103095993870928,0.0245381354959653,5
2009-06-07,15.130285909258518,9.797567776817463,0.00625293167843149,0.03991960308967894,5
2009-06-08,16.826983098725343,14.685471846744685,0.02942766133541382,0.039512665518735654,5
2009-06-09,9.49129809478371,7.751453511434262,0.015416967969273637,0.020678484211042365,5
2009-06-10,13.516442808230488,6.200927567108948,0.013159491013090444,0.025525276938081078,5
2009-06-11,8.700090727094125,2.72850863802934,0.011856755397374167,0.00914505530282447,5
2009-06-12,7.858989689524953,1.8894694791050186,0.008640392656307476,0.0059884835559429195,5
2009-06-13,14.682701499520654,10.68732503256388,0.03670642641533094,0.011838088470807044,5
2009-06-14,15.263244359810393,3.9624492286597,0.007364639530608605,0.015540904450876651,5
2009-06-15,15.779477637616635,7.209636714780563,0.02163254675607835,0.015983518813158227,5
2009-06-16,11.411145282671724,4.844198654545952,0.012313121620915852,0.020104748269607103,5
2009-06-17,21.709134345950794,14.531042285464741,0.01493734570191208,0.049396486530076306,5
2009-06-18,18.729773216093605,16.446645854158763,0.024677100282940758,0.044523592423840186,5
2009-06-19,7.735479710458331,7.105260373590269,0.017511952661085448,0.012618548728690306,5
2009-06-20,26.43740102813801,16.964798756687134,0.03299073256915734,0.055411570539567294,5
2009-06-21,25.013103301610556,12.30154564412701,0.011660707013711578,0.05569494880636916,5
2009-06-22,18.20254897848805,3.2234349688265502,0.010802430870355829,0.023176793920349607,5
2009-06-23,16.79001051453324,4.424184494060554,0.01859563767897228,0.010631614571660885,5
2009-06-24,10.848230525730656,6.067242094764456,0.011557775244276074,0.018399924519128003,6
2009-06-25,14.255632371605449,6.200212629527209,0.011789792485873316,0.026986419248339142,6
2009-06-26,11.690720817361846,4.0275307300069585,0.01221049754633421,0.012575614625978766,6
2009-06-27,11.117960310384392,2.509226182465788,0.009805627564082275,0.010079426691967937,6
2009-06-28,14.082857542559678,0.43918727435734095,0.013604707838718337,0.012245572345819555,6
2009-06-29,11.426339019081226,3.142964708742988,0.011826963549951329,0.009159919133129808,6
2009-06-30,12.839885223129365,1.1711937844797495,0.01066515304446462,0.010640599540403542,6
2009-07-01,11.209104805123182,6.782750231642595,0.007212024448532734,0.019872075711906,6
2009-07-02,11.005168098388657,3.9799746923042405,0.010816062566521241,0.016747173024332894,6
2009-07-03,7.985034449216859,4.31674161236657,0.00550057687017243,0.009909078190839792,6
2009-07-04,10.580351322955197,5.377238671269475,0.008678686316350132,0.02154201422653834,6
2009-07-05,15.899170326400196,4.0123874488517846,0.01641556362858581,0.010049005088294687,6
2009-07-06,10.98282014794152,4.830307097137252,0.011750539237944497,0.01375508072754744,6
2009-07-07,14.14991495368977,2.916078868125075,0.01824890273460379,0.0074912723264096304,6
2009-07-08,9.436378870766902,7.182005912585851,0.003792809499568432,0.012440138206866302,6
2009-07-09,18.300320024665467,11.563129148406214,0.025698344354737997,0.03457554381998672,6
2009-07-10,19.48921261351968,12.428219379239614,0.018454773049039554,0.040500581534517105,6
2009-07-11,19.417797024151458,14.553635577119751,0.025921292318177573,0.029862264815343972,6
2009-07-12,10.033834788298524,8.746349863911627,0.001999556703800816,0.025829709828902758,6
2009-07-13,13.402216824713369,7.178730740552901,0.009661622404219711,0.0253011984013508,6
2009-07-14,12.165458994584036,1.9303775157847072,0.012764945787763441,0.011585478499183344,6
2009-07-15,6.252481037626703,4.3356869810488865,0.009843062995285614,0.002491163633381685,6
2009-07-16,13.045898930184377,5.3619649182143405,0.022608493201307374,0.007950574439740812,6
2009-07-17,10.273396138676523,4.083887606297469,0.01058615449756872,0.015314554624449469,6
2009-07-18,13.80287975875281,7.420926744896712,0.023428465427949418,0.012491520846063808,6
2009-07-19,10.805657733912907,7.477487082129863,0.014474727969955437,0.022676660154093285,6
2009-07-20,10.141295861826881,5.810752996801634,0.010461061667084626,0.022456905915127418,6
2009-07-21,10.89044351772668,5.0478360521110135,0.011421506705594045,0.01751215134949083,6
2009-07-22,8.825856056374382,5.2746442578734944,0.009110188011763463,0.01745690527257981,6
2009-07-23,15.79890685015211,8.796871173435555,0.017017456823245063,0.02502298943278692,6
2009-07-24,5.531599238875973,2.5881416259696315,0.0038726825285365384,0.0071845228234083715,7
2009-07-25,14.722576087979192,6.120838744046852,0.013875153525995361,0.02955514242730924,7
2009-07-26,10.847002413574415,4.511627061396542,0.008407754340903748,0.014049475158799809,7
2009-07-27,9.788376737878325,5.085692692312223,0.012014072264201611,0.015217642480928543,7
2009-07-28,13.103675817875391,1.5931724264532696,0.014100942086400326,0.0069522116119488395,7
2009-07-29,11.40342897057007,2.552769613241401,0.01232609090749269,0.009479434822244347,7
2009-07-30,12.749967620070263,8.928205582574755,0.005833439814219578,0.022419959302618843,7
2009-07-31,16.820349789180476,4.29311253872331,0.00998975120823825,0.027206921881737057,7
2009-08-01,6.737752893987846,2.633838069647861,0.0051577543669142556,0.004888099305792903,7
2009-08-02,14.289052597730024,11.333483862417731,0.019895417109452723,0.03090830831121594,7
2009-08-03,12.851310515044972,5.50442318931901,0.006310126707701054,0.014973616547167664,7
2009-08-04,6.747007095070389,5.060005002186341,0.005675980800067377,0.011957397440105504,7
2009-08-05,16.147900256919787,9.307733518439036,0.026190176245981207,0.020377368923877058,7
2009-08-06,6.740961531775737,3.076292493470969,0.0066802159045032125,0.011890638672657949,7
2009-08-07,16.060019831343737,0.8671273105998784,0.0045308025889288514,0.02209487527207658,7
2009-08-08,14.743408100775905,9.427769481360995,0.006169311111787189,0.03193628273268329,7
2009-08-09,13.874629229896255,10.132512824376152,0.012023942881496812,0.019619080682955856,7
2009-08-10,12.951675740059462,10.173608329446509,0.010091819183981618,0.03074803752788529,7
2009-08-11,11.666981293936502,5.453346751707638,0.01736572301956522,0.009563635374733306,7
2009-08-12,6.8678776308261416,5.463676000524377,0.008643351891163468,0.011043282732821822,7
2009-08-13,14.155546038226564,4.576622432831914,0.019574964290373236,0.014048049423411816,7
2009-08-14,14.326785180008729,5.542117466514022,0.01702674798452405,0.019897907860221883,7
2009-08-15,9.280029584514766,4.251195700255373,0.0110274737355205,0.010576399488262347,7
2009-08-16,10.666211315969743,3.86053144383154,0.006168108218840152,0.019788841521915956,7
2009-08-17,7.750522159754649,5.982681949964826,0.009822314229427923,0.015811534033618912,7
2009-08-18,14.347576750758892,3.4908749421097562,0.005226307821005385,0.022231200963328257,7
2009-08-19,7.560979609366818,1.7948616827998074,0.006906605398154481,0.007226551527395237,7
2009-08-20,16.091523056530143,3.446986117365547,0.00997918056567773,0.014723741657192762,7
2009-08-21,13.371976085551987,3.8933494626042293,0.015446525547073459,0.022214442831933343,7
2009-08-22,6.631418543165802,5.452970749931117,0.012843978503616132,0.00941038740049166,7
2009-08-23,13.301788786535974,5.961151586884651,0.02067372739507888,0.019878856449467127,7
2009-08-24,4.975713595835722,3.1597588059610398,0.0027234835579873027,0.009531261714631563,7
2009-08-25,12.189875756534132,5.986706186996048,0.00551146449383142,0.030253520484277412,7
2009-08-26,8.609301124295785,7.704318910745285,0.013209175945544223,0.010276914847239452,7
2009-08-27,13.639637868321106,7.830997174801242,0.022847693186078308,0.01700973656648445,7
2009-08-28,9.70034487486713,6.589588412166836,0.005382298142785632,0.018997004974059463,7
2009-08-29,23.302263659878626,2.966137524213019,0.010803918847963044,0.02587252300188042,7
2009-08-30,14.280543374502779,9.571216077378057,0.02039575641827508,0.02789060944238614,7
2009-08-31,9.969177962576447,4.422576493968948,0.00898728462152184,0.009845802062046643,7
2009-09-01,10.627245997873267,2.654371607730479,0.00933377775298477,0.01360164345294923,7
2009-09-02,7.557358223905153,4.262769152600142,0.0033346325901751593,0.00796607297856785,7
2009-09-03,16.497484152060583,3.664690214752975,0.008105568901416454,0.02160467017843389,7
2009-09-04,9.021534858240392,6.129250257824606,0.011166314450789493,0.01249061078902832,7
2009-09-05,12.491865678920028,8.656380152104687,0.008029088082743501,0.018092554540979716,8
2009-09-06,17.906113398803083,12.159196756119288,0.0209466182623848,0.03323980665104303,8
2009-09-07,17.14168926996375,3.7596157492091886,0.014915349579573365,0.011029572054702425,8
2009-09-08,9.30328039434318,4.904999518354673,0.006630071859557168,0.01187104110768425,8
2009-09-09,18.644259928363038,10.021985910246784,0.020070279677977768,0.03597729827312011,8
2009-09-10,11.660036000051827,6.982385584408035,0.01707038992446447,0.013680616827887364,8
2009-09-11,8.352733655232479,2.1679941582140225,0.0030154750161335304,0.007046360576876504,8
2009-09-12,13.982141563273066,8.237530964684431,0.020132244233183386,0.026470035568664438,8
2009-09-13,16.24844985369441,3.769888808321362,0.021304017031585035,0.009909328157701862,8
2009-09-14,6.564841427778436,4.387656557378929,0.015196976031543281,0.007825591949670953,8
2009-09-15,17.57278446521875,13.92983050150653,0.029555313209069574,0.03707827343887886,8
2009-09-16,13.850030341310326,6.614307634436841,0.013874219869991752,0.0164616917282718,8
2009-09-17,9.22409183030671,6.781257845222164,0.011363825165968197,0.012087953779395174,8
2009-09-18,16.57403609891142,2.983999676508559,0.016726135082768556,0.01859318488642706,8
2009-09-19,7.857060291494288,4.24728981366916,0.003963850646911295,0.017167348646336095,8
2009-09-20,12.482390867326915,10.721627973630916,0.0128035529211019,0.030690532837763327,8
2009-09-21,9.489087892365983,0.8753091308772726,0.002383959137493208,0.015464650964640888,8
2009-09-22,10.528745059932941,1.4527841946005164,0.005648962220433747,0.01281797835250297,8
2009-09-23,13.256412637009397,6.5984055349154795,0.007985913228119373,0.020784697777086233,8
2009-09-24,6.817580747640773,5.644282590841714,0.008528174200268926,0.01577807838099711,8
2009-09-25,20.82054768020965,4.581578879804069,0.014116784909925824,0.0214680272100402,8
2009-09-26,15.528882828250417,8.651023799036741,0.01843662763949691,0.01586173344992179,8
2009-09-27,11.30518923039705,6.534994155490948,0.014470916555381233,0.009131147930055466,8
2009-09-28,14.170283449337056,3.6877566469328515,0.017435518948984794,0.01057831002113118,8
2009-09-29,6.684791729214481,4.584499654824974,0.0032013892821522345,0.013283688020991783,8
2009-09-30,14.605049519248508,8.466175034005186,0.010023627942682677,0.03471796124541959,8
2009-10-01,11.708223546157154,7.5118702971427656,0.008797092015547434,0.012682272751410116,8
2009-10-02,18.887219152716007,10.22745157207938,0.015260691195777623,0.03532674813571656,8
2009-10-03,24.747687839181093,22.27712122657098,0.04560621593679869,0.030968552501707047,8
2009-10-04,12.852300402787545,1.288225974175208,0.005611096539918695,0.013984030926975139,8
2009-10-05,7.158428265256032,6.0796890808207085,0.004164415481655979,0.018960586054266284,8
2009-10-06,13.849751883036,8.06084641543698,0.008663335403593004,0.03677203862450206,8
2009-10-07,7.478390505906101,4.687988728615074,0.006473575432210164,0.01520482501780287,8
2009-10-08,9.524857147627293,0.3468226629698171,0.004813709167589011,0.008627798654268702,8
2009-10-09,7.083025257545975,1.4766614732209473,0.004440474525721489,0.009912718861737385,8
2009-10-10,7.076910157887277,0.9080795231706186,0.0031325498569608062,0.009398675413807862,8
2009-10-11,10.081541259117548,1.5436544167680524,0.00909110547711497,0.00961256940987327,8
2009-10-12,18.743275719387686,7.385721361254771,0.018482876297099105,0.01443873540311252,9
2009-10-13,24.20636869646288,14.13711168192686,0.04023237154739494,0.02521605643984582,9
2009-10-14,21.374634566816297,19.697916774315757,0.017620445108737642,0.05280656687695885,9
2009-10-15,12.701352365222048,5.737230943381548,0.020661040312617625,0.008349312108568827,9
2009-10-16,17.45358866193734,13.146651997391741,0.0319551423664206,0.013685039159576973,9
2009-10-17,26.358904216348936,17.657678735821126,0.010878456880946689,0.05508936888010367,9
2009-10-18,30.44748846332705,21.18353887300196,0.04598135442541506,0.05882939776404466,9
2009-10-19,17.468326181310875,2.6394962013731034,0.019697161984746483,0.011277751870106142,9
2009-10-20,14.861820507686732,3.0123166416534337,0.010831979352002767,0.004712764416836896,9
2009-10-21,15.458467644832426,9.299584356805779,0.02086658596084213,0.009339030108958797,9
2009-10-22,19.781473569794805,8.91533196541824,0.03874036118054337,0.013209612717126968,9
2009-10-23,10.922172904514593,2.8731999318565666,0.013397503474852463,0.006039286363198425,9
2009-10-24,24.652622366052817,5.22372311976837,0.01803729135764947,0.028080616956351428,9
2009-10-25,7.419942850473921,3.2087821805294934,0.007262349580076548,0.005620078444710584,9
2009-10-26,26.12541557903684,3.00713676089002,0.01691558272936068,0.025614273880217815,9
2009-10-27,8.450065134910652,1.0460330731167042,0.004023231117333317,0.00461854877040634,9
2009-10-28,25.56324863929244,1.7312505295358236,0.014876513275753754,0.025331716825445202,9
2009-10-29,8.615448267327386,3.0779135489365177,0.006705040758340003,0.0044909678241687664,9
2009-10-30,19.123733695562652,11.71364603558367,0.018798114520705955,0.021288890151186606,9
2009-10-31,19.013186126061825,10.152400397939756,0.009977440942100674,0.01776888546398909,9
2009-11-01,19.266260225802867,0.8480743435551755,0.02499840448099202,0.009426516070167803,9
2009-11-02,12.409113864601274,4.605707100167168,0.02012804877923436,0.01044846352061912,9
2009-11-03,17.691746998819806,2.9950354839063635,0.01604349650960652,0.016404730604338127,9
2009-11-04,26.86939432279023,3.826369484605323,0.019972682720528087,0.023109026676642927,9
2009-11-05,33.31520662446063,8.145122793839581,0.024341482061057476,0.026680035113786773,9
2009-11-06,42.89215134369653,27.32887005577515,0.055559034925619484,0.048917105837250945,9
2009-11-07,22.766963090899583,7.078374487099404,0.018788153107392607,0.03148979984368151,9
2009-11-08,19.692439713089332,2.938659234767211,0.008639421319681798,0.027372594279025306,9
2009-11-09,9.877869949512373,7.774999743349851,0.002433576813388986,0.023225711080513817,9
2009-11-10,27.116826232440562,15.311903299383694,0.016321411288435343,0.0440962843459893,9
2009-11-11,17.985384850739614,14.891446117648707,0.006111132506642226,0.03466779808110219,9
2009-11-12,17.397627023015634,0.7177514377526133,0.027912754394795153,0.01010694963352238,9
2009-11-13,13.754679779409688,6.865662753522199,0.011923009113802806,0.011401524964253808,9
2009-11-14,26.066004913405024,8.856493230084197,0.0178077128021893,0.03588037538052158,9
2009-11-15,13.825448350730891,8.763042349703392,0.0174641922513712,0.016198255886549967,9
2009-11-16,11.838871229854627,10.272201922663307,0.022026638223429686,0.019542255412081082,9
2009-11-17,22.27961847448369,17.896644097874056,0.04900740358081458,0.02886233876702289,9
2009-11-18,22.035093975617674,5.21912358895259,0.01804181431814267,0.02418997815894458,9
2009-11-19,21.39485062056278,3.6647638848009563,0.019865739894890277,0.014764633677584309,10
2009-11-20,15.585282684367156,1.3242554989565773,0.01782551662861679,0.004664815307839582,10
2009-11-21,21.174498331428026,8.392759592962172,0.019212529013218387,0.023696749513340575,10
2009-11-22,17.510367252081537,6.469337106721121,0.014722181496170123,0.018343566462032758,10
2009-11-23,11.871627333067302,5.3764857176339,0.018201120025969256,0.011577123220094635,10
2009-11-24,10.175552314436366,2.6144955033358954,0.006681113578630153,0.008605844910188119,10
2009-11-25,13.955765045351605,6.382114994346614,0.02019219718312349,0.011111009440788107,10
2009-11-26,11.754408641935532,2.795470719001917,0.011963921989163035,0.007628351935539257,10
2009-11-27,18.81315927414371,7.235490617988531,0.032932302461197153,0.010907862167896161,10
2009-11-28,12.326843651003356,4.794675858793016,0.012305661619764577,0.00956478995952479,10
2009-11-29,17.557794366552123,13.984029302367757,0.02390800566228786,0.033817490184257226,10
2009-11-30,27.191958750543673,19.0331146097627,0.043306279612987934,0.03700721992651048,10
2009-12-01,15.09456727993049,1.2297817098357824,0.006043934639179298,0.0073453390740298,10
2009-12-02,11.758279720323465,1.1850972740970143,0.004307118006203648,0.005924540369981182,10
2009-12-03,14.697082917358255,3.000989341635489,0.005710475752203958,0.009406598826297052,10
2009-12-04,28.214053276750953,9.087045357393727,0.03874465103104601,0.02081502242099145,10
2009-12-05,11.67074141512536,3.9247003704184835,0.017357936010796847,0.012157490231541614,10
2009-12-06,15.219314198611068,5.4985495461369505,0.007334561489827995,0.019273331087493087,10
2009-12-07,19.309831495050684,11.051334152972089,0.029881511922847732,0.013292808902096307,10
2009-12-08,20.819072942662572,13.359541018248335,0.043264601391699936,0.019667825770798956,10
2009-12-09,15.663084405166098,6.366858957692567,0.014939889855212178,0.012997531280340903,10
2009-12-10,13.2121432970897,1.571006007108945,0.019040991265889203,0.003675704493669182,10
2009-12-11,11.83446218640184,3.3241198920814723,0.018119423091970767,0.0078014920484144445,10
2009-12-12,14.714819022221313,2.0844867106210843,0.02024826952440556,0.009644822879162655,10
2009-12-13,16.10132641278703,7.346975190340583,0.018721593388101677,0.01012040741828656,10
2009-12-14,20.32236598621298,4.757457287189235,0.01282305355289178,0.024917010394932586,10
2009-12-15,15.599458956962405,8.286944318016616,0.009792124968112301,0.026641362428252942,10
2009-12-16,29.793802813526714,15.036518645710565,0.03351987574991601,0.016284729167599106,10
2009-12-17,15.567348375142927,3.0461167241724865,0.008954484279923411,0.01783487117980844,10
2009-12-18,14.415189079628892,1.1069672898346086,0.004334435997841211,0.014081769730453395,10
2009-12-19,17.114765412874988,3.328936407015456,0.00772008101447354,0.011748501627783953,10
2009-12-20,12.704503714330144,1.422939054620753,0.00785768006017954,0.01099892629315827,10
2009-12-21,14.262299839208366,8.058848803140723,0.016513510202520197,0.02299759312660384,10
2009-12-22,22.618394497971813,0.96210186735286,0.013071122597108326,0.027389217298974873,10
2009-12-23,26.441723708320417,12.25521078848152,0.02795720491075923,0.033514112686311395,10
2009-12-24,18.761808886053654,13.16472864933596,0.01837379101222331,0.03722934841231012,10
2009-12-25,14.934754810584788,7.047904727794984,0.014301414030292885,0.022313989038038856,10
2009-12-26,27.262793537977327,3.347814153986054,0.020393445937119024,0.035890068835126916,10
2009-12-27,20.123403333905305,16.50261594747833,0.0315924952220262,0.031139600541517754,10
2009-12-28,21.148612581267976,8.757581746818026,0.02667537181795617,0.02400157288275447,10
2009-12-29,17.050042396664857,11.677129496949012,0.026790171166270593,0.03183243698506013,10
2009-12-30,25.508098204919705,20.534456769788164,0.017260820437518178,0.05964639744287719,10
2009-12-31,13.485683671808408,3.493411030250957,0.0023725001249386957,0.01463960801086685,11
2010-01-01,11.15216738700692,3.1026566418800945,0.0039700719661827375,0.012882087534493606,11
2010-01-02,18.852495882155612,7.028995422660165,0.0074235594907951195,0.033961434057255574,11
2010-01-03,16.020384544691634,4.157533473763745,0.010598516681296861,0.014670185948421746,11
2010-01-04,13.973667356470298,1.8316494650407682,0.007070348671351433,0.013668904753180045,11
2010-01-05,16.99463451447063,5.657354002240187,0.0064462084450543,0.02796168042146855,11
2010-01-06,14.407825615598984,1.546899399678638,0.004888797561554289,0.012790956724906561,11
2010-01-07,17.061034491649572,8.199912000439458,0.018201203048157,0.027164172224230315,11
2010-01-08,10.357901499539725,3.5633321158153874,0.01209383988876288,0.010716249898717967,11
2010-01-09,14.91562567162476,7.4337519692665515,0.013800568894769341,0.02988365492042832,11
2010-01-10,9.086762005956837,1.9941620285571797,0.008021137781403549,0.009229919079291642,11
2010-01-11,12.135805773864284,3.5088382634044537,0.009269092024998768,0.007832740154729578,11
2010-01-12,13.004513640929435,2.075456232185719,0.01326150670981973,0.01118312616506338,11
2010-01-13,11.942897214384265,2.2322307158228067,0.01079513933909697,0.009878574750347879,11
2010-01-14,11.786550653826518,2.775294441811499,0.014972996480150706,0.005622962161431176,11
2010-01-15,13.015828595324056,6.156735105442865,0.01589161788594585,0.016510291522869643,11
2010-01-16,20.19620168562134,2.280711515232201,0.02724360316629046,0.011496588297671282,11
2010-01-17,17.4676637323297,6.1651900021999,0.02124345553306203,0.02167346522437119,11
2010-01-18,12.955269732512146,6.744717702129975,0.02417094250746506,0.016086427855291435,11
2010-01-19,18.85178292771874,6.056803837135089,0.013884675592126278,0.029373277429982775,11
2010-01-20,13.870858078061236,0.3336260083227092,0.005547034626437229,0.015291743815158574,11
2010-01-21,23.19903502243298,18.20752845242807,0.027642597784885443,0.06268271789191314,11
2010-01-22,15.133402132224667,4.467284882779363,0.006991413189586043,0.019257612800691673,11
2010-01-23,23.505917286049595,14.632936097078241,0.019068132039525378,0.05156717233736851,11
2010-01-24,22.74084758893661,15.057123221125964,0.04968194448036991,0.02531344967707638,11
2010-01-25,8.977990219402468,2.5357330229689046,0.005973755580256627,0.006317597633308976,11
2010-01-26,13.805632526292541,3.6183901212836393,0.019257280160938653,0.009976935785438094,11
2010-01-27,15.965786767572553,5.287614470903433,0.0177365501227279,0.022876479155965006,11
2010-01-28,16.5033351976367,5.314991326963084,0.019039983693469476,0.006915614329908851,11
2010-01-29,15.519465419965325,2.896936840508196,0.016173659991462978,0.01069439581870624,11
2010-01-30,17.056436341416273,1.3409830698380347,0.010153587336522883,0.014035636738618497,11
2010-01-31,13.65030526901492,8.018317639135516,0.0037662114605155014,0.02367340902980474,11
2010-02-01,11.307372998164995,1.9242318985313067,0.0037889534106660505,0.008578551896608765,12
2010-02-02,11.370836246627519,2.712740730352047,0.010045482923119995,0.006137935971348664,12
2010-02-03,13.227906757628233,2.2416141190500736,0.009668602086010203,0.008715979781026388,12
2010-02-04,14.876687259261459,1.8926833890403598,0.011052435021439884,0.005923939399599019,12
2010-02-05,13.12193766416418,1.0800447283768746,0.012867410846667263,0.01223644232721318,12
2010-02-06,14.535977391836058,2.441295174770142,0.010063919620789499,0.011508412267966832,12
2010-02-07,13.782254268489861,2.262912814189075,0.012607454167790674,0.014192895519589584,12
2010-02-08,5.204179895930964,1.5001408155117257,0.004930102495912374,0.002296643874881758,12
2010-02-09,7.063639243804819,1.4515792192765233,0.005427034315955389,0.0031825603116923807,12
2010-02-10,9.12124434296983,2.2607048805688543,0.008034249833167759,0.006446511439515597,12
2010-02-11,9.403064049164037,1.2331683900628598,0.007859176373470922,0.005186592937466302,12
2010-02-12,8.314508801887575,1.4472531007756666,0.008590244643782859,0.004329175540069968,12
2010-02-13,14.142678856147409,1.5246320568174823,0.006026826082339704,0.00760918050165432,12
2010-02-14,13.000823919194056,5.464456552847109,0.005938911997572838,0.017218528815686442,12
2010-02-15,12.95284360405014,7.926706360931204,0.004678380573413228,0.027652577954995896,12
2010-02-16,16.815288820598184,13.070826185504805,0.016301093327351628,0.045781922417440155,12
2010-02-17,13.468023538391389,0.7204111101736902,0.009234975744250654,0.006313468108230917,12
2010-02-18,13.011451722276771,2.1695113675197932,0.014286884753280509,0.011250346616957263,12
2010-02-19,17.00540067683416,1.8861351168941258,0.009429759578262118,0.016393929662246728,12
2010-02-20,12.932913305144103,2.0680555850331994,0.005258504589634553,0.011724637014782479,12
2010-02-21,12.249221172634709,2.563411796490093,0.004885520053886847,0.015946363466046654,12
2010-02-22,15.268849553524939,5.7380245831226615,0.02027297743110063,0.007716724271330037,12
2010-02-23,15.98341274777571,6.8424229444382565,0.012650432902431483,0.02428949521546437,12
2010-02-24,24.47827078996677,14.021520605227563,0.028224138268506168,0.025148365632389855,12
2010-02-25,13.988011540255618,6.519467507628212,0.016447750467317158,0.013106693169052122,12
2010-02-26,11.75011249690806,0.6277625820534437,0.011074360236837616,0.006032134539592485,12
2010-02-27,7.833288778573498,1.5496366583088395,0.005964668930884335,0.00859665216295639,12
2010-02-28,11.64024434615962,1.610798507682308,0.007399287673967499,0.007135006748289746,12
2010-03-01,15.387140077531262,3.351271759369945,0.012183034953613572,0.012431743240777829,12
2010-03-02,11.458403040814403,1.8702492259733794,0.008051800637995384,0.013492603898492701,12
2010-03-03,11.574014563521242,2.5734721267550977,0.009177496289066675,0.005699371537304854,12
2010-03-04,15.2977842847543,2.92572409317872,0.010811942295109707,0.01627362781705031,12
2010-03-05,12.452676421954994,2.1073831546194817,0.007844822022734364,0.011192978740757446,12
2010-03-06,9.752829132056213,2.257253678162965,0.010756265399484592,0.007758908290396899,12
2010-03-07,15.981391675983504,9.102969110486953,0.009163585622264324,0.023118211959282563,12
2010-03-08,20.577382409993522,8.77962823579693,0.038617721868769155,0.005861941657119477,12
2010-03-09,12.346162037570371,4.522444224128075,0.014601033828282208,0.012731495182384676,12
2010-03-10,21.960094358528252,7.025334101298392,0.01478335061870079,0.021889147585156525,12
2010-03-11,23.206709321951607,12.776067830013812,0.031798715886014024,0.011598928614466493,12
2010-03-12,17.025238388949532,11.26792119771232,0.010400100837899617,0.04098372606225684,12
2010-03-13,13.067432051885993,0.8431739122137295,0.007864464503011558,0.007256842272305821,12
2010-03-14,13.485074714325668,1.14299938252793,0.005297154961860304,0.007536185787349469,12
2010-03-15,12.292655963247906,0.5492057015534729,0.006633749594453418,0.0045199210430672595,12
2010-03-16,12.015624743781462,1.0210110830704076,0.005145323181852545,0.007014332206154661,12
2010-03-17,18.365737760079753,8.878489279478979,0.025976948041008384,0.012680482210145828,12
2010-03-18,5.69609854975794,1.0444178523197474,0.003887634845670242,0.002917920325357446,12
2010-03-19,11.12763016938763,3.78013592129669,0.010329935713632058,0.007838082006802926,12
2010-03-20,14.074649462588065,7.2178528000437545,0.024176282593641515,0.017603813445674247,12
2010-03-21,13.937895121741935,6.408862736744105,0.02481002695815973,0.007361257236794102,12
2010-03-22,12.764853719222117,3.1159942172284634,0.007831599111792577,0.01544409302483307,12
2010-03-23,10.018490637211311,2.2844708950551094,0.0037340337212362043,0.010216324531420887,12
2010-03-24,9.60360294135098,2.4116653022989367,0.009087212282630108,0.009920282966899509,12
2010-03-25,21.319250189937442,3.247870087162261,0.01839334976034687,0.009515380573537336,12
2010-03-26,23.252655022764703,13.144304767319804,0.016497112410368598,0.03304876442253874,13
2010-03-27,32.792325094511206,20.31004595506447,0.056300530564714804,0.04386480556704775,13
2010-03-28,13.732883902968677,4.339795756574799,0.01701534559011259,0.006275866237888231,13
2010-03-29,15.813576399059565,4.063922781509021,0.019716984661664508,0.01884094882338258,13
2010-03-30,23.94391184673852,22.910733262308508,0.04640955346037415,0.05317784948016896,13
2010-03-31,12.067420117986751,5.671523077385303,0.013274144149350919,0.010599811980161264,13
2010-04-01,11.445223519693132,2.261517769498838,0.01685274819967031,0.005644205602950935,13
2010-04-02,10.102332673589029,3.546918146578011,0.007643575098472375,0.009803222522812054,13
2010-04-03,11.29945744464738,2.811781801795481,0.013262132311466885,0.007357866781115409,13
2010-04-04,6.989776507350091,4.032267003955199,0.0037915911283840395,0.012621666779783894,13
2010-04-05,9.539510697317802,4.65220968042407,0.009204589710801172,0.012371149582625916,13
2010-04-06,8.700856436493948,1.6373857595562344,0.0064251593560852764,0.006316354566053919,13
2010-04-07,23.196417031906158,15.67912124770501,0.012938649659225927,0.05900717808821461,13
2010-04-08,15.074510705524842,11.611900964583466,0.01683847642110851,0.03287681466833842,13
2010-04-09,12.556628137526367,2.7686281614898083,0.007225517436170018,0.01603211960347054,13
2010-04-10,9.933500736104511,2.103020443011072,0.010671928962760743,0.006684346027766019,13
2010-04-11,10.665623753599595,3.635005831145023,0.00918857765381825,0.011113317810937901,13
2010-04-12,16.185765559161904,9.38999306401738,0.009048110839215076,0.030369963488789783,13
2010-04-13,22.609625557541722,10.016537992924011,0.0316078394899889,0.033051339399316926,13
2010-04-14,27.66776021670159,10.050890121142096,0.033934806926213104,0.040834713198367616,13
2010-04-15,37.65264603064246,11.500674220023656,0.03583331748996882,0.03638517292158523,13
2010-04-16,34.3556154345517,27.5152137260945,0.058372188633027004,0.0528306461117978,13
2010-04-17,15.0809248570204,5.3931524899248595,0.01760255502519749,0.005934635125703046,13
2010-04-18,22.90514898463757,7.637043643103595,0.017762020621253947,0.028153636716812477,13
2010-04-19,15.396298793445409,8.490431963479839,0.016804247233636726,0.028770309772631064,13
2010-04-20,0.44135399148350546,0.33057879532126727,0.001219780993277109,0.0009303815222085761,13
2010-04-23,8.933947516116415,4.7217650685319175,0.012064390666513856,0.009856612926452396,13
2010-04-24,36.81718719160721,9.757131970399964,0.036875373701351,0.027960201449147907,13
2010-04-25,27.076664917221724,22.569227004219208,0.04332393989101288,0.05234771003729893,13
2010-04-26,17.491122171908575,8.363404321176795,0.01908315724467902,0.030109518024742325,13
2010-04-27,17.32576684547931,3.700565783278705,0.02358021013471354,0.017784519382639023,13
2010-04-28,18.544483062444424,0.5633321220632349,0.022727869749838103,0.009025051136744983,13
2010-04-29,20.755956688871095,0.41770253813804614,0.028162205055537015,0.012888650766129817,13
2010-04-30,13.532637873112675,6.681142743806228,0.006678882239207072,0.020066725046982925,13
2010-05-01,20.52286168854149,6.130753840357652,0.028701568976860086,0.014831911566677193,13
2010-05-02,4.129830820840041,0.8878809450700539,0.002496843848624585,0.003582738961985931,13
2010-05-03,26.07361353707108,0.9702533012319553,0.028792672122299152,0.017753807324494535,13
2010-05-04,10.300951607427919,6.696997632153806,0.00615402467476068,0.024373717484965696,13
2010-05-05,19.008924610723636,4.778228056247917,0.03015573080065477,0.01420484160827865,13
2010-05-06,10.446504150381156,3.947869348403846,0.011270082177570848,0.010524348460093745,13
2010-05-07,15.743855380091034,6.28438784844501,0.02782967128180721,0.013239544674608139,13
2010-05-08,14.00778477619805,7.537255172635489,0.012133417935177852,0.029489181140767574,13
2010-05-09,19.25452560152133,12.836767959193443,0.0317013798829832,0.02918437786950057,13
2010-05-10,25.20750753876699,11.09092794666495,0.03800244042616941,0.03249010577357226,13
2010-05-11,10.9120880340885,4.057047671907136,0.006517846869390606,0.010066025185948218,14
2010-05-12,12.981408163336349,2.7609278331210168,0.01594336980738424,0.01084159306111964,14
2010-05-13,15.92785850612698,1.8215470603241257,0.0159122706414611,0.017206576606010132,14
2010-05-14,10.029972026213233,4.111333102659701,0.00768854720518281,0.013871330258968471,14
2010-05-15,9.244767079154874,3.154171198174397,0.009631550167086604,0.004336509024038171,14
2010-05-16,7.575006004337879,1.9045275875513679,0.00686662622846211,0.005038799757704359,14
2010-05-17,11.79341236355047,4.610866677353374,0.011076204106697437,0.013991020921315286,14
2010-05-18,13.286404384217553,8.211548205318374,0.022412383413556187,0.022494202119326834,14
2010-05-19,10.291127353580393,4.047004050156642,0.01352273201928303,0.007618212017857298,14
2010-05-20,10.773136809171758,3.5176866880070548,0.01772358270323729,0.007467154964161331,14
2010-05-21,9.457492232637872,6.158067384090208,0.009173263571697145,0.01875356125735323,14
2010-05-22,13.087395659061329,3.1651368265321667,0.01593582440238085,0.012822280371294324,14
2010-05-23,7.555357278615719,1.8970365914232918,0.008597144084449186,0.008139000480197818,14
2010-05-24,18.11840567854213,3.9942374063446326,0.015028674982708157,0.017695010378916614,14
2010-05-25,13.8336332667526,6.051758166598804,0.024553347136055528,0.010372572612952886,14
2010-05-26,17.23647516368777,6.685138641857674,0.011499210776715691,0.026646507007819988,14
2010-05-27,15.509573267016624,3.70207320151165,0.010918873061840686,0.009877021997562256,14
2010-05-28,14.84588131842706,5.243840877659282,0.0072370073519056645,0.01959190143638899,14
2010-05-29,19.179648779172798,2.2722835996442496,0.0062595339304734095,0.025990001864974372,14
2010-05-30,17.391744574934584,9.63844753602502,0.01975132745824791,0.02261020387340631,14
2010-05-31,12.50751776989519,6.763657470025188,0.009752956948239756,0.02542854981773617,14
2010-06-01,8.670398678160518,0.8542123797427374,0.0032769215152157038,0.0071436770492764,14
2010-06-02,13.302215418666764,6.273134043626581,0.009593539228407368,0.02139321197449941,14
2010-06-03,14.636759341638182,8.950772935278119,0.011198479566003098,0.022826878732792294,14
2010-06-04,12.227104916381945,2.54380739347784,0.01587712009303157,0.006204540713529692,14
2010-06-05,9.900683235778397,3.6246169277620153,0.010030416571618064,0.010030450797788037,14
2010-06-06,11.206992870432975,6.929322926499196,0.01113271344099258,0.02192437834995601,14
2010-06-07,13.719653129656741,5.2332993649520825,0.006066895311505734,0.023008803852876333,14
2010-06-08,13.329246887728445,9.192283621071589,0.012626714856601292,0.026322086976031958,14
2010-06-09,25.6870689647292,24.071848493308632,0.005434437643246331,0.06500845127862954,14
2010-06-10,23.865618782748257,19.478698604914786,0.009505335982616735,0.043085519040415715,14
2010-06-11,20.205451697936542,16.72693792255509,0.012741244449659569,0.05381185898459442,14
2010-06-12,13.192760075116048,1.349450004635848,0.013297881197938573,0.012701384915721217,14
2010-06-13,12.475394689560895,2.246494967527559,0.009989704817526594,0.017167490791113398,14
2010-06-14,12.666603692753023,1.8890561796465766,0.009794902360178773,0.008461091786586099,14
2010-06-15,9.102944366962346,6.107644600454744,0.01237823305382931,0.015204807125730252,14
2010-06-16,11.460825333332652,5.939858323145949,0.011210282256523657,0.019624695966320597,14
2010-06-17,11.182979797079701,7.298023110119856,0.016074804032103103,0.021451222580971388,14
2010-06-18,12.289626184903643,8.633818556631395,0.011334712808638809,0.02852329338543077,14
2010-06-19,13.496012056851972,2.1220192370271684,0.012374429077885458,0.015309880294635318,14
2010-06-20,11.546760012970193,7.958210738070367,0.014944677631063004,0.01740449363401504,14
2010-06-21,14.675013608671495,9.872356957619727,0.025396050172836516,0.018887010021860873,14
2010-06-22,18.21431109162789,15.188118293829959,0.03459547567874059,0.007693565901607975,14
2010-06-23,26.194239729383373,19.93814703422991,0.05652644947099887,0.018089827033924113,14
2010-06-24,9.583431041623445,2.5402239401521136,0.009268750013085008,0.010389841337876097,14
2010-06-25,16.842915479428374,12.407445701050163,0.018863881559099092,0.03904300181169148,14
2010-06-26,11.630024985069289,10.765248771999563,0.0162872727843223,0.024839230006351017,14
2010-06-27,9.462262592302077,1.4520555405018878,0.005417645846077143,0.014219942652717865,15
2010-06-28,19.215406674885646,1.1805683052322666,0.016155794912919855,0.018440702013134802,15
2010-06-29,12.095213193655967,1.7519492085397401,0.006086462713727305,0.009518240754581467,15
2010-06-30,7.549550341394192,1.4311783374925169,0.0044725443971950826,0.008011923791363881,15
2010-07-01,9.05361106120693,3.197184514497401,0.00847768057914279,0.007294809934490811,15
2010-07-02,9.311987971974418,1.6361953433181258,0.006590898218023238,0.009491383559417154,15
2010-07-03,10.449770998979202,4.148277262949579,0.006961941654989648,0.019714550031670608,15
2010-07-04,13.26896876257917,0.7937939381682955,0.011446798703483361,0.008214202523655578,15
2010-07-05,9.710722920264708,7.2204635473514625,0.01901437617071819,0.013649570266643098,15
2010-07-06,8.841876779352043,1.7488025023269007,0.0111841258750754,0.005688921723313975,15
2010-07-07,11.669238088175788,8.590569511911502,0.004739722756513239,0.030780219572664625,15
2010-07-08,12.636608436626776,9.162086398228766,0.007808800675267572,0.028277837320402795,15
2010-07-09,8.91811915074698,2.9435176244971655,0.008667907074954653,0.009926497144616122,15
2010-07-10,10.064963661515348,6.078302013898952,0.006397214612570264,0.018387623326869475,15
2010-07-11,8.93311770771222,4.797376793850687,0.007746212555222014,0.01776227351938887,15
2010-07-12,9.879170708920965,3.0755437704751674,0.0063542796085243715,0.00736099133887591,15
2010-07-13,17.554640250710623,16.60709343331775,0.006042364213546771,0.06115608185361008,15
2010-07-14,11.174744678852484,5.857651114152618,0.010757789238931786,0.0159397780585746,15
2010-07-15,9.218590603889453,6.645627707247842,0.022194699821634262,0.004379650832438444,15
2010-07-16,14.965663711903197,5.057257610601027,0.005693302638334064,0.021785653328937324,15
2010-07-17,10.130012092787574,6.906759694054957,0.008471082580489824,0.019668248142273814,15
2010-07-18,7.485205590208134,5.340877200032122,0.01548943663521813,0.010669835893970593,15
2010-07-19,7.981087282889822,1.2644015423940946,0.006123037844370855,0.011267587822078264,15
2010-07-20,7.972140350560228,3.014046382250424,0.00862303286449377,0.007395026220152223,15
2010-07-21,8.907963984792543,3.952413951347181,0.01010972675057907,0.010231017631297823,15
2010-07-22,8.520264407880806,5.668202685137698,0.018739289348469954,0.012497189900887985,15
2010-07-23,11.277575640433765,6.569760872285789,0.020522304093634487,0.010697672733768239,15
2010-07-24,10.695116615600538,8.883912857055517,0.02777970778284945,0.0038583094758170735,15
2010-07-25,8.991921717220452,6.334128927238721,0.021333793745510636,0.0038349278576523035,15
2010-07-26,12.15124212701103,7.966136365794169,0.01333504314755909,0.01877828067435426,15
2010-07-27,13.014102506360135,8.45352237432881,0.010575937453237988,0.020369542296554542,15
2010-07-28,14.051302300047253,7.692841596146387,0.024364372635362345,0.02470498391868092,15
2010-07-29,9.18023433568884,3.5121151650219296,0.0096263033969779,0.01333257764801883,15
2010-07-30,8.982241685820986,0.3777784568646897,0.002849412888802809,0.011025553220435696,15
2010-07-31,10.140917968138497,0.6657986123290303,0.007531596829119729,0.011825359441496526,15
2010-08-01,8.398575060276677,2.468075516394207,0.010191534623199203,0.010291060809045008,15
2010-08-02,7.8476979767224915,2.4222506195244766,0.008948536682046733,0.009441710157974886,15
2010-08-03,27.50346324395297,20.834696246767347,0.014874875589495153,0.06112318921889165,15
2010-08-04,13.209294611457024,7.138082039357445,0.005123291299006332,0.022664437886837713,15
2010-08-05,14.767144546547177,2.1235455459039,0.012338013989119143,0.01491123103488104,15
2010-08-06,6.963034248333013,4.3031108888143015,0.005758456698978592,0.01815958355666351,15
2010-08-07,10.025898055477636,7.369913874597828,0.02190189096922577,0.01281206422199599,15
2010-08-08,11.437803670642463,0.33658620064816547,0.011708288625242532,0.0077974542178021085,15
2010-08-09,9.433708372652294,1.3224301321323881,0.008985672440566835,0.006203940883786701,15
2010-08-10,11.326030275060287,8.332094470620172,0.024304442367673134,0.011982161755987814,15
2010-08-11,20.018555237127053,14.847688340375228,0.017130821383636165,0.05595578913428291,15
2010-08-12,11.251739915256424,7.329997875649422,0.011583386600498714,0.023100130316622582,15
2010-08-13,8.88274855952074,6.808218618777113,0.020214069610311598,0.0036246326741390246,15
2010-08-14,10.995568619674659,6.739797931520824,0.014335174081543549,0.018523886035648158,15
2010-08-15,14.835883530383859,2.7254616317647082,0.006246892784360896,0.018250630103660313,15
2010-08-16,16.761567147804016,7.135283106661765,0.015232805016189961,0.015640276967739928,15
2010-08-17,17.59915036744488,11.551761435217395,0.022895616040431884,0.027589944464945955,15
2010-08-18,9.080831677520012,2.920927337312822,0.013293297470602546,0.0038771799981525902,15
2010-08-19,8.062844659849635,1.5706952254581505,0.01054353010576491,0.005449468511018526,15
2010-08-20,8.265374153856882,2.199743824462026,0.008839665331319243,0.008402712819887977,15
2010-08-21,8.253975967914855,3.8954783195023497,0.016924784009592693,0.0014167675289812542,15
