,PC1,PC2,PC3,PC4,PC5,PC6
2009-10,-9.044521828470081,9.173126487354574,-1.6670502210501934,-1.6624538720683968,3.7487173821548843,-0.384724880009313
2009-11,9.30468817819673,3.941513737506483,-3.110259661059239,1.4230325936044734,1.2322745809818565,-4.011890898099133
2009-12,8.007909263209967,1.0395468305062916,-3.6969625704065012,0.7961030727517369,-2.117373931525774,1.1146519157758588
2010-01,2.707033686778734,-5.303399609983476,-0.8837068366963111,-4.3179505210956854,-1.6153349468831848,0.8943280506954071
2010-02,-5.079589874238046,2.14692337521336,-2.69267538975937,-2.9853454111212687,-3.9047901571125005,1.9157720861648573
2010-03,1.4936496988579795,-6.974727892613586,-0.6210848379723031,0.5976250774808396,6.029467924244395,2.9915033818163224
2010-04,-5.029242505558134,-6.812553533299887,3.6725598147306986,-1.5213685926978557,-0.41829578511926274,-4.742381872126511
2010-05,-6.895763157596265,-2.3384427605324745,-0.9413268317384782,7.126128769529329,-2.294119102629539,0.5394495933929591
2010-06,4.5358365388191135,5.128013365848721,9.940506533951702,0.5442288836168266,-0.6605459641108703,1.683292622389552
