elephant_id,year,date,waterhole,lon,lat,start_time_str,end_time_str,stay_duration_hours,temp_c,humidity_percent,Precip_mm,start_hour,temp_cat,hum_cat,precip_cat,stay_cat,condition,season
03fe,2013,2013-02-10,Aus Fountain,16.1932918,-19.2053106,2013-02-10 19:20:00,2013-02-10 23:40:00,4.333333333333333,31.0,31.0,0.11,19,High,Low,Low,High,High Temp + Low Hum + Low Precip,Hot-Wet
03fe,2013,2013-02-11,Aus Fountain,16.1932918,-19.2053106,2013-02-11 00:00:00,2013-02-11 23:40:00,23.666666666666668,31.0,28.0,0.0,0,High,Low,Low,High,High Temp + Low Hum + Low Precip,Hot-Wet
03fe,2013,2013-02-12,Aus Fountain,16.1932918,-19.2053106,2013-02-12 00:00:00,2013-02-12 14:40:00,14.666666666666666,31.0,47.0,7.05,0,High,Med,High,High,High Temp + Med Hum + High Precip,Hot-Wet
03fe,2013,2013-02-13,Aus Fountain,16.1932918,-19.2053106,2013-02-13 11:20:00,2013-02-13 16:40:00,5.333333333333333,28.86,48.0,1.07,11,Med,Med,Low,High,Med Temp + Med Hum + Low Precip,Hot-Wet
03fe,2013,2013-02-14,Aus Fountain,16.1932918,-19.2053106,2013-02-14 16:40:00,2013-02-14 18:00:00,1.3333333333333333,28.86,52.0,3.85,16,Med,Med,Med,Low,Med Temp + Med Hum + Med Precip,Hot-Wet
03fe,2013,2013-02-15,Olifantsbad Waterhole,16.1310575,-19.2388057,2013-02-15 19:20:00,2013-02-15 20:00:00,0.6666666666666666,29.93,46.0,0.96,19,Med,Med,Low,Low,Med Temp + Med Hum + Low Precip,Hot-Wet
03fe,2013,2013-02-26,Rietfontein Fountain,16.3421481,-19.0367733,2013-02-26 18:20:00,2013-02-26 19:20:00,1.0,31.0,37.0,0.0,18,High,Med,Low,Low,High Temp + Med Hum + Low Precip,Hot-Wet
03fe,2013,2013-03-01,Goas 1 Fountain,16.5574864,-18.9912599,2013-03-01 17:00:00,2013-03-01 20:00:00,3.0,33.13,34.0,0.53,17,High,Med,Low,High,High Temp + Med Hum + Low Precip,Hot-Wet
03fe,2013,2013-03-01,Noniams,16.5658651,-19.0093006,2013-03-01 21:20:00,2013-03-01 22:00:00,0.6666666666666666,33.13,34.0,0.53,21,High,Med,Low,Low,High Temp + Med Hum + Low Precip,Hot-Wet
03fe,2013,2013-03-02,Goas 1 Fountain,16.5574864,-18.9912599,2013-03-02 16:00:00,2013-03-02 19:00:00,3.0,32.06,34.0,0.32,16,High,Med,Low,High,High Temp + Med Hum + Low Precip,Hot-Wet
03fe,2013,2013-03-02,Noniams,16.5658651,-19.0093006,2013-03-02 13:20:00,2013-03-02 15:20:00,2.0,32.06,34.0,0.32,13,High,Med,Low,High,High Temp + Med Hum + Low Precip,Hot-Wet
03fe,2013,2013-03-03,Goas 1 Fountain,16.5574864,-18.9912599,2013-03-03 14:00:00,2013-03-03 15:20:00,1.3333333333333333,32.06,35.0,0.21,14,High,Med,Low,Low,High Temp + Med Hum + Low Precip,Hot-Wet
03fe,2013,2013-03-03,Noniams,16.5658651,-19.0093006,2013-03-03 18:00:00,2013-03-03 19:20:00,1.3333333333333333,32.06,35.0,0.21,18,High,Med,Low,Low,High Temp + Med Hum + Low Precip,Hot-Wet
03fe,2013,2013-03-19,Rietfontein Fountain,16.3421481,-19.0367733,2013-03-19 09:20:00,2013-03-19 23:40:00,14.333333333333334,32.06,34.0,0.0,9,High,Med,Low,High,High Temp + Med Hum + Low Precip,Hot-Wet
03fe,2013,2013-03-20,Rietfontein Fountain,16.3421481,-19.0367733,2013-03-20 00:00:00,2013-03-20 21:20:00,21.33333333333333,32.06,25.0,0.0,0,High,Low,Low,High,High Temp + Low Hum + Low Precip,Hot-Wet
03fe,2013,2013-03-21,Rietfontein Fountain,16.3421481,-19.0367733,2013-03-21 17:20:00,2013-03-21 18:40:00,1.3333333333333333,31.0,29.0,0.0,17,High,Low,Low,Low,High Temp + Low Hum + Low Precip,Hot-Wet
03fe,2013,2013-03-22,Rietfontein Fountain,16.3421481,-19.0367733,2013-03-22 08:20:00,2013-03-22 15:20:00,7.0,29.93,37.0,0.0,8,Med,Med,Low,High,Med Temp + Med Hum + Low Precip,Hot-Wet
03fe,2013,2013-03-24,Goas 1 Fountain,16.5574864,-18.9912599,2013-03-24 19:00:00,2013-03-24 19:40:00,0.6666666666666666,29.93,34.0,0.0,19,Med,Med,Low,Low,Med Temp + Med Hum + Low Precip,Hot-Wet
03fe,2013,2013-03-26,Rietfontein Fountain,16.3421481,-19.0367733,2013-03-26 11:20:00,2013-03-26 16:00:00,4.666666666666667,31.0,35.0,0.11,11,High,Med,Low,High,High Temp + Med Hum + Low Precip,Hot-Wet
03fe,2013,2013-03-27,Rietfontein Fountain,16.3421481,-19.0367733,2013-03-27 14:00:00,2013-03-27 20:20:00,6.333333333333333,28.86,50.0,5.66,14,Med,Med,High,High,Med Temp + Med Hum + High Precip,Hot-Wet
03fe,2013,2013-03-28,Rietfontein Fountain,16.3421481,-19.0367733,2013-03-28 20:20:00,2013-03-28 22:00:00,1.6666666666666667,26.72,64.0,8.34,20,Med,High,High,Low,Med Temp + High Hum + High Precip,Hot-Wet
03fe,2013,2013-03-29,Rietfontein Fountain,16.3421481,-19.0367733,2013-03-29 20:00:00,2013-03-29 21:00:00,1.0,24.58,75.0,3.42,20,Low,High,Med,Low,Low Temp + High Hum + Med Precip,Hot-Wet
03fe,2013,2013-04-02,Homob Fountain,16.1928322,-19.0527354,2013-04-02 21:40:00,2013-04-02 22:20:00,0.6666666666666666,28.86,42.0,0.11,21,Med,Med,Low,Low,Med Temp + Med Hum + Low Precip,Hot-Wet
03fe,2013,2013-04-03,Homob Fountain,16.1928322,-19.0527354,2013-04-03 16:40:00,2013-04-03 17:40:00,1.0,29.93,39.0,0.0,16,Med,Med,Low,Low,Med Temp + Med Hum + Low Precip,Hot-Wet
03fe,2013,2013-04-04,Homob Fountain,16.1928322,-19.0527354,2013-04-04 20:40:00,2013-04-04 21:20:00,0.6666666666666666,28.86,35.0,0.0,20,Med,Med,Low,Low,Med Temp + Med Hum + Low Precip,Hot-Wet
03fe,2013,2013-04-05,Rietfontein Fountain,16.3421481,-19.0367733,2013-04-05 18:20:00,2013-04-05 19:00:00,0.6666666666666666,27.79,35.0,0.0,18,Med,Med,Low,Low,Med Temp + Med Hum + Low Precip,Hot-Wet
03fe,2013,2013-04-06,Homob Fountain,16.1928322,-19.0527354,2013-04-06 20:40:00,2013-04-06 21:40:00,1.0,25.65,34.0,0.0,20,Med,Med,Low,Low,Med Temp + Med Hum + Low Precip,Hot-Wet
03fe,2013,2013-04-07,Homob Fountain,16.1928322,-19.0527354,2013-04-07 20:00:00,2013-04-07 21:40:00,1.6666666666666667,25.65,29.0,0.0,20,Med,Low,Low,Low,Med Temp + Low Hum + Low Precip,Hot-Wet
03fe,2013,2013-04-08,Homob Fountain,16.1928322,-19.0527354,2013-04-08 17:40:00,2013-04-08 18:40:00,1.0,27.79,31.0,0.0,17,Med,Low,Low,Low,Med Temp + Low Hum + Low Precip,Hot-Wet
03fe,2013,2013-04-09,Rietfontein Fountain,16.3421481,-19.0367733,2013-04-09 21:20:00,2013-04-09 22:20:00,1.0,28.86,26.0,0.0,21,Med,Low,Low,Low,Med Temp + Low Hum + Low Precip,Hot-Wet
03fe,2013,2013-04-10,Rietfontein Fountain,16.3421481,-19.0367733,2013-04-10 09:20:00,2013-04-10 19:40:00,10.333333333333334,28.86,22.0,0.0,9,Med,Low,Low,High,Med Temp + Low Hum + Low Precip,Hot-Wet
03fe,2013,2013-04-11,Rietfontein Fountain,16.3421481,-19.0367733,2013-04-11 10:40:00,2013-04-11 14:20:00,3.6666666666666665,28.86,24.0,0.0,10,Med,Low,Low,High,Med Temp + Low Hum + Low Precip,Hot-Wet
03fe,2013,2013-04-12,Rietfontein Fountain,16.3421481,-19.0367733,2013-04-12 08:40:00,2013-04-12 14:40:00,6.0,28.86,33.0,0.0,8,Med,Med,Low,High,Med Temp + Med Hum + Low Precip,Hot-Wet
03fe,2013,2013-04-13,Rietfontein Fountain,16.3421481,-19.0367733,2013-04-13 09:00:00,2013-04-13 16:00:00,7.0,29.93,37.0,0.0,9,Med,Med,Low,High,Med Temp + Med Hum + Low Precip,Hot-Wet
03fe,2013,2013-04-14,Rietfontein Fountain,16.3421481,-19.0367733,2013-04-14 12:00:00,2013-04-14 18:20:00,6.333333333333333,28.86,37.0,0.0,12,Med,Med,Low,High,Med Temp + Med Hum + Low Precip,Hot-Wet
03fe,2013,2013-04-15,Rietfontein Fountain,16.3421481,-19.0367733,2013-04-15 09:20:00,2013-04-15 16:00:00,6.666666666666667,28.86,34.0,0.0,9,Med,Med,Low,High,Med Temp + Med Hum + Low Precip,Hot-Wet
03fe,2013,2013-04-16,Rietfontein Fountain,16.3421481,-19.0367733,2013-04-16 12:40:00,2013-04-16 16:40:00,4.0,29.93,32.0,0.0,12,Med,Med,Low,High,Med Temp + Med Hum + Low Precip,Hot-Wet
03fe,2013,2013-04-17,Rietfontein Fountain,16.3421481,-19.0367733,2013-04-17 09:40:00,2013-04-17 14:00:00,4.333333333333333,28.86,29.0,0.0,9,Med,Low,Low,High,Med Temp + Low Hum + Low Precip,Hot-Wet
03fe,2013,2013-04-18,Rietfontein Fountain,16.3421481,-19.0367733,2013-04-18 09:20:00,2013-04-18 15:20:00,6.0,28.86,27.0,0.0,9,Med,Low,Low,High,Med Temp + Low Hum + Low Precip,Hot-Wet
03fe,2013,2013-04-19,Rietfontein Fountain,16.3421481,-19.0367733,2013-04-19 18:40:00,2013-04-19 19:20:00,0.6666666666666666,25.65,33.0,0.0,18,Med,Med,Low,Low,Med Temp + Med Hum + Low Precip,Hot-Wet
03fe,2013,2013-04-20,Rietfontein Fountain,16.3421481,-19.0367733,2013-04-20 10:40:00,2013-04-20 14:00:00,3.333333333333333,25.65,22.0,0.0,10,Med,Low,Low,High,Med Temp + Low Hum + Low Precip,Hot-Wet
03fe,2013,2013-04-22,Goas 1 Fountain,16.5574864,-18.9912599,2013-04-22 18:00:00,2013-04-22 20:00:00,2.0,26.72,27.0,0.0,18,Med,Low,Low,High,Med Temp + Low Hum + Low Precip,Hot-Wet
03fe,2013,2013-04-22,Noniams,16.5658651,-19.0093006,2013-04-22 20:40:00,2013-04-22 21:20:00,0.6666666666666666,26.72,27.0,0.0,20,Med,Low,Low,Low,Med Temp + Low Hum + Low Precip,Hot-Wet
03fe,2013,2013-04-23,Goas 1 Fountain,16.5574864,-18.9912599,2013-04-23 16:20:00,2013-04-23 17:00:00,0.6666666666666666,26.72,18.0,0.0,16,Med,Low,Low,Low,Med Temp + Low Hum + Low Precip,Hot-Wet
03fe,2013,2013-04-24,Goas 1 Fountain,16.5574864,-18.9912599,2013-04-24 10:40:00,2013-04-24 23:40:00,13.0,25.65,21.0,0.0,10,Med,Low,Low,High,Med Temp + Low Hum + Low Precip,Hot-Wet
03fe,2013,2013-04-25,Goas 1 Fountain,16.5574864,-18.9912599,2013-04-25 00:00:00,2013-04-25 21:40:00,21.666666666666668,25.65,27.0,0.0,0,Med,Low,Low,High,Med Temp + Low Hum + Low Precip,Hot-Wet
03fe,2013,2013-04-27,Goas 1 Fountain,16.5574864,-18.9912599,2013-04-27 16:00:00,2013-04-27 16:40:00,0.6666666666666666,24.58,39.0,0.0,16,Low,Med,Low,Low,Low Temp + Med Hum + Low Precip,Hot-Wet
03fe,2013,2013-04-28,Goas 1 Fountain,16.5574864,-18.9912599,2013-04-28 10:00:00,2013-04-28 20:40:00,10.666666666666666,24.58,32.0,0.0,10,Low,Med,Low,High,Low Temp + Med Hum + Low Precip,Hot-Wet
03fe,2013,2013-04-29,Goas 1 Fountain,16.5574864,-18.9912599,2013-04-29 14:40:00,2013-04-29 16:00:00,1.3333333333333333,24.58,32.0,0.0,14,Low,Med,Low,Low,Low Temp + Med Hum + Low Precip,Hot-Wet
03fe,2013,2013-04-30,Goas 1 Fountain,16.5574864,-18.9912599,2013-04-30 10:00:00,2013-04-30 11:00:00,1.0,25.65,32.0,0.0,10,Med,Med,Low,Low,Med Temp + Med Hum + Low Precip,Hot-Wet
03fe,2013,2013-05-01,Goas 1 Fountain,16.5574864,-18.9912599,2013-05-01 15:40:00,2013-05-01 17:20:00,1.6666666666666667,24.58,31.0,0.0,15,Low,Low,Low,Low,Low Temp + Low Hum + Low Precip,Cold-Dry
03fe,2013,2013-05-02,Goas 1 Fountain,16.5574864,-18.9912599,2013-05-02 12:40:00,2013-05-02 13:40:00,1.0,23.51,37.0,0.0,12,Low,Med,Low,Low,Low Temp + Med Hum + Low Precip,Cold-Dry
03fe,2013,2013-05-03,Goas 1 Fountain,16.5574864,-18.9912599,2013-05-03 12:40:00,2013-05-03 13:20:00,0.6666666666666666,23.51,34.0,0.0,12,Low,Med,Low,Low,Low Temp + Med Hum + Low Precip,Cold-Dry
03fe,2013,2013-05-04,Goas 1 Fountain,16.5574864,-18.9912599,2013-05-04 13:00:00,2013-05-04 13:40:00,0.6666666666666666,24.58,34.0,0.0,13,Low,Med,Low,Low,Low Temp + Med Hum + Low Precip,Cold-Dry
03fe,2013,2013-05-05,Goas 1 Fountain,16.5574864,-18.9912599,2013-05-05 14:40:00,2013-05-05 15:40:00,1.0,23.51,30.0,0.0,14,Low,Low,Low,Low,Low Temp + Low Hum + Low Precip,Cold-Dry
03fe,2013,2013-05-06,Goas 1 Fountain,16.5574864,-18.9912599,2013-05-06 16:40:00,2013-05-06 18:00:00,1.3333333333333333,23.51,28.0,0.0,16,Low,Low,Low,Low,Low Temp + Low Hum + Low Precip,Cold-Dry
03fe,2013,2013-05-07,Goas 1 Fountain,16.5574864,-18.9912599,2013-05-07 17:20:00,2013-05-07 19:00:00,1.6666666666666667,23.51,33.0,0.0,17,Low,Med,Low,Low,Low Temp + Med Hum + Low Precip,Cold-Dry
03fe,2013,2013-05-09,Goas 1 Fountain,16.5574864,-18.9912599,2013-05-09 19:40:00,2013-05-09 20:40:00,1.0,25.65,35.0,0.0,19,Med,Med,Low,Low,Med Temp + Med Hum + Low Precip,Cold-Dry
03fe,2013,2013-05-10,Goas 1 Fountain,16.5574864,-18.9912599,2013-05-10 12:20:00,2013-05-10 14:40:00,2.333333333333333,25.65,31.0,0.0,12,Med,Low,Low,High,Med Temp + Low Hum + Low Precip,Cold-Dry
03fe,2013,2013-05-11,Goas 1 Fountain,16.5574864,-18.9912599,2013-05-11 14:40:00,2013-05-11 16:00:00,1.3333333333333333,27.79,28.0,0.0,14,Med,Low,Low,Low,Med Temp + Low Hum + Low Precip,Cold-Dry
03fe,2013,2013-05-13,Rietfontein Fountain,16.3421481,-19.0367733,2013-05-13 17:40:00,2013-05-13 18:20:00,0.6666666666666666,25.65,27.0,0.0,17,Med,Low,Low,Low,Med Temp + Low Hum + Low Precip,Cold-Dry
03fe,2013,2013-05-14,Homob Fountain,16.1928322,-19.0527354,2013-05-14 21:00:00,2013-05-14 22:00:00,1.0,25.65,31.0,0.0,21,Med,Low,Low,Low,Med Temp + Low Hum + Low Precip,Cold-Dry
03fe,2013,2013-05-15,Homob Fountain,16.1928322,-19.0527354,2013-05-15 18:40:00,2013-05-15 19:40:00,1.0,25.65,34.0,0.0,18,Med,Med,Low,Low,Med Temp + Med Hum + Low Precip,Cold-Dry
03fe,2013,2013-05-16,Homob Fountain,16.1928322,-19.0527354,2013-05-16 17:40:00,2013-05-16 19:00:00,1.3333333333333333,25.65,35.0,0.0,17,Med,Med,Low,Low,Med Temp + Med Hum + Low Precip,Cold-Dry
03fe,2013,2013-05-17,Homob Fountain,16.1928322,-19.0527354,2013-05-17 20:40:00,2013-05-17 21:20:00,0.6666666666666666,25.65,25.0,0.0,20,Med,Low,Low,Low,Med Temp + Low Hum + Low Precip,Cold-Dry
03fe,2013,2013-05-18,Homob Fountain,16.1928322,-19.0527354,2013-05-18 20:20:00,2013-05-18 21:20:00,1.0,26.72,31.0,0.0,20,Med,Low,Low,Low,Med Temp + Low Hum + Low Precip,Cold-Dry
03fe,2013,2013-05-19,Homob Fountain,16.1928322,-19.0527354,2013-05-19 21:20:00,2013-05-19 22:20:00,1.0,26.72,37.0,0.0,21,Med,Med,Low,Low,Med Temp + Med Hum + Low Precip,Cold-Dry
03fe,2013,2013-05-21,Aus Fountain,16.1932918,-19.2053106,2013-05-21 08:40:00,2013-05-21 13:00:00,4.333333333333333,24.58,43.0,0.64,8,Low,Med,Low,High,Low Temp + Med Hum + Low Precip,Cold-Dry
03fe,2013,2013-05-22,Aus Fountain,16.1932918,-19.2053106,2013-05-22 14:40:00,2013-05-22 17:00:00,2.333333333333333,24.58,37.0,0.0,14,Low,Med,Low,High,Low Temp + Med Hum + Low Precip,Cold-Dry
03fe,2013,2013-05-23,Aus Fountain,16.1932918,-19.2053106,2013-05-23 11:00:00,2013-05-23 15:40:00,4.666666666666667,24.58,32.0,0.0,11,Low,Med,Low,High,Low Temp + Med Hum + Low Precip,Cold-Dry
03fe,2013,2013-05-24,Aus Fountain,16.1932918,-19.2053106,2013-05-24 18:20:00,2013-05-24 21:00:00,2.6666666666666665,24.58,28.0,0.0,18,Low,Low,Low,High,Low Temp + Low Hum + Low Precip,Cold-Dry
03fe,2013,2013-05-25,Aus Fountain,16.1932918,-19.2053106,2013-05-25 16:00:00,2013-05-25 17:40:00,1.6666666666666667,23.51,27.0,0.0,16,Low,Low,Low,Low,Low Temp + Low Hum + Low Precip,Cold-Dry
03fe,2013,2013-05-26,Homob Fountain,16.1928322,-19.0527354,2013-05-26 21:00:00,2013-05-26 21:40:00,0.6666666666666666,23.51,28.0,0.0,21,Low,Low,Low,Low,Low Temp + Low Hum + Low Precip,Cold-Dry
03fe,2013,2013-05-27,Homob Fountain,16.1928322,-19.0527354,2013-05-27 20:20:00,2013-05-27 21:20:00,1.0,22.44,29.0,0.0,20,Low,Low,Low,Low,Low Temp + Low Hum + Low Precip,Cold-Dry
03fe,2013,2013-05-29,Aus Fountain,16.1932918,-19.2053106,2013-05-29 12:00:00,2013-05-29 17:00:00,5.0,23.51,24.0,0.0,12,Low,Low,Low,High,Low Temp + Low Hum + Low Precip,Cold-Dry
03fe,2013,2013-05-30,Aus Fountain,16.1932918,-19.2053106,2013-05-30 18:00:00,2013-05-30 19:00:00,1.0,23.51,22.0,0.0,18,Low,Low,Low,Low,Low Temp + Low Hum + Low Precip,Cold-Dry
03fe,2013,2013-05-31,Aus Fountain,16.1932918,-19.2053106,2013-05-31 15:00:00,2013-05-31 17:00:00,2.0,23.51,26.0,0.0,15,Low,Low,Low,High,Low Temp + Low Hum + Low Precip,Cold-Dry
03fe,2013,2013-06-01,Aus Fountain,16.1932918,-19.2053106,2013-06-01 16:40:00,2013-06-01 23:40:00,7.0,25.65,29.0,0.0,16,Med,Low,Low,High,Med Temp + Low Hum + Low Precip,Cold-Dry
03fe,2013,2013-06-02,Aus Fountain,16.1932918,-19.2053106,2013-06-02 00:00:00,2013-06-02 21:00:00,21.0,25.65,31.0,0.0,0,Med,Low,Low,High,Med Temp + Low Hum + Low Precip,Cold-Dry
03fe,2013,2013-06-03,Aus Fountain,16.1932918,-19.2053106,2013-06-03 18:00:00,2013-06-03 19:40:00,1.6666666666666667,25.65,28.0,0.0,18,Med,Low,Low,Low,Med Temp + Low Hum + Low Precip,Cold-Dry
03fe,2013,2013-06-04,Aus Fountain,16.1932918,-19.2053106,2013-06-04 18:20:00,2013-06-04 20:20:00,2.0,24.58,30.0,0.0,18,Low,Low,Low,High,Low Temp + Low Hum + Low Precip,Cold-Dry
03fe,2013,2013-06-05,Aus Fountain,16.1932918,-19.2053106,2013-06-05 19:00:00,2013-06-05 20:00:00,1.0,24.58,27.0,0.0,19,Low,Low,Low,Low,Low Temp + Low Hum + Low Precip,Cold-Dry
03fe,2013,2013-06-06,Olifantsbad Waterhole,16.1310575,-19.2388057,2013-06-06 18:00:00,2013-06-06 19:00:00,1.0,23.51,25.0,0.0,18,Low,Low,Low,Low,Low Temp + Low Hum + Low Precip,Cold-Dry
03fe,2013,2013-06-07,Olifantsbad Waterhole,16.1310575,-19.2388057,2013-06-07 17:20:00,2013-06-07 19:00:00,1.6666666666666667,23.51,29.0,0.0,17,Low,Low,Low,Low,Low Temp + Low Hum + Low Precip,Cold-Dry
03fe,2013,2013-06-08,Olifantsbad Waterhole,16.1310575,-19.2388057,2013-06-08 16:40:00,2013-06-08 18:00:00,1.3333333333333333,23.51,32.0,0.0,16,Low,Med,Low,Low,Low Temp + Med Hum + Low Precip,Cold-Dry
03fe,2013,2013-06-09,Olifantsbad Waterhole,16.1310575,-19.2388057,2013-06-09 17:00:00,2013-06-09 19:00:00,2.0,24.58,28.0,0.0,17,Low,Low,Low,High,Low Temp + Low Hum + Low Precip,Cold-Dry
03fe,2013,2013-06-10,Olifantsbad Waterhole,16.1310575,-19.2388057,2013-06-10 17:40:00,2013-06-10 19:00:00,1.3333333333333333,21.38,28.0,0.0,17,Low,Low,Low,Low,Low Temp + Low Hum + Low Precip,Cold-Dry
03fe,2013,2013-06-12,Ombika,15.9411653,-19.31571144,2013-06-12 01:20:00,2013-06-12 02:00:00,0.6666666666666666,21.38,37.0,0.0,1,Low,Med,Low,Low,Low Temp + Med Hum + Low Precip,Cold-Dry
03fe,2013,2013-06-13,Aus Fountain,16.1932918,-19.2053106,2013-06-13 16:20:00,2013-06-13 18:40:00,2.333333333333333,21.38,40.0,0.0,16,Low,Med,Low,High,Low Temp + Med Hum + Low Precip,Cold-Dry
03fe,2013,2013-06-14,Aus Fountain,16.1932918,-19.2053106,2013-06-14 07:40:00,2013-06-14 14:40:00,7.0,22.44,35.0,0.0,7,Low,Med,Low,High,Low Temp + Med Hum + Low Precip,Cold-Dry
03fe,2013,2013-06-16,Rietfontein Fountain,16.3421481,-19.0367733,2013-06-16 16:40:00,2013-06-16 18:20:00,1.6666666666666667,21.38,29.0,0.0,16,Low,Low,Low,Low,Low Temp + Low Hum + Low Precip,Cold-Dry
03fe,2013,2013-06-17,Rietfontein Fountain,16.3421481,-19.0367733,2013-06-17 17:20:00,2013-06-17 18:00:00,0.6666666666666666,21.38,27.0,0.0,17,Low,Low,Low,Low,Low Temp + Low Hum + Low Precip,Cold-Dry
03fe,2013,2013-06-18,Rietfontein Fountain,16.3421481,-19.0367733,2013-06-18 18:40:00,2013-06-18 19:40:00,1.0,20.31,37.0,0.0,18,Low,Med,Low,Low,Low Temp + Med Hum + Low Precip,Cold-Dry
03fe,2013,2013-06-21,Goas 1 Fountain,16.5574864,-18.9912599,2013-06-21 19:20:00,2013-06-21 20:20:00,1.0,20.31,40.0,0.0,19,Low,Med,Low,Low,Low Temp + Med Hum + Low Precip,Cold-Dry
03fe,2013,2013-06-22,Goas 1 Fountain,16.5574864,-18.9912599,2013-06-22 16:40:00,2013-06-22 17:40:00,1.0,21.38,40.0,0.0,16,Low,Med,Low,Low,Low Temp + Med Hum + Low Precip,Cold-Dry
03fe,2013,2013-06-23,Goas 1 Fountain,16.5574864,-18.9912599,2013-06-23 17:00:00,2013-06-23 18:20:00,1.3333333333333333,21.38,37.0,0.0,17,Low,Med,Low,Low,Low Temp + Med Hum + Low Precip,Cold-Dry
03fe,2013,2013-06-25,Goas 1 Fountain,16.5574864,-18.9912599,2013-06-25 15:20:00,2013-06-25 16:20:00,1.0,22.44,34.0,0.0,15,Low,Med,Low,Low,Low Temp + Med Hum + Low Precip,Cold-Dry
03fe,2013,2013-06-26,Goas 1 Fountain,16.5574864,-18.9912599,2013-06-26 19:20:00,2013-06-26 20:20:00,1.0,23.51,29.0,0.0,19,Low,Low,Low,Low,Low Temp + Low Hum + Low Precip,Cold-Dry
03fe,2013,2013-06-27,Goas 1 Fountain,16.5574864,-18.9912599,2013-06-27 14:20:00,2013-06-27 16:20:00,2.0,22.44,24.0,0.0,14,Low,Low,Low,High,Low Temp + Low Hum + Low Precip,Cold-Dry
03fe,2013,2013-06-28,Goas 1 Fountain,16.5574864,-18.9912599,2013-06-28 17:40:00,2013-06-28 19:00:00,1.3333333333333333,22.44,27.0,0.0,17,Low,Low,Low,Low,Low Temp + Low Hum + Low Precip,Cold-Dry
03fe,2013,2013-06-30,Goas 1 Fountain,16.5574864,-18.9912599,2013-06-30 17:40:00,2013-06-30 20:00:00,2.333333333333333,22.44,27.0,0.0,17,Low,Low,Low,High,Low Temp + Low Hum + Low Precip,Cold-Dry
03fe,2013,2013-07-01,Goas 1 Fountain,16.5574864,-18.9912599,2013-07-01 14:20:00,2013-07-01 16:40:00,2.333333333333333,23.51,31.0,0.0,14,Low,Low,Low,High,Low Temp + Low Hum + Low Precip,Cold-Dry
03fe,2013,2013-07-02,Goas 1 Fountain,16.5574864,-18.9912599,2013-07-02 17:20:00,2013-07-02 18:40:00,1.3333333333333333,22.44,27.0,0.0,17,Low,Low,Low,Low,Low Temp + Low Hum + Low Precip,Cold-Dry
03fe,2013,2013-07-03,Goas 1 Fountain,16.5574864,-18.9912599,2013-07-03 16:00:00,2013-07-03 18:00:00,2.0,23.51,29.0,0.0,16,Low,Low,Low,High,Low Temp + Low Hum + Low Precip,Cold-Dry
03fe,2013,2013-07-04,Goas 1 Fountain,16.5574864,-18.9912599,2013-07-04 16:20:00,2013-07-04 18:40:00,2.333333333333333,21.38,32.0,0.0,16,Low,Med,Low,High,Low Temp + Med Hum + Low Precip,Cold-Dry
03fe,2013,2013-07-05,Goas 1 Fountain,16.5574864,-18.9912599,2013-07-05 20:40:00,2013-07-05 22:00:00,1.3333333333333333,22.44,33.0,0.0,20,Low,Med,Low,Low,Low Temp + Med Hum + Low Precip,Cold-Dry
03fe,2013,2013-07-06,Goas 1 Fountain,16.5574864,-18.9912599,2013-07-06 16:20:00,2013-07-06 18:00:00,1.6666666666666667,23.51,40.0,0.0,16,Low,Med,Low,Low,Low Temp + Med Hum + Low Precip,Cold-Dry
03fe,2013,2013-07-07,Goas 1 Fountain,16.5574864,-18.9912599,2013-07-07 19:40:00,2013-07-07 21:20:00,1.6666666666666667,24.58,33.0,0.0,19,Low,Med,Low,Low,Low Temp + Med Hum + Low Precip,Cold-Dry
03fe,2013,2013-07-10,Rietfontein Fountain,16.3421481,-19.0367733,2013-07-10 00:20:00,2013-07-10 18:40:00,18.33333333333333,22.44,26.0,0.0,0,Low,Low,Low,High,Low Temp + Low Hum + Low Precip,Cold-Dry
03fe,2013,2013-07-11,Rietfontein Fountain,16.3421481,-19.0367733,2013-07-11 18:00:00,2013-07-11 19:00:00,1.0,21.38,27.0,0.0,18,Low,Low,Low,Low,Low Temp + Low Hum + Low Precip,Cold-Dry
03fe,2013,2013-07-15,Rietfontein Fountain,16.3421481,-19.0367733,2013-07-15 17:00:00,2013-07-15 18:00:00,1.0,21.38,32.0,0.0,17,Low,Med,Low,Low,Low Temp + Med Hum + Low Precip,Cold-Dry
03fe,2013,2013-07-17,Rietfontein Fountain,16.3421481,-19.0367733,2013-07-17 11:00:00,2013-07-17 15:00:00,4.0,23.51,29.0,0.0,11,Low,Low,Low,High,Low Temp + Low Hum + Low Precip,Cold-Dry
03fe,2013,2013-07-19,Rietfontein Fountain,16.3421481,-19.0367733,2013-07-19 19:20:00,2013-07-19 19:40:00,0.3333333333333333,22.44,26.0,0.0,19,Low,Low,Low,Low,Low Temp + Low Hum + Low Precip,Cold-Dry
03fe,2013,2013-08-09,Goas 1 Fountain,16.5574864,-18.9912599,2013-08-09 17:40:00,2013-08-09 18:40:00,1.0,23.51,18.0,0.0,17,Low,Low,Low,Low,Low Temp + Low Hum + Low Precip,Cold-Dry
03fe,2013,2013-08-11,Goas 1 Fountain,16.5574864,-18.9912599,2013-08-11 09:20:00,2013-08-11 15:00:00,5.666666666666667,23.51,19.0,0.0,9,Low,Low,Low,High,Low Temp + Low Hum + Low Precip,Cold-Dry
03fe,2013,2013-08-20,Goas 1 Fountain,16.5574864,-18.9912599,2013-08-20 00:00:00,2013-08-20 00:00:00,0.0,25.65,12.0,0.0,0,Med,Low,Low,Low,Med Temp + Low Hum + Low Precip,Cold-Dry
03fe,2013,2013-08-22,Rietfontein Fountain,16.3421481,-19.0367733,2013-08-22 14:40:00,2013-08-22 15:40:00,1.0,26.72,19.0,0.0,14,Med,Low,Low,Low,Med Temp + Low Hum + Low Precip,Cold-Dry
03fe,2013,2013-08-23,Rietfontein Fountain,16.3421481,-19.0367733,2013-08-23 02:40:00,2013-08-23 20:00:00,17.333333333333332,26.72,17.0,0.0,2,Med,Low,Low,High,Med Temp + Low Hum + Low Precip,Cold-Dry
03fe,2013,2013-08-24,Rietfontein Fountain,16.3421481,-19.0367733,2013-08-24 15:00:00,2013-08-24 19:00:00,4.0,26.72,14.0,0.0,15,Med,Low,Low,High,Med Temp + Low Hum + Low Precip,Cold-Dry
03fe,2013,2013-08-25,Rietfontein Fountain,16.3421481,-19.0367733,2013-08-25 23:20:00,2013-08-25 23:40:00,0.3333333333333333,26.72,16.0,0.0,23,Med,Low,Low,Low,Med Temp + Low Hum + Low Precip,Cold-Dry
03fe,2013,2013-08-26,Rietfontein Fountain,16.3421481,-19.0367733,2013-08-26 00:00:00,2013-08-26 18:40:00,18.666666666666668,26.72,23.0,0.0,0,Med,Low,Low,High,Med Temp + Low Hum + Low Precip,Cold-Dry
03fe,2013,2013-08-27,Rietfontein Fountain,16.3421481,-19.0367733,2013-08-27 16:40:00,2013-08-27 19:00:00,2.333333333333333,27.79,21.0,0.0,16,Med,Low,Low,High,Med Temp + Low Hum + Low Precip,Cold-Dry
03fe,2013,2013-08-28,Rietfontein Fountain,16.3421481,-19.0367733,2013-08-28 12:40:00,2013-08-28 13:40:00,1.0,27.79,20.0,0.0,12,Med,Low,Low,Low,Med Temp + Low Hum + Low Precip,Cold-Dry
03fe,2013,2013-08-29,Rietfontein Fountain,16.3421481,-19.0367733,2013-08-29 18:00:00,2013-08-29 19:40:00,1.6666666666666667,27.79,19.0,0.0,18,Med,Low,Low,Low,Med Temp + Low Hum + Low Precip,Cold-Dry
03fe,2013,2013-08-31,Rietfontein Fountain,16.3421481,-19.0367733,2013-08-31 11:20:00,2013-08-31 18:00:00,6.666666666666667,21.38,19.0,0.0,11,Low,Low,Low,High,Low Temp + Low Hum + Low Precip,Cold-Dry
03fe,2013,2013-09-01,Rietfontein Fountain,16.3421481,-19.0367733,2013-09-01 17:20:00,2013-09-01 18:20:00,1.0,24.58,12.0,0.0,17,Low,Low,Low,Low,Low Temp + Low Hum + Low Precip,Hot-Dry
03fe,2013,2013-09-02,Rietfontein Fountain,16.3421481,-19.0367733,2013-09-02 18:20:00,2013-09-02 19:40:00,1.3333333333333333,25.65,13.0,0.0,18,Med,Low,Low,Low,Med Temp + Low Hum + Low Precip,Hot-Dry
03fe,2013,2013-09-03,Rietfontein Fountain,16.3421481,-19.0367733,2013-09-03 14:00:00,2013-09-03 15:40:00,1.6666666666666667,26.72,11.0,0.0,14,Med,Low,Low,Low,Med Temp + Low Hum + Low Precip,Hot-Dry
03fe,2013,2013-09-04,Rietfontein Fountain,16.3421481,-19.0367733,2013-09-04 16:20:00,2013-09-04 20:00:00,3.6666666666666665,28.86,10.0,0.0,16,Med,Low,Low,High,Med Temp + Low Hum + Low Precip,Hot-Dry
03fe,2013,2013-09-05,Rietfontein Fountain,16.3421481,-19.0367733,2013-09-05 15:20:00,2013-09-05 16:00:00,0.6666666666666666,29.93,13.0,0.0,15,Med,Low,Low,Low,Med Temp + Low Hum + Low Precip,Hot-Dry
03fe,2013,2013-09-06,Rietfontein Fountain,16.3421481,-19.0367733,2013-09-06 16:00:00,2013-09-06 18:00:00,2.0,29.93,17.0,0.0,16,Med,Low,Low,High,Med Temp + Low Hum + Low Precip,Hot-Dry
03fe,2013,2013-09-08,Rietfontein Fountain,16.3421481,-19.0367733,2013-09-08 09:00:00,2013-09-08 16:00:00,7.0,28.86,16.0,0.0,9,Med,Low,Low,High,Med Temp + Low Hum + Low Precip,Hot-Dry
03fe,2013,2013-09-10,Rietfontein Fountain,16.3421481,-19.0367733,2013-09-10 20:00:00,2013-09-10 21:20:00,1.3333333333333333,28.86,13.0,0.0,20,Med,Low,Low,Low,Med Temp + Low Hum + Low Precip,Hot-Dry
03fe,2013,2013-09-11,Rietfontein Fountain,16.3421481,-19.0367733,2013-09-11 16:20:00,2013-09-11 18:40:00,2.333333333333333,28.86,14.0,0.0,16,Med,Low,Low,High,Med Temp + Low Hum + Low Precip,Hot-Dry
03fe,2013,2013-09-12,Rietfontein Fountain,16.3421481,-19.0367733,2013-09-12 18:20:00,2013-09-12 20:40:00,2.333333333333333,27.79,21.0,0.0,18,Med,Low,Low,High,Med Temp + Low Hum + Low Precip,Hot-Dry
03fe,2013,2013-09-13,Rietfontein Fountain,16.3421481,-19.0367733,2013-09-13 13:00:00,2013-09-13 14:00:00,1.0,26.72,24.0,0.0,13,Med,Low,Low,Low,Med Temp + Low Hum + Low Precip,Hot-Dry
03fe,2013,2013-09-14,Rietfontein Fountain,16.3421481,-19.0367733,2013-09-14 19:40:00,2013-09-14 20:40:00,1.0,28.86,22.0,0.0,19,Med,Low,Low,Low,Med Temp + Low Hum + Low Precip,Hot-Dry
03fe,2013,2013-09-15,Rietfontein Fountain,16.3421481,-19.0367733,2013-09-15 18:40:00,2013-09-15 19:40:00,1.0,28.86,18.0,0.0,18,Med,Low,Low,Low,Med Temp + Low Hum + Low Precip,Hot-Dry
03fe,2013,2013-09-16,Rietfontein Fountain,16.3421481,-19.0367733,2013-09-16 20:00:00,2013-09-16 21:20:00,1.3333333333333333,31.0,10.0,0.0,20,High,Low,Low,Low,High Temp + Low Hum + Low Precip,Hot-Dry
03fe,2013,2013-09-17,Rietfontein Fountain,16.3421481,-19.0367733,2013-09-17 20:40:00,2013-09-17 22:20:00,1.6666666666666667,32.06,11.0,0.0,20,High,Low,Low,Low,High Temp + Low Hum + Low Precip,Hot-Dry
03fe,2013,2013-09-18,Rietfontein Fountain,16.3421481,-19.0367733,2013-09-18 18:20:00,2013-09-18 21:20:00,3.0,34.2,14.0,0.0,18,High,Low,Low,High,High Temp + Low Hum + Low Precip,Hot-Dry
03fe,2013,2013-09-24,Goas 1 Fountain,16.5574864,-18.9912599,2013-09-24 18:20:00,2013-09-24 22:40:00,4.333333333333333,29.93,29.0,0.0,18,Med,Low,Low,High,Med Temp + Low Hum + Low Precip,Hot-Dry
03fe,2013,2013-09-25,Goas 1 Fountain,16.5574864,-18.9912599,2013-09-25 18:40:00,2013-09-25 22:00:00,3.333333333333333,28.86,38.0,2.67,18,Med,Med,Low,High,Med Temp + Med Hum + Low Precip,Hot-Dry
03fe,2013,2013-09-26,Goas 1 Fountain,16.5574864,-18.9912599,2013-09-26 18:40:00,2013-09-26 20:21:00,1.6833333333333331,29.93,38.0,0.0,18,Med,Med,Low,High,Med Temp + Med Hum + Low Precip,Hot-Dry
03fe,2013,2013-10-04,Goas 1 Fountain,16.5574864,-18.9912599,2013-10-04 08:40:00,2013-10-04 20:00:00,11.333333333333334,29.93,9.0,0.0,8,Med,Low,Low,High,Med Temp + Low Hum + Low Precip,Hot-Dry
03fe,2013,2013-10-09,Rietfontein Fountain,16.3421481,-19.0367733,2013-10-09 17:40:00,2013-10-09 18:20:00,0.6666666666666666,33.13,16.0,0.0,17,High,Low,Low,Low,High Temp + Low Hum + Low Precip,Hot-Dry
03fe,2013,2013-10-11,Homob Fountain,16.1928322,-19.0527354,2013-10-11 19:00:00,2013-10-11 19:40:00,0.6666666666666666,33.13,18.0,0.21,19,High,Low,Low,Low,High Temp + Low Hum + Low Precip,Hot-Dry
03fe,2013,2013-10-13,Aus Fountain,16.1932918,-19.2053106,2013-10-13 00:40:00,2013-10-13 01:20:00,0.6666666666666666,34.2,15.0,0.0,0,High,Low,Low,Low,High Temp + Low Hum + Low Precip,Hot-Dry
03fe,2013,2013-10-14,Aus Fountain,16.1932918,-19.2053106,2013-10-14 02:40:00,2013-10-14 21:20:00,18.666666666666668,35.27,14.0,0.0,2,High,Low,Low,High,High Temp + Low Hum + Low Precip,Hot-Dry
03fe,2013,2013-10-24,Goas 1 Fountain,16.5574864,-18.9912599,2013-10-24 21:20:00,2013-10-24 23:20:00,2.0,31.0,18.0,0.0,21,High,Low,Low,High,High Temp + Low Hum + Low Precip,Hot-Dry
03fe,2013,2013-10-24,Noniams,16.5658651,-19.0093006,2013-10-24 16:20:00,2013-10-24 17:00:00,0.6666666666666666,31.0,18.0,0.0,16,High,Low,Low,Low,High Temp + Low Hum + Low Precip,Hot-Dry
03fe,2013,2013-10-26,Goas 1 Fountain,16.5574864,-18.9912599,2013-10-26 17:20:00,2013-10-26 18:20:00,1.0,31.0,15.0,0.0,17,High,Low,Low,Low,High Temp + Low Hum + Low Precip,Hot-Dry
03fe,2013,2013-10-26,Noniams,16.5658651,-19.0093006,2013-10-26 18:40:00,2013-10-26 19:20:00,0.6666666666666666,31.0,15.0,0.0,18,High,Low,Low,Low,High Temp + Low Hum + Low Precip,Hot-Dry
03fe,2013,2013-10-27,Noniams,16.5658651,-19.0093006,2013-10-27 06:00:00,2013-10-27 22:00:00,16.0,33.13,12.0,0.0,6,High,Low,Low,High,High Temp + Low Hum + Low Precip,Hot-Dry
03fe,2013,2013-10-28,Goas 1 Fountain,16.5574864,-18.9912599,2013-10-28 18:00:00,2013-10-28 21:00:00,3.0,34.2,11.0,0.0,18,High,Low,Low,High,High Temp + Low Hum + Low Precip,Hot-Dry
03fe,2013,2013-10-28,Noniams,16.5658651,-19.0093006,2013-10-28 07:00:00,2013-10-28 16:20:00,9.333333333333334,34.2,11.0,0.0,7,High,Low,Low,High,High Temp + Low Hum + Low Precip,Hot-Dry
03fe,2013,2013-10-29,Noniams,16.5658651,-19.0093006,2013-10-29 00:40:00,2013-10-29 03:20:00,2.6666666666666665,34.2,14.0,0.0,0,High,Low,Low,High,High Temp + Low Hum + Low Precip,Hot-Dry
03fe,2013,2013-10-30,Goas 1 Fountain,16.5574864,-18.9912599,2013-10-30 00:20:00,2013-10-30 02:00:00,1.6666666666666667,33.13,16.0,0.0,0,High,Low,Low,Low,High Temp + Low Hum + Low Precip,Hot-Dry
03fe,2013,2013-11-03,Goas 1 Fountain,16.5574864,-18.9912599,2013-11-03 20:20:00,2013-11-03 22:20:00,2.0,33.13,9.0,0.0,20,High,Low,Low,High,High Temp + Low Hum + Low Precip,Hot-Dry
03fe,2013,2013-11-03,Noniams,16.5658651,-19.0093006,2013-11-03 19:00:00,2013-11-03 19:20:00,0.3333333333333333,33.13,9.0,0.0,19,High,Low,Low,Low,High Temp + Low Hum + Low Precip,Hot-Dry
03fe,2013,2013-11-04,Goas 1 Fountain,16.5574864,-18.9912599,2013-11-04 17:40:00,2013-11-04 19:40:00,2.0,32.06,12.0,0.0,17,High,Low,Low,High,High Temp + Low Hum + Low Precip,Hot-Dry
03fe,2013,2013-11-04,Noniams,16.5658651,-19.0093006,2013-11-04 07:20:00,2013-11-04 09:00:00,1.6666666666666667,32.06,12.0,0.0,7,High,Low,Low,Low,High Temp + Low Hum + Low Precip,Hot-Dry
03fe,2013,2013-11-12,Goas 1 Fountain,16.5574864,-18.9912599,2013-11-12 20:00:00,2013-11-12 23:40:00,3.6666666666666665,34.2,31.0,2.46,20,High,Low,Low,High,High Temp + Low Hum + Low Precip,Hot-Dry
03fe,2013,2013-11-12,Noniams,16.5658651,-19.0093006,2013-11-12 19:40:00,2013-11-12 19:40:00,0.0,34.2,31.0,2.46,19,High,Low,Low,Low,High Temp + Low Hum + Low Precip,Hot-Dry
03fe,2013,2013-11-13,Goas 1 Fountain,16.5574864,-18.9912599,2013-11-13 00:00:00,2013-11-13 20:00:00,20.0,32.06,39.0,1.71,0,High,Med,Low,High,High Temp + Med Hum + Low Precip,Hot-Dry
03fe,2013,2013-11-14,Goas 1 Fountain,16.5574864,-18.9912599,2013-11-14 18:20:00,2013-11-14 20:20:00,2.0,29.93,44.0,2.14,18,Med,Med,Low,High,Med Temp + Med Hum + Low Precip,Hot-Dry
03fe,2013,2013-11-14,Noniams,16.5658651,-19.0093006,2013-11-14 21:00:00,2013-11-14 23:40:00,2.6666666666666665,29.93,44.0,2.14,21,Med,Med,Low,High,Med Temp + Med Hum + Low Precip,Hot-Dry
03fe,2013,2013-11-27,Rietfontein Fountain,16.3421481,-19.0367733,2013-11-27 15:00:00,2013-11-27 15:40:00,0.6666666666666666,31.0,37.0,0.0,15,High,Med,Low,Low,High Temp + Med Hum + Low Precip,Hot-Dry
03fe,2013,2013-11-29,Goas 1 Fountain,16.5574864,-18.9912599,2013-11-29 23:00:00,2013-11-29 23:40:00,0.6666666666666666,33.13,33.0,0.0,23,High,Med,Low,Low,High Temp + Med Hum + Low Precip,Hot-Dry
03fe,2013,2013-11-30,Goas 1 Fountain,16.5574864,-18.9912599,2013-11-30 21:20:00,2013-11-30 22:00:00,0.6666666666666666,33.13,33.0,2.46,21,High,Med,Low,Low,High Temp + Med Hum + Low Precip,Hot-Dry
03fe,2013,2013-11-30,Noniams,16.5658651,-19.0093006,2013-11-30 00:20:00,2013-11-30 00:40:00,0.3333333333333333,33.13,33.0,2.46,0,High,Med,Low,Low,High Temp + Med Hum + Low Precip,Hot-Dry
