lon,lat,waterhole,month
15.33139038,-18.96117961,Sonderkop waterhole,6
15.32820231,-18.96894735,Sonderkop waterhole,6
15.32820129,-18.96895955,Sonderkop waterhole,6
15.32797648,-18.96861572,Sonderkop waterhole,6
15.32799377,-18.96860962,Sonderkop waterhole,6
15.32820435,-18.96894735,Sonderkop waterhole,6
15.33099772,-18.96662801,Sonderkop waterhole,6
15.33187052,-18.96656698,Sonderkop waterhole,6
15.3321167,-18.96597697,Sonderkop waterhole,6
15.33216248,-18.96579183,Sonderkop waterhole,6
15.33221232,-18.96581217,Sonderkop waterhole,6
15.33208008,-18.96589152,Sonderkop waterhole,6
15.32876485,-18.96749471,Sonderkop waterhole,6
15.32800496,-18.96862793,Sonderkop waterhole,6
15.32800802,-18.96861979,Sonderkop waterhole,6
15.32864787,-18.96858724,Sonderkop waterhole,6
15.33162435,-18.96470947,Sonderkop waterhole,6
15.33269653,-18.96448364,Sonderkop waterhole,6
15.33337199,-18.96417033,Sonderkop waterhole,6
15.33367004,-18.96421305,Sonderkop waterhole,6
15.3341156,-18.96385905,Sonderkop waterhole,6
15.32950643,-18.96518555,Sonderkop waterhole,6
15.32819722,-18.96895752,Sonderkop waterhole,6
15.328184,-18.96893921,Sonderkop waterhole,6
15.32801921,-18.96852824,Sonderkop waterhole,6
15.32968445,-18.96477051,Sonderkop waterhole,6
15.33059285,-18.9631958,Sonderkop waterhole,6
15.32818909,-18.96895752,Sonderkop waterhole,6
15.32801412,-18.96859945,Sonderkop waterhole,6
15.32804159,-18.96868693,Sonderkop waterhole,6
15.32815348,-18.96896769,Sonderkop waterhole,6
15.32956645,-18.96854858,Sonderkop waterhole,6
15.33206787,-18.96690063,Sonderkop waterhole,6
15.33289693,-18.96571859,Sonderkop waterhole,6
15.33320821,-18.96510417,Sonderkop waterhole,6
15.33340352,-18.96406657,Sonderkop waterhole,6
15.33346659,-18.96345011,Sonderkop waterhole,6
15.33354085,-18.96340129,Sonderkop waterhole,6
15.33386027,-18.96296997,Sonderkop waterhole,6
15.3299235,-18.96132202,Sonderkop waterhole,6
15.32867635,-18.9676534,Sonderkop waterhole,6
15.32818197,-18.96893514,Sonderkop waterhole,6
15.32793274,-18.96835734,Sonderkop waterhole,6
15.3281016,-18.96829631,Sonderkop waterhole,6
15.32819519,-18.96893514,Sonderkop waterhole,6
15.32926737,-18.96572673,Sonderkop waterhole,6
15.33133647,-18.96135661,Sonderkop waterhole,6
15.32772115,-18.96441854,Sonderkop waterhole,7
15.32784831,-18.96581014,Sonderkop waterhole,7
15.32801005,-18.9671936,Sonderkop waterhole,7
15.328184,-18.96895345,Sonderkop waterhole,7
15.32786967,-18.96837769,Sonderkop waterhole,7
15.328184,-18.96895752,Sonderkop waterhole,7
15.32952474,-18.96507568,Sonderkop waterhole,7
15.33123881,-18.96132609,Sonderkop waterhole,7
15.32950846,-18.9651591,Sonderkop waterhole,7
15.32819519,-18.96893921,Sonderkop waterhole,7
15.32808329,-18.96893514,Sonderkop waterhole,7
15.32844849,-18.96797485,Sonderkop waterhole,7
15.32939046,-18.96541951,Sonderkop waterhole,7
15.32819621,-18.96894938,Sonderkop waterhole,7
15.32794902,-18.96848145,Sonderkop waterhole,7
15.33126831,-18.97266846,Sonderkop waterhole,7
15.33246257,-18.97359416,Sonderkop waterhole,7
15.32865804,-18.9697998,Sonderkop waterhole,7
15.32817485,-18.96896769,Sonderkop waterhole,7
15.32923075,-18.97049967,Sonderkop waterhole,7
15.33334757,-18.97569377,Sonderkop waterhole,7
15.33432414,-18.96811117,Sonderkop waterhole,7
15.32856547,-18.96888021,Sonderkop waterhole,7
15.32817586,-18.96895345,Sonderkop waterhole,7
15.32817891,-18.96896362,Sonderkop waterhole,7
15.32996114,-18.96420085,Sonderkop waterhole,7
15.33044535,-18.96091512,Sonderkop waterhole,7
15.32965291,-18.96366781,Sonderkop waterhole,7
15.32819926,-18.9689738,Sonderkop waterhole,7
15.32802531,-18.96865438,Sonderkop waterhole,7
15.32786255,-18.96329753,Sonderkop waterhole,7
15.32990316,-18.96138102,Sonderkop waterhole,7
15.32832133,-18.96840413,Sonderkop waterhole,7
15.32966309,-18.96853231,Sonderkop waterhole,7
15.33459574,-18.96810913,Sonderkop waterhole,7
15.33220317,-18.96801554,Sonderkop waterhole,7
15.32818705,-18.96896973,Sonderkop waterhole,7
15.32801208,-18.96905111,Sonderkop waterhole,7
15.32814636,-18.96891683,Sonderkop waterhole,7
15.32846883,-18.96888631,Sonderkop waterhole,7
15.32810262,-18.96910807,Sonderkop waterhole,7
15.32766724,-18.96899618,Sonderkop waterhole,7
15.32851868,-18.96963704,Sonderkop waterhole,7
15.33097331,-18.97259318,Sonderkop waterhole,7
15.33232931,-18.97526855,Sonderkop waterhole,7
15.33199666,-18.97070923,Sonderkop waterhole,7
15.32819316,-18.96896159,Sonderkop waterhole,7
15.32817383,-18.96895142,Sonderkop waterhole,7
15.32815857,-18.96892497,Sonderkop waterhole,7
15.32818502,-18.96896362,Sonderkop waterhole,7
15.32815145,-18.96896769,Sonderkop waterhole,7
15.3281606,-18.96893311,Sonderkop waterhole,7
15.32819722,-18.96894531,Sonderkop waterhole,7
15.32883708,-18.96942546,Sonderkop waterhole,7
15.32919108,-18.96959025,Sonderkop waterhole,7
15.33080139,-18.97009277,Sonderkop waterhole,7
15.3315389,-18.97005615,Sonderkop waterhole,7
15.33224894,-18.97014974,Sonderkop waterhole,7
15.332547,-18.97039185,Sonderkop waterhole,7
15.33316956,-18.97035726,Sonderkop waterhole,7
15.33473918,-18.97014974,Sonderkop waterhole,7
15.3354482,-18.97029215,Sonderkop waterhole,7
15.33596903,-18.97045085,Sonderkop waterhole,7
15.33626099,-18.97057699,Sonderkop waterhole,7
15.33615214,-18.97061157,Sonderkop waterhole,7
15.33653564,-18.97046916,Sonderkop waterhole,7
15.3366862,-18.97042033,Sonderkop waterhole,7
15.33664754,-18.97043254,Sonderkop waterhole,7
15.33667908,-18.97044678,Sonderkop waterhole,7
15.33667196,-18.97041219,Sonderkop waterhole,7
15.33668722,-18.97042847,Sonderkop waterhole,7
15.33672587,-18.97035726,Sonderkop waterhole,7
15.33617961,-18.96931763,Sonderkop waterhole,7
15.33541158,-18.96858317,Sonderkop waterhole,7
15.33374023,-18.96809489,Sonderkop waterhole,7
15.33227743,-18.96753133,Sonderkop waterhole,7
15.32934062,-18.96863403,Sonderkop waterhole,7
15.328184,-18.96895142,Sonderkop waterhole,7
15.32924703,-18.96866048,Sonderkop waterhole,7
15.33482259,-18.96808675,Sonderkop waterhole,7
15.33087056,-18.96820475,Sonderkop waterhole,7
15.32819214,-18.96895752,Sonderkop waterhole,7
15.32819621,-18.96895549,Sonderkop waterhole,7
15.32815145,-18.96901652,Sonderkop waterhole,7
15.32589315,-18.97449544,Sonderkop waterhole,7
15.32748311,-18.9715922,Sonderkop waterhole,7
15.32818604,-18.96895549,Sonderkop waterhole,7
15.32805176,-18.96847738,Sonderkop waterhole,7
15.32982483,-18.96850993,Sonderkop waterhole,7
15.33501892,-18.96936646,Sonderkop waterhole,7
15.33565165,-18.96971436,Sonderkop waterhole,7
15.33611043,-18.9700175,Sonderkop waterhole,7
15.33597616,-18.97010498,Sonderkop waterhole,7
15.33655701,-18.97033081,Sonderkop waterhole,7
15.33676147,-18.97035726,Sonderkop waterhole,7
15.3360026,-18.9680013,Sonderkop waterhole,7
15.33070882,-18.96835124,Sonderkop waterhole,7
15.32819519,-18.96894328,Sonderkop waterhole,7
15.32831421,-18.96873169,Sonderkop waterhole,7
15.33208923,-18.9692627,Sonderkop waterhole,7
15.33484395,-18.96946004,Sonderkop waterhole,7
15.3309906,-18.96542358,Sonderkop waterhole,7
15.32925924,-18.9678833,Sonderkop waterhole,7
15.32817688,-18.96893717,Sonderkop waterhole,7
15.32820028,-18.96893514,Sonderkop waterhole,7
15.32820129,-18.96895752,Sonderkop waterhole,7
15.32816976,-18.96900024,Sonderkop waterhole,7
15.32878825,-18.96946411,Sonderkop waterhole,7
15.3285675,-18.96802979,Sonderkop waterhole,7
15.32818502,-18.96896973,Sonderkop waterhole,7
15.32818705,-18.96896362,Sonderkop waterhole,7
15.32886963,-18.96878662,Sonderkop waterhole,7
15.33124491,-18.9691569,Sonderkop waterhole,7
15.33215027,-18.97050781,Sonderkop waterhole,7
15.33153585,-18.9729716,Sonderkop waterhole,7
15.32772624,-18.97652791,Sonderkop waterhole,7
15.32515055,-18.97684733,Sonderkop waterhole,7
15.32439982,-18.97596029,Sonderkop waterhole,7
15.32266337,-18.975177,Sonderkop waterhole,7
15.322288,-18.97122192,Sonderkop waterhole,7
15.32460225,-18.97030436,Sonderkop waterhole,7
15.32528585,-18.97014364,Sonderkop waterhole,7
15.326415,-18.96976929,Sonderkop waterhole,7
15.32820028,-18.96896566,Sonderkop waterhole,7
15.32819214,-18.96896973,Sonderkop waterhole,7
15.33056946,-18.96829427,Sonderkop waterhole,7
15.33170776,-18.96803589,Sonderkop waterhole,7
15.32798258,-18.96891276,Sonderkop waterhole,7
15.32819824,-18.96896769,Sonderkop waterhole,7
15.32819519,-18.96896973,Sonderkop waterhole,7
15.32819926,-18.96896973,Sonderkop waterhole,7
15.32819926,-18.96897786,Sonderkop waterhole,7
15.32994385,-18.96784668,Sonderkop waterhole,7
15.33391622,-18.96723633,Sonderkop waterhole,7
15.33591512,-18.96767375,Sonderkop waterhole,7
15.33674723,-18.96750692,Sonderkop waterhole,7
15.32820943,-18.96895345,Sonderkop waterhole,7
15.32820638,-18.96894735,Sonderkop waterhole,7
15.32820943,-18.96894938,Sonderkop waterhole,7
15.32944438,-18.96765747,Sonderkop waterhole,7
15.33081563,-18.96637166,Sonderkop waterhole,7
15.33135783,-18.96599528,Sonderkop waterhole,7
15.33343608,-18.96409302,Sonderkop waterhole,7
15.33606669,-18.96554159,Sonderkop waterhole,7
15.3352183,-18.96803589,Sonderkop waterhole,7
15.3281484,-18.96896159,Sonderkop waterhole,7
15.32811076,-18.96895955,Sonderkop waterhole,7
15.32896932,-18.96872559,Sonderkop waterhole,7
15.33216654,-18.96800741,Sonderkop waterhole,7
15.33514608,-18.96810506,Sonderkop waterhole,7
15.32892049,-18.96832479,Sonderkop waterhole,7
15.32818604,-18.96897176,Sonderkop waterhole,7
15.32817993,-18.96896159,Sonderkop waterhole,7
15.32819417,-18.96896566,Sonderkop waterhole,7
15.32971395,-18.96850586,Sonderkop waterhole,7
15.33439331,-18.96809082,Sonderkop waterhole,7
15.32986348,-18.96845093,Sonderkop waterhole,7
15.32818502,-18.96893717,Sonderkop waterhole,7
15.32815247,-18.96893107,Sonderkop waterhole,7
15.32811381,-18.96899618,Sonderkop waterhole,7
15.32823079,-18.96900228,Sonderkop waterhole,7
15.32833252,-18.96897583,Sonderkop waterhole,7
15.3285848,-18.96871948,Sonderkop waterhole,7
15.32820841,-18.96891073,Sonderkop waterhole,7
15.32815348,-18.96894531,Sonderkop waterhole,7
15.32826945,-18.96883138,Sonderkop waterhole,7
15.32955526,-18.96911418,Sonderkop waterhole,7
15.32983297,-18.96912842,Sonderkop waterhole,7
15.33171794,-18.96919963,Sonderkop waterhole,7
15.33320414,-18.96940308,Sonderkop waterhole,7
15.33412679,-18.96944377,Sonderkop waterhole,7
15.33512065,-18.96956991,Sonderkop waterhole,7
15.33622335,-18.97008464,Sonderkop waterhole,7
15.33655192,-18.9702474,Sonderkop waterhole,7
15.3366394,-18.97022909,Sonderkop waterhole,7
15.33698832,-18.97020467,Sonderkop waterhole,7
15.33036906,-18.96357625,Sonderkop waterhole,7
15.32819316,-18.96896159,Sonderkop waterhole,7
15.32851969,-18.96951294,Sonderkop waterhole,7
15.33195089,-18.9743571,Sonderkop waterhole,7
15.32419942,-18.97624105,Sonderkop waterhole,7
15.32818502,-18.96895345,Sonderkop waterhole,7
15.32810872,-18.96899618,Sonderkop waterhole,7
15.32820435,-18.96895142,Sonderkop waterhole,7
15.33020732,-18.96679281,Sonderkop waterhole,7
15.32799276,-18.96054077,Sonderkop waterhole,7
15.32793986,-18.96618245,Sonderkop waterhole,7
15.32820638,-18.96896362,Sonderkop waterhole,7
15.32871704,-18.96919352,Sonderkop waterhole,7
15.32907104,-18.96909587,Sonderkop waterhole,7
15.32916361,-18.96914469,Sonderkop waterhole,7
15.32850749,-18.96847941,Sonderkop waterhole,7
15.33179423,-18.9669637,Sonderkop waterhole,7
15.33461711,-18.9674174,Sonderkop waterhole,7
15.33669535,-18.96748454,Sonderkop waterhole,8
15.32819621,-18.96896769,Sonderkop waterhole,8
15.32819824,-18.96896566,Sonderkop waterhole,8
15.32819722,-18.96895752,Sonderkop waterhole,8
15.32852681,-18.96871948,Sonderkop waterhole,8
15.33130086,-18.96838786,Sonderkop waterhole,8
15.3353302,-18.9694987,Sonderkop waterhole,8
15.33673401,-18.96901855,Sonderkop waterhole,8
15.33451029,-18.96812134,Sonderkop waterhole,8
15.33140971,-18.96806641,Sonderkop waterhole,8
15.33132528,-18.96809285,Sonderkop waterhole,8
15.33032939,-18.96835327,Sonderkop waterhole,8
15.32817891,-18.96896566,Sonderkop waterhole,8
15.32818909,-18.96895549,Sonderkop waterhole,8
15.32843018,-18.96875,Sonderkop waterhole,8
15.32875773,-18.96880493,Sonderkop waterhole,8
15.32879842,-18.96880493,Sonderkop waterhole,8
15.33154704,-18.96802368,Sonderkop waterhole,8
15.33381246,-18.9680542,Sonderkop waterhole,8
15.33413696,-18.96792603,Sonderkop waterhole,8
15.32813212,-18.9762085,Sonderkop waterhole,8
15.32777608,-18.97332967,Sonderkop waterhole,8
15.32756551,-18.97237142,Sonderkop waterhole,8
15.32817993,-18.96895345,Sonderkop waterhole,8
15.32817078,-18.96895142,Sonderkop waterhole,8
15.32831319,-18.96938273,Sonderkop waterhole,8
15.32820028,-18.96914266,Sonderkop waterhole,8
15.32811076,-18.96905314,Sonderkop waterhole,8
15.32794189,-18.96920776,Sonderkop waterhole,8
15.32802429,-18.97474772,Sonderkop waterhole,8
15.26340841,-18.99301758,Duiwelsvuur,8
15.25970052,-18.98765055,Duiwelsvuur,8
15.25969747,-18.98765055,Duiwelsvuur,8
15.25965068,-18.9880249,Duiwelsvuur,8
15.25971069,-18.98763021,Duiwelsvuur,8
15.25971476,-18.98763428,Duiwelsvuur,8
15.26012573,-18.98608195,Duiwelsvuur,8
15.26013184,-18.98567912,Duiwelsvuur,8
15.26000773,-18.98556519,Duiwelsvuur,8
15.25994568,-18.98542074,Duiwelsvuur,8
15.25979106,-18.98540243,Duiwelsvuur,8
15.25939128,-18.98573608,Duiwelsvuur,8
15.25928446,-18.98579508,Duiwelsvuur,8
15.25927531,-18.98578695,Duiwelsvuur,8
15.2594279,-18.98602498,Duiwelsvuur,8
15.25962219,-18.98683472,Duiwelsvuur,8
15.259729,-18.98702596,Duiwelsvuur,8
15.25967916,-18.98778483,Duiwelsvuur,8
15.25982869,-18.98804321,Duiwelsvuur,8
15.25970256,-18.98764852,Duiwelsvuur,8
15.25971069,-18.98766276,Duiwelsvuur,8
15.26088257,-18.98712972,Duiwelsvuur,8
15.2619517,-18.98728231,Duiwelsvuur,8
15.26220805,-18.98733114,Duiwelsvuur,8
15.26258952,-18.98834025,Duiwelsvuur,8
15.26245321,-18.9902181,Duiwelsvuur,8
15.26360982,-18.99040731,Duiwelsvuur,8
15.26372782,-18.99037476,Duiwelsvuur,8
15.26473185,-18.99133708,Duiwelsvuur,8
15.26515401,-18.9928833,Duiwelsvuur,8
15.26518148,-18.99308879,Duiwelsvuur,8
15.26536764,-18.99337565,Duiwelsvuur,8
15.26532898,-18.99347127,Duiwelsvuur,8
15.26543376,-18.99378255,Duiwelsvuur,8
15.26538798,-18.99395142,Duiwelsvuur,8
15.26517639,-18.99457804,Duiwelsvuur,8
15.26328939,-18.99320882,Duiwelsvuur,8
15.25969849,-18.98761393,Duiwelsvuur,8
15.25969035,-18.98762817,Duiwelsvuur,8
15.25970459,-18.98765055,Duiwelsvuur,8
15.25969747,-18.98764242,Duiwelsvuur,8
15.25992228,-18.98594971,Duiwelsvuur,8
15.26024984,-18.98509521,Duiwelsvuur,8
15.26026001,-18.98510742,Duiwelsvuur,8
15.26021322,-18.98509115,Duiwelsvuur,8
15.2602183,-18.98508097,Duiwelsvuur,8
15.2601064,-18.9841451,Duiwelsvuur,8
15.26074829,-18.98303223,Duiwelsvuur,8
15.26078491,-18.98290202,Duiwelsvuur,8
15.26074015,-18.98273926,Duiwelsvuur,8
15.26059875,-18.98236491,Duiwelsvuur,8
15.2605957,-18.98212484,Duiwelsvuur,8
15.2598643,-18.98161011,Duiwelsvuur,8
15.25865885,-18.98076579,Duiwelsvuur,8
15.25868835,-18.98080037,Duiwelsvuur,8
15.25874532,-18.98149821,Duiwelsvuur,8
15.25837199,-18.98282064,Duiwelsvuur,8
15.25828857,-18.98297526,Duiwelsvuur,8
15.25848897,-18.98334351,Duiwelsvuur,8
15.2594106,-18.98620199,Duiwelsvuur,8
15.25976563,-18.98763631,Duiwelsvuur,8
15.25957743,-18.98758952,Duiwelsvuur,8
15.26025391,-18.98814901,Duiwelsvuur,8
15.26242676,-18.99021606,Duiwelsvuur,8
15.26321411,-18.99265137,Duiwelsvuur,8
15.26394552,-18.99427897,Duiwelsvuur,8
15.32813721,-18.9771403,Sonderkop waterhole,8
15.3281901,-18.96896566,Sonderkop waterhole,8
15.32819417,-18.96894328,Sonderkop waterhole,8
15.33253581,-18.96795247,Sonderkop waterhole,8
15.33522847,-18.96868896,Sonderkop waterhole,8
15.33706767,-18.96980184,Sonderkop waterhole,8
15.40193787,-18.97992757,Arendsnes,8
15.40753174,-18.9782959,Arendsnes,8
15.41272685,-18.97692057,Arendsnes,8
15.41877848,-18.97715658,Arendsnes,8
15.63098857,-19.13272095,Grünewald waterhole,8
15.63155619,-19.13166504,Grünewald waterhole,8
15.63170369,-19.13029785,Grünewald waterhole,8
15.63234456,-19.12884725,Grünewald waterhole,8
15.63233541,-19.12885132,Grünewald waterhole,8
15.63234253,-19.12885742,Grünewald waterhole,8
15.63274434,-19.12815755,Grünewald waterhole,8
15.63420308,-19.12748413,Grünewald waterhole,8
15.63537394,-19.12659302,Grünewald waterhole,8
15.63619893,-19.12644653,Grünewald waterhole,8
15.63621114,-19.12646688,Grünewald waterhole,8
15.64118347,-19.12423299,Grünewald waterhole,8
