2.293131773644069108e+04,1.890484455272907871e+04,1.424832240058700881e+04,1.200520376827883047e+04,1.729743858204034404e+04,2.403199099246716651e+04,2.297324788192047708e+04,2.352968134306489446e+04,2.837654280210659635e+04,2.979587169732164330e+04,2.603764582192454691e+04,1.338313154570552615e+04,1.648826008883956092e+04,1.720076424046756802e+04,1.775767097143233696e+04,3.240035835504893112e+04,3.800596265138180752e+04,3.635877087191102328e+04,3.902411881426531909e+04,2.756260171541058662e+04,2.750998915531188686e+04,2.770053617031400063e+04,2.690210994732265317e+04,2.880617559566726413e+04,-1.422046967511946036e+01,-5.365771685795522217e+00,-5.648650779860980159e-02,3.370030775575401094e+01,-1.786576307038436084e+01,1.204857085606036371e+01,5.649644927478874479e+00,-8.356768453042860756e+00,2.999390479222086014e-01,4.878292886645851922e+00,-4.381999700505900819e-01,-1.286922157467489569e+01,2.853391706811896711e+01,-1.445221269584152424e+01,-1.033654441104482835e+01,-4.940245566815207212e+00,4.860898068407948358e+00,-4.911239337484715861e+00,7.284255701850952391e-01,-1.280169570512071919e+00,3.571695710741977337e+00,-5.344677601018076984e+00,-3.142350309679301290e+00,-3.510912635798518977e+00,7.115883366217776995e+01,8.168873105547180558e+01,8.864225965314572875e+01,1.205624991225614053e+02,8.093111550956035671e+01,5.433245307448045480e+01,5.374809534750665563e+01,5.848389807977217458e+01,5.427017472975821732e+01,7.698511155836085607e+01,8.681363325504118222e+01,1.069430951591530601e+02,1.154210132565036560e+02,1.047235976907386004e+02,9.077532122550529436e+01,4.910747434383375065e+01,4.489238198847952788e+01,4.956343364245585548e+01,4.662231136584956204e+01,5.394714643442169688e+01,5.503587904616328785e+01,6.336184095497098667e+01,5.476739420976071671e+01,6.055480681793680731e+01,4.034875055840724811e-01,4.020737254423238927e-01,4.008759620898332821e-01,4.002550534592219100e-01,4.002676419177925160e-01,4.010784863409215806e-01,4.021154403795988985e-01,4.039391112751832824e-01,4.071141803693469896e-01,4.113535626902574127e-01,4.187394420697324038e-01,4.211570953223301994e-01,4.222660103852227120e-01,4.232535441435745782e-01,4.248581815654097760e-01,4.264851990526186132e-01,4.264320591759168111e-01,4.263114450399402844e-01,4.277241154638932730e-01,4.276782609524292234e-01,4.269182770005102157e-01,4.267822822701144991e-01,4.273425225418798767e-01,4.293175729475521840e-01,2.054747698386358012e-01,1.693975804686053133e-01,1.276730606887490904e-01,1.075759986758438036e-01,1.550011113399475116e-01,2.153406802481412086e-01,2.058516846020657931e-01,2.108394385838651131e-01,2.544066644937307831e-01,2.669862521002807076e-01,2.333138446460812920e-01,1.199214241802278036e-01,1.477417647553445068e-01,1.541279929084113931e-01,1.591190367401223993e-01,2.903257917025474089e-01,3.405540069993410190e-01,3.257954378956828267e-01,3.496775944476283038e-01,2.469767178802698970e-01,2.464951243510420109e-01,2.482236227041466070e-01,2.410583328287861926e-01,2.581571150494134104e-01
1.965337813518560506e+04,1.906907918408069963e+04,1.922313728720051949e+04,8.639377676866375623e+03,1.641996252719668701e+04,2.606918425972004843e+04,2.287371189069130560e+04,2.072735951518775983e+04,2.151461725379404015e+04,2.708913473781112771e+04,2.561427921019403220e+04,2.208665073158933592e+04,1.892730689486236952e+04,1.885432879523967858e+04,2.052334073143229034e+04,2.694121997543078032e+04,3.725033652420346334e+04,3.829064471268441412e+04,3.720799337002336688e+04,3.543150782197337685e+04,2.984867523058735969e+04,3.098683119517712112e+04,3.374290005689645477e+04,3.378447810252514319e+04,-2.647593667318801636e+00,-2.482274967739527938e+00,4.474091662718535645e+00,-1.177679725518574827e+02,-1.472078315514818314e+01,4.389413248524476785e+00,-1.258810316494759496e+00,3.100429253874438018e+00,-2.037337570375677842e+01,1.687809259171672238e+01,-1.488929563002074019e+00,9.946113278018287929e+00,-2.908149631381962763e+01,1.091265647193742439e+01,-1.127899488334747957e+01,1.239599779206338326e+01,-1.488097192266025104e+00,3.425373965770290852e-01,3.162666427988142459e+00,1.957584150758236774e+00,-6.964266148675818613e+00,-2.255573682931100166e+00,1.355705118427778189e+00,4.648512240025098663e+00,7.367458643045233657e+01,7.089579865904164535e+01,9.172885621833513881e+01,1.225544824635289416e+02,9.036266940511515600e+01,5.599818732221908135e+01,6.573087208083367727e+01,5.288473159777387167e+01,9.538051008351199300e+01,7.980436519176464572e+01,8.516490209119412214e+01,1.129862557684286060e+02,1.065099714174737215e+02,1.168613556058767955e+02,9.223693337162171701e+01,6.022644033179186351e+01,4.169043217904207665e+01,5.111959393998441215e+01,4.729677459108580706e+01,4.685555783348816306e+01,5.987820058829166214e+01,6.712320395752703917e+01,4.685816454456689684e+01,5.490991096246402492e+01,3.067279577428800863e-01,3.086416937644820835e-01,3.103808408835028176e-01,3.118231817390317850e-01,3.123590590221158036e-01,3.143691995981554022e-01,3.155369134645759077e-01,3.150865508964016959e-01,3.128082527204650853e-01,3.102893993382943028e-01,3.085128321297292975e-01,3.089502146273331862e-01,3.087743602001424836e-01,3.093094316213874095e-01,3.098956069811555913e-01,3.099316288951375897e-01,3.098196517835665742e-01,3.091887387121582953e-01,3.085191330974541013e-01,3.081462622148379848e-01,3.090921871309377233e-01,3.098753669093118890e-01,3.104896397166860833e-01,3.107542967016445057e-01,1.760914797229556905e-01,1.708700865700915894e-01,1.722448239009984061e-01,7.742074787659390667e-02,1.471329157140305877e-01,2.335948187663469122e-01,2.049615761078885934e-01,1.857211388125526996e-01,1.929025560400335904e-01,2.427778952172724991e-01,2.295186429302824016e-01,1.979090567144689006e-01,1.695996962909765982e-01,1.689455985373662095e-01,1.839028691409924920e-01,2.414087811582019960e-01,3.337840957775500272e-01,3.430984608009388093e-01,3.334167859084672947e-01,3.174899448102699862e-01,2.674612461376095207e-01,2.776583579244741862e-01,3.023559496064583962e-01,3.027282730760906815e-01
1.891616213602922653e+04,1.663296766683181340e+04,1.336668325692329563e+04,9.580687184048538256e+03,1.899312484599546224e+04,3.084669127829255740e+04,3.295511361546431726e+04,2.481907268625218421e+04,2.749035336852568435e+04,3.300922076998561533e+04,2.331139915822323746e+04,3.437251961179602222e+04,2.279544823897086098e+04,2.842001755054898240e+04,2.687822383906669711e+04,3.408350964709113759e+04,3.108635745141845109e+04,3.765533887093444355e+04,3.009494406447297297e+04,2.817518073940573595e+04,1.759590773328565047e+04,2.147571223998594724e+04,1.989226860629893054e+04,2.182227254407966393e+04,-5.413899707661016691e+00,1.820859657266566956e+00,4.331287671458738942e+01,-6.423460052328186976e+01,5.788392869446028044e+00,-1.479963468259853698e+00,9.291158071596640866e+00,1.758227507644221532e+00,-2.973985039250237050e-01,-1.295044253956697844e+01,-2.108018093719152830e+00,1.392832752634944882e-01,8.518993829539999937e-03,-1.578909245476666001e+00,-2.974382139433458860e+00,-4.595144847675101119e+00,1.985611553368754889e-01,4.039301203514810368e+00,2.622837679817791923e+00,-1.688669649371348891e+00,2.691940257062873343e+01,2.188791753224990089e+00,-4.896061560286597114e+00,1.063161089366812462e+01,8.197953126988066685e+01,9.885880061990995671e+01,1.185117768656197939e+02,1.153488921611607054e+02,1.148680872053625848e+02,5.784233508836501869e+01,4.893593915353157087e+01,5.865655849969940761e+01,6.003378450869222149e+01,6.663447180678230097e+01,8.727003092570691933e+01,5.748183762765364690e+01,7.467737620498493811e+01,7.049430095770816251e+01,6.913250534119079305e+01,6.014333204194986848e+01,4.794406904457170526e+01,5.129574658861825753e+01,4.736550423878419025e+01,6.658687035814449473e+01,7.275236999244343394e+01,7.344775069855745642e+01,8.274131672737024701e+01,8.438574852169921314e+01,2.873710694097107998e-01,2.868310004403274993e-01,2.861666840172852888e-01,2.854596950411626977e-01,2.845584368928855135e-01,2.842177037323065925e-01,2.841209006342529930e-01,2.842571186208855960e-01,2.854515126898973798e-01,2.855924681136129961e-01,2.861166730531916058e-01,2.881358502197493010e-01,2.884949038599173843e-01,2.888961562561622176e-01,2.879258077448069164e-01,2.894353846563909038e-01,2.894486284290841982e-01,2.891670594222051083e-01,2.893895370925902988e-01,2.876965531774918761e-01,2.854624399709856930e-01,2.862736121962604074e-01,2.872343693556965727e-01,2.870689648032581087e-01,1.695167246396240002e-01,1.490392136025749104e-01,1.197731474334756963e-01,8.584829692042629523e-02,1.701903541529924957e-01,2.824788578790249916e-01,3.051399408577474825e-01,2.297294792109106920e-01,2.545403089806901886e-01,3.056378423589021787e-01,2.154735262947324037e-01,3.186984434443964065e-01,2.110689651730388028e-01,2.633408805444499845e-01,2.488724429517744086e-01,3.155864545600106097e-01,2.878366430489500138e-01,3.486605451177287041e-01,2.786421648355819070e-01,1.808909746931559870e-01,1.576716805635837992e-01,1.924429645894661089e-01,1.782485635703134064e-01,1.955363793822950114e-01
1.349644645246967775e+04,1.126545201319004991e+04,6.678667431766399204e+03,5.879766050253280810e+03,8.830405461771604678e+03,2.112947919504423771e+04,2.498611115756940490e+04,2.503951973054261907e+04,2.449253463734759134e+04,2.432400722469879111e+04,3.397955347614827770e+04,2.183800558682551491e+04,2.142205717659024958e+04,1.633931721494061640e+04,2.331017477046503700e+04,2.732372060584899737e+04,3.062870007466019160e+04,2.722908190894746804e+04,2.729056883912228295e+04,2.426525524360493364e+04,2.237453647600892873e+04,2.388981894485067824e+04,2.368897164918233102e+04,1.687292307071923642e+04,1.799349968580020231e+01,-5.004797433117420269e+01,-6.615452135691964486e+01,-1.059550502728372408e+02,3.551743590320825206e+01,-6.332298073665754146e+00,-3.642378456987585444e+00,6.790215924462103203e+00,8.040941427235139827e+00,9.751463197991654397e+00,2.176137267250027207e+00,2.758511609496025585e+00,-3.890345835387420959e+00,5.881609747363853558e+00,-3.635892440892404820e-01,-2.842105255575205103e+00,1.097720775329000453e+01,-5.949120777532783677e+00,1.125211900409354371e+01,4.131530330624769931e+00,3.136205904146208923e+00,1.955336927567632088e+01,-2.982634795706359809e-01,2.047182510283280976e+01,9.442844170404057991e+01,1.037624648101825215e+02,1.333170585376127804e+02,1.429769458389343129e+02,1.144894286851453984e+02,6.095776507200424277e+01,5.404838030077773681e+01,6.015268816513203376e+01,5.673082764969019109e+01,6.811503146279794407e+01,5.723663166765617660e+01,6.386529052037751342e+01,6.228447973570447260e+01,7.367723068228933414e+01,7.042398835810561764e+01,6.231722826802354831e+01,6.677877060744897619e+01,6.040790556314553328e+01,5.474650943006130177e+01,5.441728633112983005e+01,6.807704763183228636e+01,5.785048313980543355e+01,7.473016218403101618e+01,7.760142500166952573e+01,3.763106720435150931e-01,3.780441559967012144e-01,3.792843424597925894e-01,3.805210265725044727e-01,3.814809663590492117e-01,3.830374435654859133e-01,3.848980864971390248e-01,3.846636411699146940e-01,3.851711047985985070e-01,3.852977162081764884e-01,3.846866977128819975e-01,3.842713230247017941e-01,3.844028439559976085e-01,3.843847746203712945e-01,3.842832331748792241e-01,3.849682812796770826e-01,3.829261262763052898e-01,3.812235084305551913e-01,3.801522845933317796e-01,3.784278861620141154e-01,3.797573605109921813e-01,3.796445400813809878e-01,3.794158662394824799e-01,3.811607115471545848e-01,1.339064084274040056e-01,1.117604366233073965e-01,6.625662136600179997e-02,5.833101240545750243e-02,8.761582692184190224e-02,2.096154108092981028e-01,2.478787307481168101e-01,2.484079338153006022e-01,2.429814944134306987e-01,2.413095954517812947e-01,3.372340200532955024e-01,2.166468808500094101e-01,2.125240584567212043e-01,1.620964009520111104e-01,2.313098019011589901e-01,2.710645355463910944e-01,3.038561515556353898e-01,2.701259448292531173e-01,2.707397702236036818e-01,2.407264702950688007e-01,2.219700225582058040e-01,2.370021720791671005e-01,2.350076162401212865e-01,1.673903098206953877e-01
1.891079154008025944e+04,1.352167909769678226e+04,4.445383706623594662e+03,2.891279880094300097e+03,6.055752387968980656e+03,1.794202322304731206e+04,2.814973356680402503e+04,2.913086603750318682e+04,3.777009074764359684e+04,3.267503292669087023e+04,3.366855683949489321e+04,3.138770786937234152e+04,2.751926830857912864e+04,3.151876165848114397e+04,3.417340989421118866e+04,3.975361646160282544e+04,4.343206940997602942e+04,4.311567829074833571e+04,4.054448643980333873e+04,3.804143019676079712e+04,2.627616972535442255e+04,2.908631104963599864e+04,2.641255436204541911e+04,2.064310521306574810e+04,-2.721242172157388950e+00,-1.885484749489336309e+00,-1.358317882191306580e+02,-1.545322499887554670e+02,2.703324845241041885e+01,9.012629986472431298e+00,-5.459097473497024566e+00,7.160793356753174521e-01,5.837356965534459818e-02,-6.923164487082540675e-02,1.089778189409304332e+01,1.083512506539798714e+01,1.279384974145798992e+01,2.524062430387203904e+00,1.393384978027421539e+01,-4.925601095363418835e+00,3.073098304710981110e-01,-2.981158419554986949e+00,8.664194930575177978e+00,3.751792803526797115e+00,-1.421134261145425626e+00,8.092847930279447155e+00,-1.988593579858380020e-02,2.164643332087763383e+00,6.319730474315792179e+01,8.369826725397946632e+01,1.126375368814777573e+02,1.060458212494032608e+02,1.308571602274707573e+02,6.970910296826464503e+01,5.883218208701840268e+01,5.767421049180759951e+01,5.934701582113591201e+01,5.183767396195752752e+01,6.860284588291798968e+01,7.166900514267587141e+01,7.450012209901601068e+01,6.446820257191360781e+01,6.455728822433714242e+01,6.710122526563381484e+01,5.400982432787498055e+01,5.310743470750576734e+01,4.900011654419046891e+01,6.863309319613081527e+01,6.256561858553345701e+01,5.869843708074736810e+01,6.226475528976273210e+01,7.355845897762104357e+01,4.745523504077027166e-01,4.747890869587912954e-01,4.750698172852758083e-01,4.754020526000860003e-01,4.758663205503319005e-01,4.780124097247798187e-01,4.790814524612904135e-01,4.784058054952382011e-01,4.794153961992551061e-01,4.805269773675325817e-01,4.772694415843338756e-01,4.770745308084849978e-01,4.768726393899240801e-01,4.781385574097481994e-01,4.788077168444820897e-01,4.789788663247266931e-01,4.789132957255747836e-01,4.788574081745319844e-01,4.799841333863191783e-01,4.765735055281357102e-01,4.759887826788203880e-01,4.753132154224903871e-01,4.736662417743243148e-01,4.737609126466384990e-01,1.694333987785175133e-01,1.211619990887430054e-01,3.983301598504210284e-02,2.591225490095819955e-02,5.437011905405569889e-02,1.608576836147861122e-01,2.522377559784738099e-01,2.610242920309792103e-01,3.384416733606949723e-01,2.927870333914096013e-01,3.016895774064566882e-01,2.812518626190705917e-01,2.465950393482826131e-01,2.824261797688374931e-01,3.062133502952167907e-01,3.562183330523595037e-01,3.891875817637817092e-01,3.863391531046783123e-01,3.633025379182248105e-01,3.408732539635587200e-01,2.354495495216172019e-01,2.606289501306137124e-01,2.366520678558921009e-01,1.850138935210842994e-01
1.589038949134833638e+04,1.243150941611512462e+04,8.965140717311851404e+03,3.802957809372222073e+03,7.277955609303884557e+03,2.173257539338329298e+04,2.535112449951056988e+04,2.540828145252507966e+04,3.037390652416878220e+04,2.953307063960879896e+04,2.580089314832066520e+04,2.315677850871442570e+04,2.598380379571965750e+04,2.820300300336319924e+04,2.734865919061669047e+04,3.305614032684350241e+04,3.193231983713416048e+04,3.350247752371148090e+04,3.099153044976470846e+04,2.664252126747438160e+04,2.605908776857177145e+04,2.544462039195444959e+04,2.147519340041018222e+04,2.306477991592312173e+04,4.352244727939761915e-01,2.587330391707473609e+01,-3.659991148702042096e+01,1.696091965700418314e+02,-5.259500532972211317e+01,9.088281068105688476e+00,-2.065678157248584057e+00,5.235252648839036738e+00,3.709924075490050210e+00,-4.871233255953968388e+00,5.637259341631221332e+00,-2.633217970615845616e+00,1.174573863024394882e+01,-1.628002824053595532e+00,3.454052385942901093e+00,-2.286764366611890864e+00,9.666553907674170887e+00,3.652830751225167205e+00,4.017984454113815218e+00,-9.934462495101570312e-01,-5.070753373272368414e+00,3.586411695874005101e+00,6.810510995189417827e+00,-1.746623842496290990e+00,9.245593862134784047e+01,9.442594124766262098e+01,1.231597124678276600e+02,1.249166563017593177e+02,1.163796190838564399e+02,6.321578203948420338e+01,4.557806160874418566e+01,5.477803617505582423e+01,5.644667653979217192e+01,6.088847254093052186e+01,5.883553728877731714e+01,6.405800314376809013e+01,6.723821945375870257e+01,5.745838870211368032e+01,6.334894246796056194e+01,5.121779652242439340e+01,4.353703600019432685e+01,3.949117818620899101e+01,4.737048585252335187e+01,4.961189293321911720e+01,4.507975445038134410e+01,6.013452556408080341e+01,6.968625771963080240e+01,7.851844427888138966e+01,3.494405830561572168e-01,3.487361354429703852e-01,3.491182520227139041e-01,3.490823384340412949e-01,3.496096613818516774e-01,3.512176562235799770e-01,3.542752524966997218e-01,3.577521709423800989e-01,3.611137099382273896e-01,3.621420746502970189e-01,3.629105415759028008e-01,3.633076288008366128e-01,3.634279170126327174e-01,3.661386405282878176e-01,3.669985366953498751e-01,3.654984853289358071e-01,3.622836469641628199e-01,3.603529158634575236e-01,3.584429289184080103e-01,3.580952360059682094e-01,3.602276848550863275e-01,3.620667510955167812e-01,3.624812967385671048e-01,3.616125244708490172e-01,1.471501898641797978e-01,1.151213598991766007e-01,8.300594187326759688e-02,3.520829504226870299e-02,6.740597274528399574e-02,2.012500953893006095e-01,2.347265694471953879e-01,2.352674556804958961e-01,2.812392611275670862e-01,2.734543577744110165e-01,2.388971587923406914e-01,2.144112346479427889e-01,2.405762673154573927e-01,2.612427553062408037e-01,2.532283258434639972e-01,3.060732579826522803e-01,2.958675943650844742e-01,3.102081252523937183e-01,2.869564605037704941e-01,2.466921324768197032e-01,2.412878497299373037e-01,2.355983369683281869e-01,1.988429347089052945e-01,2.136062729702853935e-01
1.121292315039877030e+04,1.127233632925893289e+04,6.957124746139075796e+03,4.027462880814668097e+03,4.918369363490067371e+03,1.387031151480397421e+04,2.155126217885687947e+04,2.580279976710442497e+04,2.252598604782167968e+04,2.103764634386056423e+04,2.559128766642912524e+04,1.701858781279111645e+04,1.369978978217277836e+04,1.733962959226948806e+04,2.123692999926999619e+04,2.385064236270254332e+04,2.887293733918352154e+04,2.345355723200971624e+04,2.453942592939369570e+04,3.208163912070975130e+04,3.025213714179211820e+04,2.294896375902021828e+04,2.028041257293539093e+04,1.663169862825324526e+04,-8.937689576213159626e+00,-3.263813941402190721e+00,9.155800767794147532e+00,1.379194011750379332e+02,9.290204289643124014e+01,7.725297148958645721e+00,4.911748959721876417e+00,5.633409736414279223e+00,8.835020404216493262e+00,4.019886944758098934e+00,-4.701722194529850185e+00,-6.499512632915468657e+00,-2.891134822230782220e+00,1.309454953491666629e+00,4.875878409034157812e+00,2.568733852377533822e+00,-2.451447733118925054e+00,1.905275871385839537e+00,1.250780333721962734e+00,8.678407966532603268e+00,-5.401827132355464300e+00,1.871709094445037636e+00,1.208987247906600105e-03,1.882002097650541605e+00,7.160897740902869657e+01,8.854996372974331109e+01,1.197837848114763659e+02,1.044875552766571047e+02,1.151763906131148758e+02,6.913675658803161639e+01,4.667196295294300512e+01,4.780850860463702645e+01,4.957286489106459015e+01,4.375084729823478824e+01,6.019607310126968258e+01,8.203831997401837839e+01,8.185573678588532687e+01,7.677780331733966079e+01,6.571635836119388330e+01,5.297927382615633007e+01,4.728600850986123305e+01,5.616697677905101216e+01,6.238440193834205161e+01,5.464577375608917009e+01,5.749206456226058748e+01,6.085084457435657157e+01,5.167828605597969727e+01,5.994982947639861948e+01,3.083338919131565770e-01,3.079895184418844911e-01,3.080156222586712955e-01,3.081020805965675180e-01,3.082107540073010243e-01,3.091486722859677072e-01,3.113424552049102734e-01,3.137429285990380734e-01,3.153523644703420947e-01,3.170499402023256863e-01,3.192529609179062811e-01,3.214097713266242939e-01,3.212157640009272730e-01,3.203066513728048958e-01,3.195051747567215217e-01,3.183530657574615841e-01,3.163022490591635982e-01,3.147650962660460960e-01,3.157151051506963957e-01,3.149844747234147868e-01,3.121789522618860224e-01,3.102169656353400140e-01,3.085174494637942799e-01,3.070705819060132180e-01,1.004832379381090934e-01,1.009708928597613936e-01,6.234813258261710095e-02,3.608837707083820123e-02,4.407130282721809927e-02,1.242873832325800953e-01,1.931116682937852880e-01,2.312078832000813988e-01,2.018457531160625096e-01,1.885104956561214906e-01,2.293126135135026000e-01,1.524963065672139129e-01,1.227527288241169051e-01,1.553738638848556897e-01,1.902950716855205116e-01,2.137154333598167977e-01,2.587183403252238945e-01,2.101573228820450001e-01,2.198873290950497938e-01,2.874666642698905927e-01,2.710764976774395763e-01,2.056358760205125036e-01,1.817241269871754938e-01,1.490295576332673899e-01
1.785668127235050633e+04,1.148135710885353365e+04,9.352062488845291227e+03,4.971126722363212139e+03,1.055785868015925189e+04,2.646599703284592761e+04,3.540642452587169828e+04,3.942099221997606946e+04,3.428073842373501975e+04,3.347793922683980782e+04,2.537606151415460045e+04,2.520020052762503110e+04,2.377856258987684123e+04,1.606458601007654397e+04,2.679731722585006355e+04,3.322695945229884819e+04,3.217255465311734952e+04,3.866577228675939841e+04,3.635326768153384182e+04,3.598309851926311239e+04,3.046453318678486539e+04,2.994433686867556025e+04,2.471133906048176868e+04,2.367448988199448650e+04,7.021750795531005451e+00,4.963418211144829684e+01,-7.340575599139611995e+00,7.721066641981559542e+01,6.724295178294397601e+00,2.914485154921920174e+00,7.895827443407853252e+00,-4.146959165623684385e+00,-2.312985674939881164e+00,1.098280662279501030e+01,-1.449890659310767660e+00,1.337571268429678639e+01,7.399560729365816769e+00,-6.067520249586294767e+00,-1.008050807668584348e+01,3.156101349752390206e+00,3.955181897691459891e+00,8.631588888720671093e+00,-9.809214630904820043e-01,7.654952079966392375e+00,-1.921345304580711622e+00,2.319829787807549337e+00,-5.286796627659072101e+00,1.512848788270133582e+00,7.544858971916153223e+01,1.431384221180368570e+02,1.474778721549003535e+02,1.323151688821599237e+02,7.686457349226232338e+01,3.658433360350461072e+01,3.967371927402113130e+01,4.355758429755169914e+01,5.629625945585139135e+01,6.958640653715643509e+01,6.296882108072399120e+01,7.054003542640884916e+01,7.949609223760529630e+01,7.910171665217693260e+01,8.901464899088239235e+01,5.523134291674951868e+01,5.648232493934533238e+01,5.418904770360664713e+01,4.837970769548457639e+01,4.742814987224792844e+01,5.211399769846426011e+01,7.099834893077112952e+01,5.809687740801597045e+01,6.369456078388375175e+01,2.912982586917722272e-01,2.911273736601688866e-01,2.913932501593974878e-01,2.910610044851090206e-01,2.907436462239251229e-01,2.896594190160532989e-01,2.876760637927263109e-01,2.876976519893355011e-01,2.873383342040013999e-01,2.869867420242683265e-01,2.856779887632320269e-01,2.845559235215627814e-01,2.853767262897528023e-01,2.863904022390481030e-01,2.865174291382083238e-01,2.859161627902944147e-01,2.858720381930264232e-01,2.873677577590437182e-01,2.891206774868438911e-01,2.895445772130271767e-01,2.900801974676575079e-01,2.912757125489021104e-01,2.924603720082787905e-01,2.932526683948227797e-01,1.601974588514271103e-01,1.028787932107448067e-01,8.383279056558209930e-02,4.454455403989469875e-02,9.460446846551520683e-02,2.373978783869037101e-01,3.172571098061907069e-01,3.532377833809920986e-01,3.071750754878098122e-01,2.999815342937944829e-01,2.273840637791222918e-01,2.258082484547072888e-01,2.130695572658098946e-01,1.439479033081441095e-01,2.401193299597677022e-01,2.977326115611301782e-01,2.882845399102563766e-01,3.464674936123273152e-01,3.257461261854724954e-01,3.224291982108579147e-01,2.729796880535911852e-01,2.683220085820858802e-01,2.214277986139598919e-01,2.117038372048191119e-01
1.261288768616970447e+04,6.709257453122341758e+03,3.017301307555768290e+03,1.144895926628987809e+03,6.172237400881392205e+03,1.989631888625471038e+04,3.025129030241425426e+04,3.229012223366833132e+04,2.580358597002220631e+04,3.445043206395339803e+04,3.194912772656667221e+04,2.743863035460130050e+04,3.283798844413687038e+04,3.225894478171342780e+04,3.431691878056930000e+04,2.847452192622230359e+04,2.691732783305771954e+04,2.371160262488834996e+04,2.837367826133536801e+04,3.015798351518181153e+04,2.912154624464556400e+04,2.696898729111584908e+04,2.472226997263654266e+04,2.262384484323840661e+04,1.485565144026017670e+01,1.554680004976718237e+02,-1.688652286091222834e+02,1.743378898650978499e+02,2.304936861504754120e+01,-6.468434143547483473e-01,5.203854494789226237e+00,1.012482408960232760e+01,-3.687215532025419407e+00,-5.090148148624905389e+00,-3.701152220042786212e+00,-2.290155438915348896e+00,1.081575861620291157e+01,-3.378029322543767421e+00,6.676473188286138338e-01,2.478343506624013926e-01,-3.384390245216479798e-01,-2.071266927984282802e+00,-3.003546184773739469e+00,-4.491906690500428567e+00,-1.343802703585510017e+00,-2.403525324379302219e+00,1.022848381058346945e+01,-4.526633924228605110e+00,1.029997886966508815e+02,1.526590658254130233e+02,1.109763962988862005e+02,1.012718399387412802e+02,1.577189082630335974e+02,5.293123237052365226e+01,6.009341614205663973e+01,5.289260458710003121e+01,5.668298475683393889e+01,6.128280757797740108e+01,5.347741987033177224e+01,5.807925648277439734e+01,5.588561858604289512e+01,6.277070734683832143e+01,5.223073495968276347e+01,6.999466721292061777e+01,6.908327438575932433e+01,6.518960678474611825e+01,6.188053233104616169e+01,6.388132600008897555e+01,5.631060376145345714e+01,6.671889619375454572e+01,7.844784819267800913e+01,8.300577730030613566e+01,2.842866611241737784e-01,2.837329874070546043e-01,2.836919291303489077e-01,2.838254612472966842e-01,2.837106747640227855e-01,2.834985933193909791e-01,2.837504250875330092e-01,2.842885791001441009e-01,2.840974195961255000e-01,2.873399054489172988e-01,2.895592064185893988e-01,2.913326328861149950e-01,2.931154975392800122e-01,2.930897872376002078e-01,2.915991960192019228e-01,2.911249923186071120e-01,2.924812235502440849e-01,2.934702140636566980e-01,2.941717520793679097e-01,2.931812532940172855e-01,2.906760764398477748e-01,2.897864156175665729e-01,2.891411600632176060e-01,2.865123794393591994e-01,1.131142693668630989e-01,6.011835055859610089e-02,2.703040024199099972e-02,1.026099062866579932e-02,5.530698705024610085e-02,1.782824272773748109e-01,2.710689095226427869e-01,2.891104251967288041e-01,2.312135054714601901e-01,3.086741342609471972e-01,2.862752967019798200e-01,2.458890683499352914e-01,2.942437401862602053e-01,2.890586449873941977e-01,3.074979982139621759e-01,2.551468107385868045e-01,2.411946938217890968e-01,2.124683906163160885e-01,2.542268779599045070e-01,2.702386653784353276e-01,2.609986117984213760e-01,2.416575922481800087e-01,2.215263794536936059e-01,2.027226966348812942e-01
1.954036020523080515e+04,1.481213300721328596e+04,1.088295460086418825e+04,8.398303641626491299e+03,1.483412393254277958e+04,3.087688805913992110e+04,3.005195138415042675e+04,3.087000596981865965e+04,3.359246875947465742e+04,2.909711295756252002e+04,2.906494853712310578e+04,3.451918406159667211e+04,2.947240491394032506e+04,3.442940454410614620e+04,3.250748539990193967e+04,3.206787339445306861e+04,3.389235900038186082e+04,3.650781642071925307e+04,3.116077184130596288e+04,3.079076138604362859e+04,3.421757809204185469e+04,3.234562946575232127e+04,2.612379807458704818e+04,2.060161778048759879e+04,7.901425262841314634e+00,-2.611459102166719504e+00,-3.108296421428286749e+01,-1.400532493350845300e+02,6.233221889409591654e+01,1.973781259606624872e+00,2.090301075924685115e-01,-3.382865918757147483e+00,-2.983062725790603054e+00,7.976269191262218783e+00,2.026619193774706673e+00,-5.063520251488569102e-01,3.497156487428242144e+00,-1.147686700539776439e+01,2.908680805338973996e-01,-4.675093405852010164e+00,4.850479822401609908e+00,1.993564644293400079e+00,1.091569459221980765e+01,1.671630853707853248e+00,-2.414610178976261068e+00,-1.182375170765880057e+00,1.180540438055183650e+01,-1.541061654208021992e+00,8.683276369850170795e+01,7.900481475650629193e+01,1.189365579643877595e+02,1.242438493228139578e+02,1.181012703046008170e+02,5.974434690915992263e+01,5.692278635801993403e+01,4.626281542750420783e+01,5.416858859221226652e+01,7.193611566156937442e+01,6.240989877159778132e+01,5.921829704376518322e+01,6.047941001893448743e+01,6.105875919127932860e+01,6.695039990258457863e+01,5.776265356561273734e+01,5.800376939485980188e+01,4.945801149440824673e+01,6.174465486656963265e+01,6.131356333032240258e+01,5.495889009052088170e+01,6.131436084643117113e+01,7.661618839511839951e+01,7.483824581759652972e+01,4.584027285666368856e-01,4.608902092067637124e-01,4.617239685304208030e-01,4.620037445520794872e-01,4.611647751192736733e-01,4.616225910580383784e-01,4.640004291865120756e-01,4.673428629239708143e-01,4.711252930937697148e-01,4.704976129175709731e-01,4.711512009859757932e-01,4.685216726080750904e-01,4.648847537924580831e-01,4.627091300636484994e-01,4.618247395928162247e-01,4.595206510525051136e-01,4.577575095528655935e-01,4.575714327392267911e-01,4.587234311939182851e-01,4.607786277261792796e-01,4.618576446128462853e-01,4.638656728105324811e-01,4.670604644868611155e-01,4.699836731188116734e-01,1.938340503284922967e-01,1.469472714835033944e-01,1.079655508734645025e-01,8.331434748914359756e-02,1.472417463357910128e-01,3.063183339054049159e-01,2.981380246094625930e-01,3.062500592217162754e-01,3.332623156430361000e-01,2.886618348758172026e-01,2.883427434074898876e-01,3.424522228152561132e-01,2.923409778587918728e-01,3.415615530026747115e-01,3.225279067420552814e-01,3.181336646230342735e-01,3.362337202278212200e-01,3.621716653326474966e-01,3.091461493952951112e-01,3.054591902815906868e-01,3.394632358168668262e-01,3.208891812205593164e-01,2.591646634425510132e-01,2.043703162508359872e-01
2.656122995937192172e+04,2.472412947258998247e+04,2.124889170432856918e+04,1.325648932861739013e+04,1.274489048666643612e+04,2.258838153779963250e+04,2.903375364808617087e+04,3.012621416125582982e+04,2.893315950275948853e+04,3.095843187453780774e+04,2.816007947948352739e+04,2.967384183904898964e+04,2.635868300899968017e+04,2.630696158332021878e+04,2.813762970733578550e+04,2.691138092447579766e+04,3.278588453556713648e+04,3.444664886235327867e+04,3.190385753483190274e+04,3.366969010605320364e+04,3.263869750166693120e+04,3.235295462404008867e+04,3.060277989784823876e+04,2.773114441385157625e+04,-2.403900456222772153e+00,1.531018248569623275e+01,8.687024635032372544e+00,2.695313225514544797e+01,4.573259763076100626e+01,6.908658107724818365e+00,6.404511149970772976e+00,-7.964929926952549977e+00,1.095937986016247123e+01,-7.757876119765285239e+00,1.365450151883331387e+01,5.579981913619405987e+00,-2.026526015667343472e+00,-2.579260060331023396e+00,-1.113611699096148477e+01,1.416700777899109198e+00,4.232430213862272694e+00,3.422812057586071433e+00,-9.099174883436518257e+00,7.529960339653172241e+00,-5.390684650940443134e+00,-1.026588550506966158e+01,-1.030529213318908432e+01,1.458610715710929639e+01,9.031527785192967883e+01,9.976797140319723667e+01,9.358950191916747485e+01,1.133076577428602860e+02,1.294317355051534264e+02,7.356488148095641577e+01,6.863688542827755157e+01,5.423379645772048008e+01,6.464780327363553170e+01,6.698771311331911704e+01,5.820675620022807095e+01,6.053136123445283090e+01,6.823065502780559655e+01,5.844334742321882459e+01,6.921630017693854597e+01,7.417798992775304612e+01,6.518902374491595708e+01,6.562224142061653254e+01,6.610293170163529908e+01,5.776335579250872598e+01,7.149589538632734786e+01,6.429566639406559148e+01,6.019580781993506946e+01,5.940987172434172692e+01,5.346232614226037461e-01,5.349527076274741555e-01,5.363576814295889506e-01,5.341677392310842931e-01,5.331557912890968476e-01,5.333242996843760020e-01,5.323334993081358935e-01,5.319387227614830183e-01,5.344582596426794563e-01,5.374730170987441769e-01,5.387493325906189678e-01,5.401210633658318772e-01,5.413244186387321522e-01,5.429431913662369213e-01,5.427204644690170054e-01,5.402592840997251233e-01,5.363689249581434781e-01,5.340676501446687263e-01,5.347920477462060340e-01,5.307305492004839031e-01,5.249655497893138678e-01,5.216505448454186178e-01,5.185982294091893152e-01,5.184452512053699946e-01,2.380431283497234929e-01,2.215460688489931107e-01,1.904081997128118930e-01,1.187824102507328006e-01,1.142050281715079052e-01,2.024048525006562904e-01,2.601590828688891133e-01,2.699485570860185035e-01,2.592577016535719259e-01,2.774069159016598896e-01,2.520319277383561984e-01,2.658959092103743149e-01,2.361923318253562054e-01,2.357299822400872880e-01,2.521288883605197206e-01,2.411423859519397916e-01,2.937872592861835996e-01,3.086617281651227174e-01,2.858768596199823819e-01,3.016996611120486005e-01,2.924725441745246735e-01,2.898514680081142880e-01,2.742797028919827240e-01,2.484869571403837130e-01
