elephant_id,Longitude,Latitude,time,date,year,cluster,start_time_str,end_time_str,hour,waterhole,Temp_C,Precip_mm,season_cluster
03fe,16.56384379,-19.01003621,23:00:00,2014-01-10,2014,1,2014-01-10 23:00:00,2014-01-18 23:20:00,23.0,Noniams,29.93,0.0,1
03fe,16.55778097,-18.99147135,23:40:00,2014-01-10,2014,1,2014-01-10 23:00:00,2014-01-18 23:20:00,23.666666666666668,Goas 1 Fountain,29.93,0.0,1
03fe,16.55780538,-18.99035034,00:00:00,2014-01-11,2014,2,2014-01-11 00:00:00,2014-01-21 00:40:00,0.0,Goas 1 Fountain,31.0,0.0,1
03fe,16.55704041,-18.99128418,00:20:00,2014-01-11,2014,2,2014-01-11 00:00:00,2014-01-21 00:40:00,0.3333333333333333,Goas 1 Fountain,31.0,0.0,1
03fe,16.55682475,-18.99251506,00:40:00,2014-01-11,2014,2,2014-01-11 00:00:00,2014-01-21 00:40:00,0.6666666666666666,Goas 1 Fountain,31.0,0.0,1
03fe,16.5565745,-18.99337158,01:00:00,2014-01-11,2014,2,2014-01-11 00:00:00,2014-01-21 00:40:00,1.0,Goas 1 Fountain,31.0,0.0,1
03fe,16.55616353,-18.99437459,01:20:00,2014-01-11,2014,2,2014-01-11 00:00:00,2014-01-21 00:40:00,1.3333333333333333,Goas 1 Fountain,31.0,0.0,1
03fe,16.55574341,-18.99430949,01:40:00,2014-01-11,2014,2,2014-01-11 00:00:00,2014-01-21 00:40:00,1.6666666666666665,Goas 1 Fountain,31.0,0.0,1
03fe,16.55517476,-18.99420776,02:00:00,2014-01-11,2014,2,2014-01-11 00:00:00,2014-01-21 00:40:00,2.0,Goas 1 Fountain,31.0,0.0,1
03fe,16.55537415,-18.99467163,02:20:00,2014-01-11,2014,2,2014-01-11 00:00:00,2014-01-21 00:40:00,2.3333333333333335,Goas 1 Fountain,31.0,0.0,1
03fe,16.55506287,-18.99550171,02:40:00,2014-01-11,2014,2,2014-01-11 00:00:00,2014-01-21 00:40:00,2.6666666666666665,Goas 1 Fountain,31.0,0.0,1
03fe,16.5532664,-18.99609985,03:00:00,2014-01-11,2014,2,2014-01-11 00:00:00,2014-01-21 00:40:00,3.0,Goas 1 Fountain,31.0,0.0,1
03fe,16.55145569,-18.99726563,03:20:00,2014-01-11,2014,2,2014-01-11 00:00:00,2014-01-21 00:40:00,3.3333333333333335,Goas 1 Fountain,31.0,0.0,1
03fe,16.54923197,-18.99560343,12:40:00,2014-01-11,2014,1,2014-01-10 23:00:00,2014-01-18 23:20:00,12.666666666666666,Goas 1 Fountain,31.0,0.0,1
03fe,16.54894409,-18.99489746,13:00:00,2014-01-11,2014,1,2014-01-10 23:00:00,2014-01-18 23:20:00,13.0,Goas 1 Fountain,31.0,0.0,1
03fe,16.54881388,-18.99326172,13:20:00,2014-01-11,2014,1,2014-01-10 23:00:00,2014-01-18 23:20:00,13.333333333333334,Goas 1 Fountain,31.0,0.0,1
03fe,16.54835612,-18.99249878,13:40:00,2014-01-11,2014,1,2014-01-10 23:00:00,2014-01-18 23:20:00,13.666666666666666,Goas 1 Fountain,31.0,0.0,1
03fe,16.54839274,-18.99251709,14:00:00,2014-01-11,2014,1,2014-01-10 23:00:00,2014-01-18 23:20:00,14.0,Goas 1 Fountain,31.0,0.0,1
03fe,16.54807231,-18.99238485,14:20:00,2014-01-11,2014,1,2014-01-10 23:00:00,2014-01-18 23:20:00,14.333333333333334,Goas 1 Fountain,31.0,0.0,1
03fe,16.54837545,-18.99236247,15:00:00,2014-01-11,2014,1,2014-01-10 23:00:00,2014-01-18 23:20:00,15.0,Goas 1 Fountain,31.0,0.0,1
03fe,16.54966227,-18.99081421,15:20:00,2014-01-11,2014,1,2014-01-10 23:00:00,2014-01-18 23:20:00,15.333333333333334,Goas 1 Fountain,31.0,0.0,1
03fe,16.55463765,-18.99056396,15:40:00,2014-01-11,2014,1,2014-01-10 23:00:00,2014-01-18 23:20:00,15.666666666666666,Goas 1 Fountain,31.0,0.0,1
03fe,16.55829366,-18.99008382,16:00:00,2014-01-11,2014,1,2014-01-10 23:00:00,2014-01-18 23:20:00,16.0,Goas 1 Fountain,31.0,0.0,1
03fe,16.55669861,-18.98982137,16:20:00,2014-01-11,2014,1,2014-01-10 23:00:00,2014-01-18 23:20:00,16.333333333333332,Goas 1 Fountain,31.0,0.0,1
03fe,16.55226339,-18.99147746,16:40:00,2014-01-11,2014,1,2014-01-10 23:00:00,2014-01-18 23:20:00,16.666666666666668,Goas 1 Fountain,31.0,0.0,1
03fe,16.55025533,-18.99159342,17:00:00,2014-01-11,2014,1,2014-01-10 23:00:00,2014-01-18 23:20:00,17.0,Goas 1 Fountain,31.0,0.0,1
03fe,16.55137227,-18.99661458,09:40:00,2014-01-12,2014,4,2014-01-12 09:40:00,2014-01-21 22:00:00,9.666666666666666,Goas 1 Fountain,32.06,0.0,1
03fe,16.55211182,-18.99482015,10:00:00,2014-01-12,2014,4,2014-01-12 09:40:00,2014-01-21 22:00:00,10.0,Goas 1 Fountain,32.06,0.0,1
03fe,16.55417277,-18.99211426,10:20:00,2014-01-12,2014,4,2014-01-12 09:40:00,2014-01-21 22:00:00,10.333333333333334,Goas 1 Fountain,32.06,0.0,1
03fe,16.55808207,-18.98968913,10:40:00,2014-01-12,2014,4,2014-01-12 09:40:00,2014-01-21 22:00:00,10.666666666666666,Goas 1 Fountain,32.06,0.0,1
03fe,16.55812683,-18.98926799,11:00:00,2014-01-12,2014,4,2014-01-12 09:40:00,2014-01-21 22:00:00,11.0,Goas 1 Fountain,32.06,0.0,1
03fe,16.55783488,-18.98994344,11:20:00,2014-01-12,2014,4,2014-01-12 09:40:00,2014-01-21 22:00:00,11.333333333333334,Goas 1 Fountain,32.06,0.0,1
03fe,16.55733846,-18.98917643,11:40:00,2014-01-12,2014,4,2014-01-12 09:40:00,2014-01-21 22:00:00,11.666666666666666,Goas 1 Fountain,32.06,0.0,1
03fe,16.5561025,-18.98838501,12:00:00,2014-01-12,2014,4,2014-01-12 09:40:00,2014-01-21 22:00:00,12.0,Goas 1 Fountain,32.06,0.0,1
03fe,16.55797933,-18.99000854,12:20:00,2014-01-12,2014,4,2014-01-12 09:40:00,2014-01-21 22:00:00,12.333333333333334,Goas 1 Fountain,32.06,0.0,1
03fe,16.5554657,-18.99102783,12:40:00,2014-01-12,2014,4,2014-01-12 09:40:00,2014-01-21 22:00:00,12.666666666666666,Goas 1 Fountain,32.06,0.0,1
03fe,16.55496623,-18.99112345,13:00:00,2014-01-12,2014,4,2014-01-12 09:40:00,2014-01-21 22:00:00,13.0,Goas 1 Fountain,32.06,0.0,1
03fe,16.55442403,-18.99113159,13:20:00,2014-01-12,2014,4,2014-01-12 09:40:00,2014-01-21 22:00:00,13.333333333333334,Goas 1 Fountain,32.06,0.0,1
03fe,16.55283203,-18.99227702,13:40:00,2014-01-12,2014,4,2014-01-12 09:40:00,2014-01-21 22:00:00,13.666666666666666,Goas 1 Fountain,32.06,0.0,1
03fe,16.55027364,-18.99469198,14:00:00,2014-01-12,2014,4,2014-01-12 09:40:00,2014-01-21 22:00:00,14.0,Goas 1 Fountain,32.06,0.0,1
03fe,16.54859314,-18.99079997,20:20:00,2014-01-12,2014,4,2014-01-12 09:40:00,2014-01-21 22:00:00,20.333333333333332,Goas 1 Fountain,32.06,0.0,1
03fe,16.54951884,-18.99069214,20:40:00,2014-01-12,2014,4,2014-01-12 09:40:00,2014-01-21 22:00:00,20.666666666666668,Goas 1 Fountain,32.06,0.0,1
03fe,16.55447795,-18.99056193,21:00:00,2014-01-12,2014,4,2014-01-12 09:40:00,2014-01-21 22:00:00,21.0,Goas 1 Fountain,32.06,0.0,1
03fe,16.5578949,-18.99059855,21:20:00,2014-01-12,2014,4,2014-01-12 09:40:00,2014-01-21 22:00:00,21.333333333333332,Goas 1 Fountain,32.06,0.0,1
03fe,16.55707703,-18.99281413,21:40:00,2014-01-12,2014,4,2014-01-12 09:40:00,2014-01-21 22:00:00,21.666666666666668,Goas 1 Fountain,32.06,0.0,1
03fe,16.55560303,-18.99533488,22:00:00,2014-01-12,2014,4,2014-01-12 09:40:00,2014-01-21 22:00:00,22.0,Goas 1 Fountain,32.06,0.0,1
03fe,16.5552124,-18.99599202,22:20:00,2014-01-12,2014,4,2014-01-12 09:40:00,2014-01-21 22:00:00,22.333333333333332,Goas 1 Fountain,32.06,0.0,1
03fe,16.55430705,-18.99670003,22:40:00,2014-01-12,2014,4,2014-01-12 09:40:00,2014-01-21 22:00:00,22.666666666666668,Goas 1 Fountain,32.06,0.0,1
03fe,16.54990946,-18.9965271,08:00:00,2014-01-13,2014,0,2014-01-13 08:00:00,2014-01-13 20:40:00,8.0,Goas 1 Fountain,33.13,2.35,1
03fe,16.55017192,-18.99516195,08:20:00,2014-01-13,2014,0,2014-01-13 08:00:00,2014-01-13 20:40:00,8.333333333333334,Goas 1 Fountain,33.13,2.35,1
03fe,16.55066223,-18.99346517,08:40:00,2014-01-13,2014,0,2014-01-13 08:00:00,2014-01-13 20:40:00,8.666666666666666,Goas 1 Fountain,33.13,2.35,1
03fe,16.55116882,-18.99226278,09:00:00,2014-01-13,2014,0,2014-01-13 08:00:00,2014-01-13 20:40:00,9.0,Goas 1 Fountain,33.13,2.35,1
03fe,16.55262858,-18.99086914,09:20:00,2014-01-13,2014,0,2014-01-13 08:00:00,2014-01-13 20:40:00,9.333333333333334,Goas 1 Fountain,33.13,2.35,1
03fe,16.55806274,-18.9898641,09:40:00,2014-01-13,2014,0,2014-01-13 08:00:00,2014-01-13 20:40:00,9.666666666666666,Goas 1 Fountain,33.13,2.35,1
03fe,16.55759684,-18.98985596,10:00:00,2014-01-13,2014,0,2014-01-13 08:00:00,2014-01-13 20:40:00,10.0,Goas 1 Fountain,33.13,2.35,1
03fe,16.55702616,-18.99113566,10:20:00,2014-01-13,2014,0,2014-01-13 08:00:00,2014-01-13 20:40:00,10.333333333333334,Goas 1 Fountain,33.13,2.35,1
03fe,16.55738424,-18.99152222,10:40:00,2014-01-13,2014,0,2014-01-13 08:00:00,2014-01-13 20:40:00,10.666666666666666,Goas 1 Fountain,33.13,2.35,1
03fe,16.55844523,-18.98936564,11:00:00,2014-01-13,2014,0,2014-01-13 08:00:00,2014-01-13 20:40:00,11.0,Goas 1 Fountain,33.13,2.35,1
03fe,16.55792033,-18.98835856,11:20:00,2014-01-13,2014,0,2014-01-13 08:00:00,2014-01-13 20:40:00,11.333333333333334,Goas 1 Fountain,33.13,2.35,1
03fe,16.55774638,-18.98944906,11:40:00,2014-01-13,2014,0,2014-01-13 08:00:00,2014-01-13 20:40:00,11.666666666666666,Goas 1 Fountain,33.13,2.35,1
03fe,16.55501302,-18.99356486,12:00:00,2014-01-13,2014,0,2014-01-13 08:00:00,2014-01-13 20:40:00,12.0,Goas 1 Fountain,33.13,2.35,1
03fe,16.5538737,-18.99520264,12:20:00,2014-01-13,2014,0,2014-01-13 08:00:00,2014-01-13 20:40:00,12.333333333333334,Goas 1 Fountain,33.13,2.35,1
03fe,16.55276082,-18.99558309,12:40:00,2014-01-13,2014,0,2014-01-13 08:00:00,2014-01-13 20:40:00,12.666666666666666,Goas 1 Fountain,33.13,2.35,1
03fe,16.54799703,-18.99111532,19:20:00,2014-01-13,2014,0,2014-01-13 08:00:00,2014-01-13 20:40:00,19.333333333333332,Goas 1 Fountain,33.13,2.35,1
03fe,16.5493103,-18.99093424,19:40:00,2014-01-13,2014,0,2014-01-13 08:00:00,2014-01-13 20:40:00,19.666666666666668,Goas 1 Fountain,33.13,2.35,1
03fe,16.55370687,-18.99048258,20:00:00,2014-01-13,2014,0,2014-01-13 08:00:00,2014-01-13 20:40:00,20.0,Goas 1 Fountain,33.13,2.35,1
03fe,16.55750122,-18.99108276,20:20:00,2014-01-13,2014,0,2014-01-13 08:00:00,2014-01-13 20:40:00,20.333333333333332,Goas 1 Fountain,33.13,2.35,1
03fe,16.55641276,-18.99276326,20:40:00,2014-01-13,2014,0,2014-01-13 08:00:00,2014-01-13 20:40:00,20.666666666666668,Goas 1 Fountain,33.13,2.35,1
03fe,16.55117798,-18.99065755,17:20:00,2014-01-14,2014,1,2014-01-10 23:00:00,2014-01-18 23:20:00,17.333333333333332,Goas 1 Fountain,31.0,0.21,1
03fe,16.55785319,-18.99001465,17:40:00,2014-01-14,2014,1,2014-01-10 23:00:00,2014-01-18 23:20:00,17.666666666666668,Goas 1 Fountain,31.0,0.21,1
03fe,16.55743306,-18.99123535,18:00:00,2014-01-14,2014,1,2014-01-10 23:00:00,2014-01-18 23:20:00,18.0,Goas 1 Fountain,31.0,0.21,1
03fe,16.55938924,-18.99426066,18:20:00,2014-01-14,2014,1,2014-01-10 23:00:00,2014-01-18 23:20:00,18.333333333333332,Goas 1 Fountain,31.0,0.21,1
03fe,16.56010539,-18.99620768,18:40:00,2014-01-14,2014,1,2014-01-10 23:00:00,2014-01-18 23:20:00,18.666666666666668,Goas 1 Fountain,31.0,0.21,1
03fe,16.56016032,-18.99671631,19:00:00,2014-01-14,2014,1,2014-01-10 23:00:00,2014-01-18 23:20:00,19.0,Goas 1 Fountain,31.0,0.21,1
03fe,16.56031189,-18.99701945,19:20:00,2014-01-14,2014,1,2014-01-10 23:00:00,2014-01-18 23:20:00,19.333333333333332,Goas 1 Fountain,31.0,0.21,1
03fe,16.56024068,-18.99769694,19:40:00,2014-01-14,2014,1,2014-01-10 23:00:00,2014-01-18 23:20:00,19.666666666666668,Goas 1 Fountain,31.0,0.21,1
03fe,16.56086324,-18.99859212,20:00:00,2014-01-14,2014,1,2014-01-10 23:00:00,2014-01-18 23:20:00,20.0,Goas 1 Fountain,31.0,0.21,1
03fe,16.56022847,-18.99897461,20:20:00,2014-01-14,2014,1,2014-01-10 23:00:00,2014-01-18 23:20:00,20.333333333333332,Goas 1 Fountain,31.0,0.21,1
03fe,16.55755514,-19.00506185,21:00:00,2014-01-14,2014,1,2014-01-10 23:00:00,2014-01-18 23:20:00,21.0,Noniams,31.0,0.21,1
03fe,16.55722249,-18.99679769,12:20:00,2014-01-16,2014,3,2014-01-16 12:20:00,2014-01-16 12:40:00,12.333333333333334,Goas 1 Fountain,27.79,1.39,1
03fe,16.56402486,-18.9960083,12:40:00,2014-01-16,2014,3,2014-01-16 12:20:00,2014-01-16 12:40:00,12.666666666666666,Goas 1 Fountain,27.79,1.39,1
03fe,16.55894775,-18.98820394,00:20:00,2014-01-18,2014,2,2014-01-11 00:00:00,2014-01-21 00:40:00,0.3333333333333333,Goas 1 Fountain,31.0,0.64,1
03fe,16.5578949,-18.99121094,00:40:00,2014-01-18,2014,2,2014-01-11 00:00:00,2014-01-21 00:40:00,0.6666666666666666,Goas 1 Fountain,31.0,0.64,1
03fe,16.55283101,-18.99055379,22:20:00,2014-01-18,2014,1,2014-01-10 23:00:00,2014-01-18 23:20:00,22.333333333333332,Goas 1 Fountain,31.0,0.64,1
03fe,16.55786133,-18.9895752,22:40:00,2014-01-18,2014,1,2014-01-10 23:00:00,2014-01-18 23:20:00,22.666666666666668,Goas 1 Fountain,31.0,0.64,1
03fe,16.55715739,-18.9928304,23:00:00,2014-01-18,2014,1,2014-01-10 23:00:00,2014-01-18 23:20:00,23.0,Goas 1 Fountain,31.0,0.64,1
03fe,16.55636393,-18.99932658,23:20:00,2014-01-18,2014,1,2014-01-10 23:00:00,2014-01-18 23:20:00,23.333333333333332,Goas 1 Fountain,31.0,0.64,1
03fe,16.55918783,-18.98677368,00:00:00,2014-01-21,2014,2,2014-01-11 00:00:00,2014-01-21 00:40:00,0.0,Goas 1 Fountain,32.06,0.0,1
03fe,16.55766195,-18.99183757,00:20:00,2014-01-21,2014,2,2014-01-11 00:00:00,2014-01-21 00:40:00,0.3333333333333333,Goas 1 Fountain,32.06,0.0,1
03fe,16.55244446,-18.99838664,00:40:00,2014-01-21,2014,2,2014-01-11 00:00:00,2014-01-21 00:40:00,0.6666666666666666,Goas 1 Fountain,32.06,0.0,1
03fe,16.55538025,-18.99579671,18:40:00,2014-01-21,2014,4,2014-01-12 09:40:00,2014-01-21 22:00:00,18.666666666666668,Goas 1 Fountain,32.06,0.0,1
03fe,16.55790812,-18.98998413,19:00:00,2014-01-21,2014,4,2014-01-12 09:40:00,2014-01-21 22:00:00,19.0,Goas 1 Fountain,32.06,0.0,1
03fe,16.55817566,-18.99121094,19:20:00,2014-01-21,2014,4,2014-01-12 09:40:00,2014-01-21 22:00:00,19.333333333333332,Goas 1 Fountain,32.06,0.0,1
03fe,16.5590332,-18.99116007,19:40:00,2014-01-21,2014,4,2014-01-12 09:40:00,2014-01-21 22:00:00,19.666666666666668,Goas 1 Fountain,32.06,0.0,1
03fe,16.55986328,-18.99165446,20:00:00,2014-01-21,2014,4,2014-01-12 09:40:00,2014-01-21 22:00:00,20.0,Goas 1 Fountain,32.06,0.0,1
03fe,16.55979818,-18.99222005,20:20:00,2014-01-21,2014,4,2014-01-12 09:40:00,2014-01-21 22:00:00,20.333333333333332,Goas 1 Fountain,32.06,0.0,1
03fe,16.55976969,-18.99235636,20:40:00,2014-01-21,2014,4,2014-01-12 09:40:00,2014-01-21 22:00:00,20.666666666666668,Goas 1 Fountain,32.06,0.0,1
03fe,16.55958557,-18.99330444,21:00:00,2014-01-21,2014,4,2014-01-12 09:40:00,2014-01-21 22:00:00,21.0,Goas 1 Fountain,32.06,0.0,1
03fe,16.55948486,-18.99457397,21:20:00,2014-01-21,2014,4,2014-01-12 09:40:00,2014-01-21 22:00:00,21.333333333333332,Goas 1 Fountain,32.06,0.0,1
03fe,16.56025492,-18.99557088,21:40:00,2014-01-21,2014,4,2014-01-12 09:40:00,2014-01-21 22:00:00,21.666666666666668,Goas 1 Fountain,32.06,0.0,1
03fe,16.55859375,-18.99717407,22:00:00,2014-01-21,2014,4,2014-01-12 09:40:00,2014-01-21 22:00:00,22.0,Goas 1 Fountain,32.06,0.0,1
