elephant_id,sex,wh,start,end,duration_hours,n_points,year
03fe,F,Aus Fountain,2013-02-10 19:20:00,2013-02-11 03:20:00,8.0,25,2013
03fe,F,Aus Fountain,2013-02-11 09:40:00,2013-02-12 02:20:00,16.666666666666668,51,2013
03fe,F,Aus Fountain,2013-02-12 11:00:00,2013-02-12 14:40:00,3.6666666666666665,12,2013
03fe,F,Aus Fountain,2013-02-13 11:20:00,2013-02-13 16:40:00,5.333333333333333,17,2013
03fe,F,Aus Fountain,2013-02-14 16:40:00,2013-02-14 18:00:00,1.3333333333333333,5,2013
03fe,F,Olifantsbad Waterhole,2013-02-15 19:20:00,2013-02-15 20:00:00,0.6666666666666666,3,2013
03fe,F,Rietfontein Fountain,2013-02-26 18:20:00,2013-02-26 19:20:00,1.0,4,2013
03fe,F,Goas 1 Fountain,2013-03-01 17:00:00,2013-03-01 20:00:00,3.0,10,2013
03fe,F,Noniams,2013-03-01 21:20:00,2013-03-01 22:00:00,0.6666666666666666,3,2013
03fe,F,Noniams,2013-03-02 13:20:00,2013-03-02 15:20:00,2.0,7,2013
03fe,F,Goas 1 Fountain,2013-03-02 16:00:00,2013-03-02 19:00:00,3.0,10,2013
03fe,F,Goas 1 Fountain,2013-03-03 14:00:00,2013-03-03 15:20:00,1.3333333333333333,5,2013
03fe,F,Noniams,2013-03-03 18:00:00,2013-03-03 19:20:00,1.3333333333333333,5,2013
03fe,F,Rietfontein Fountain,2013-03-19 09:20:00,2013-03-19 16:00:00,6.666666666666667,21,2013
03fe,F,Rietfontein Fountain,2013-03-19 23:40:00,2013-03-20 03:20:00,3.6666666666666665,12,2013
03fe,F,Rietfontein Fountain,2013-03-20 20:20:00,2013-03-20 21:20:00,1.0,4,2013
03fe,F,Rietfontein Fountain,2013-03-21 17:20:00,2013-03-21 18:40:00,1.3333333333333333,5,2013
03fe,F,Rietfontein Fountain,2013-03-22 08:20:00,2013-03-22 15:20:00,7.0,22,2013
03fe,F,Goas 1 Fountain,2013-03-24 19:00:00,2013-03-24 19:40:00,0.6666666666666666,3,2013
03fe,F,Rietfontein Fountain,2013-03-26 11:20:00,2013-03-26 12:00:00,0.6666666666666666,3,2013
03fe,F,Rietfontein Fountain,2013-03-26 13:40:00,2013-03-26 16:00:00,2.3333333333333335,8,2013
03fe,F,Rietfontein Fountain,2013-03-27 14:00:00,2013-03-27 20:20:00,6.333333333333333,20,2013
03fe,F,Rietfontein Fountain,2013-03-28 20:20:00,2013-03-28 22:00:00,1.6666666666666667,6,2013
03fe,F,Rietfontein Fountain,2013-03-29 20:00:00,2013-03-29 21:00:00,1.0,4,2013
03fe,F,Homob Fountain,2013-04-02 21:40:00,2013-04-02 22:20:00,0.6666666666666666,3,2013
03fe,F,Homob Fountain,2013-04-03 16:40:00,2013-04-03 17:40:00,1.0,4,2013
03fe,F,Homob Fountain,2013-04-04 20:40:00,2013-04-04 21:20:00,0.6666666666666666,3,2013
03fe,F,Rietfontein Fountain,2013-04-05 18:20:00,2013-04-05 19:00:00,0.6666666666666666,3,2013
03fe,F,Homob Fountain,2013-04-06 20:40:00,2013-04-06 21:40:00,1.0,4,2013
03fe,F,Homob Fountain,2013-04-07 20:00:00,2013-04-07 21:40:00,1.6666666666666667,6,2013
03fe,F,Homob Fountain,2013-04-08 17:40:00,2013-04-08 18:40:00,1.0,4,2013
03fe,F,Rietfontein Fountain,2013-04-09 21:20:00,2013-04-09 22:20:00,1.0,4,2013
03fe,F,Rietfontein Fountain,2013-04-10 09:20:00,2013-04-10 11:00:00,1.6666666666666667,6,2013
03fe,F,Rietfontein Fountain,2013-04-10 19:00:00,2013-04-10 19:40:00,0.6666666666666666,3,2013
03fe,F,Rietfontein Fountain,2013-04-11 10:40:00,2013-04-11 14:20:00,3.6666666666666665,12,2013
03fe,F,Rietfontein Fountain,2013-04-12 08:40:00,2013-04-12 14:40:00,6.0,19,2013
03fe,F,Rietfontein Fountain,2013-04-13 09:00:00,2013-04-13 16:00:00,7.0,22,2013
03fe,F,Rietfontein Fountain,2013-04-14 12:00:00,2013-04-14 18:20:00,6.333333333333333,20,2013
03fe,F,Rietfontein Fountain,2013-04-15 09:20:00,2013-04-15 16:00:00,6.666666666666667,21,2013
03fe,F,Rietfontein Fountain,2013-04-16 12:40:00,2013-04-16 16:40:00,4.0,13,2013
03fe,F,Rietfontein Fountain,2013-04-17 09:40:00,2013-04-17 14:00:00,4.333333333333333,14,2013
03fe,F,Rietfontein Fountain,2013-04-18 09:20:00,2013-04-18 15:20:00,6.0,19,2013
03fe,F,Rietfontein Fountain,2013-04-19 18:40:00,2013-04-19 19:20:00,0.6666666666666666,3,2013
03fe,F,Rietfontein Fountain,2013-04-20 10:40:00,2013-04-20 14:00:00,3.3333333333333335,11,2013
03fe,F,Goas 1 Fountain,2013-04-22 18:00:00,2013-04-22 20:00:00,2.0,7,2013
03fe,F,Noniams,2013-04-22 20:40:00,2013-04-22 21:20:00,0.6666666666666666,3,2013
03fe,F,Goas 1 Fountain,2013-04-23 16:20:00,2013-04-23 17:00:00,0.6666666666666666,3,2013
03fe,F,Goas 1 Fountain,2013-04-24 10:40:00,2013-04-24 11:40:00,1.0,4,2013
03fe,F,Goas 1 Fountain,2013-04-24 23:40:00,2013-04-25 00:40:00,1.0,4,2013
03fe,F,Goas 1 Fountain,2013-04-25 20:00:00,2013-04-25 21:40:00,1.6666666666666667,6,2013
03fe,F,Goas 1 Fountain,2013-04-27 16:00:00,2013-04-27 16:40:00,0.6666666666666666,3,2013
03fe,F,Goas 1 Fountain,2013-04-28 10:00:00,2013-04-28 10:40:00,0.6666666666666666,3,2013
03fe,F,Goas 1 Fountain,2013-04-28 19:00:00,2013-04-28 20:40:00,1.6666666666666667,6,2013
03fe,F,Goas 1 Fountain,2013-04-29 14:40:00,2013-04-29 16:00:00,1.3333333333333333,5,2013
03fe,F,Goas 1 Fountain,2013-04-30 10:00:00,2013-04-30 11:00:00,1.0,4,2013
