cluster,start,end
0,2009-07-31,2009-09-22
1,2009-09-23,2009-11-03
2,2009-11-04,2009-12-05
3,2009-12-06,2010-01-04
4,2010-01-05,2010-02-04
5,2010-02-05,2010-03-20
6,2010-03-21,2010-04-19
7,2010-04-20,2010-05-23
8,2010-05-24,2010-06-25
9,2010-06-26,2010-08-07
10,2010-08-08,2010-09-26
11,2010-09-27,2010-11-13
12,2010-11-14,2010-12-15
13,2010-12-16,2011-01-26
14,2011-01-27,2011-03-25
15,2011-03-26,2011-05-09
16,2011-05-10,2011-06-18
17,2011-06-19,2011-08-03
18,2011-08-04,2011-09-09
19,2011-09-10,2011-10-16
20,2011-10-17,2012-01-19
