Feature,PC1_Loading,PC2_Loading
nsd_mean_06,0.9188018439814555,0.3561527361543133
nsd_mean_07,0.9186610177588362,0.36084594745984677
nsd_mean_04,0.9186192755832178,0.3488588017073552
nsd_mean_05,0.9185094669120248,0.3522820405962129
nsd_mean_03,0.9182934867470913,0.34903835581936
nsd_mean_09,0.9182485579599303,0.36600538174726405
nsd_mean_08,0.9181645486786286,0.36427669717008443
nsd_mean_17,0.9178588287521623,0.3677656786792992
nsd_mean_16,0.9178226841210633,0.37032803813575105
nsd_mean_11,0.9176849060448399,0.37121773518659923
nsd_mean_02,0.9176374755576738,0.3523090372973932
nsd_mean_10,0.9174774447340021,0.3704180222283798
nsd_mean_12,0.9174177287527289,0.3721984830701047
speed_mean_13,0.9174006860051156,0.09537683641870003
nsd_mean_13,0.9172859463187996,0.3721790204134556
nsd_mean_14,0.9171307064429468,0.3724030459592277
nsd_mean_00,0.9171145398760381,0.352563536749826
nsd_mean_01,0.9169810306075622,0.35341028731872576
nsd_mean_15,0.9167219501399156,0.3731575974495128
nsd_mean_18,0.9164701624741289,0.36634906625678076
nsd_mean_19,0.9152333642039981,0.3665137930678928
nsd_mean_20,0.9141482242141128,0.3669778783957751
nsd_mean_21,0.9138490953535553,0.36664832792045227
nsd_mean_23,0.9138186896950999,0.3669825917466227
nsd_mean_22,0.9136191197010624,0.36736922526048027
speed_mean_12,0.8927107724823325,0.14186521663774923
step_sum_13,0.8749530722132507,0.07839139904577673
speed_mean_08,0.853203206472893,0.08320360066249798
step_sum_08,0.8471504079754073,0.09441725341733753
Humidity,0.8411185975362341,0.18037995922861444
speed_mean_07,0.8405651601242293,0.2798345657923894
Dew_C,0.8298949015761198,0.41624543899017147
speed_mean_10,0.8267927272535739,0.30224229613483194
step_sum_12,0.8114426914694017,0.18849916915068035
turn_std_23,0.8038648630626726,0.18501870613278612
turn_std_01,0.7956856377865875,0.4113142531007142
step_sum_10,0.7942911552444851,0.29704802641493483
speed_mean_11,0.7888487809589632,0.30305327265462967
speed_mean_20,0.7883134771720866,0.4545261627874343
turn_std_22,0.7869966800930082,0.08181075411928632
turn_std_00,0.783689145591288,0.3859590137416963
step_sum_14,0.7770827823616331,0.15770469283537839
speed_mean_14,0.775061484739486,0.13438437594941402
speed_mean_21,0.7684251535650756,0.44485533101901825
speed_mean_09,0.7590379992676485,0.09212379274154997
step_sum_22,0.7533901063977312,0.5559427850425401
step_sum_21,0.7507428651672164,0.464062453617363
speed_mean_22,0.750002003860135,0.5675436208052018
step_sum_11,0.748826682968212,0.3099747676683812
turn_std_12,0.7431558877733965,0.4217595524578324
step_sum_09,0.7414344294414302,0.1034441229710132
step_sum_20,0.7406573419541774,0.437162047202769
turn_std_13,0.7227277930196808,0.34057432000040927
turn_std_21,0.7223398123205907,0.26723134734664417
Precip_mm,0.7214223999662148,0.4736475602494013
step_sum_06,0.7196324085982191,0.6351602896599015
speed_mean_06,0.7195444067984722,0.6077551811257585
turn_std_11,0.7180471434592647,0.5492105474161113
turn_std_16,0.7026626973562226,0.1158455552515512
speed_mean_19,0.6993722271617661,0.38282533052718726
step_sum_19,0.6949989894085895,0.4039271600011285
step_sum_23,0.6783999220210605,0.6332451945986675
turn_std_10,0.6781707781199765,0.5762583649123775
turn_std_18,0.6668191819462086,0.09580382245195032
speed_mean_23,0.6521356554535914,0.7095741479196592
turn_std_02,0.6417306894754214,0.36366642641434466
step_sum_00,0.6212665850923808,0.7188998764605511
speed_mean_18,0.5823794034774256,0.5249071119315524
turn_std_20,0.5813208821482415,0.10012207899677829
step_sum_18,0.5747459588708161,0.5049860318082452
speed_mean_00,0.5644361255768314,0.7576412966259932
step_sum_01,0.5584010473490574,0.7957040781083781
turn_std_15,0.5464356986922425,0.3077208230228696
speed_mean_01,0.5294466979665018,0.8036165714885414
turn_std_09,0.5105992348732336,0.6270657295292931
Wind_Kph,0.5013711446253063,0.24197619720092142
speed_mean_05,0.4997300264691963,0.7694366451568133
step_sum_07,0.49228097032211093,0.06227638119321822
step_sum_05,0.48140511835617505,0.8121094017229769
turn_std_19,0.47695748088319107,0.28959053376223587
turn_mean_20,0.4765578439043645,0.008906005545504235
turn_std_17,0.45679511595728856,0.15600637570517553
turn_mean_19,0.4539333778696798,0.24876781973800732
turn_std_14,0.42941721987007064,0.4672932473750278
turn_mean_16,0.4265930313530399,0.11103821179095154
turn_std_08,0.399696150074442,0.6913736050907135
turn_mean_21,0.39184592219078185,0.13305442374554993
speed_mean_02,0.39122794821016865,0.8216036531305153
step_sum_02,0.388818776405787,0.7849622955621594
Pressure_Hg,0.38523273709091443,0.7579849964706433
turn_std_06,0.38228050263822777,0.07097110464093148
turn_mean_22,0.37925969910839274,0.17350869611840386
speed_mean_17,0.3421482584810096,0.5617234706498563
step_sum_17,0.3404897441880174,0.44111985605357595
step_sum_03,0.3205097915049047,0.8089333649822842
speed_mean_03,0.30926661762680124,0.814494935832459
speed_mean_15,0.30170960598611113,0.4186576917786852
turn_mean_14,0.28795724628533337,0.07921643819194256
turn_std_07,0.2850671049921768,0.3423990778264709
turn_mean_00,0.27971173316970493,0.06939810284074492
step_sum_15,0.2561663756093767,0.3987057221059197
turn_mean_13,0.25360049623284253,0.0026681466506360395
turn_mean_18,0.24581923061682465,0.012352636965035475
turn_mean_11,0.24472166386603206,0.4635395200840552
turn_mean_12,0.2218245084531023,0.0915620884632389
step_sum_16,0.21634215492175102,0.5498140884555492
turn_mean_01,0.19389133933136207,0.019163419817806795
turn_mean_15,0.16348545152201172,0.31070361455873147
turn_mean_17,0.1611564876631977,0.3107837363514198
speed_mean_16,0.1526013402013907,0.5587986296553348
turn_mean_08,0.11774106677131325,0.02284239382307095
turn_mean_03,0.10439900429013867,0.2611319339147234
turn_mean_04,0.10327880428542908,0.20041359435194273
turn_mean_07,0.0964762005964666,0.23941688913603434
turn_std_05,0.08052239405061132,0.5682477713219741
turn_mean_10,0.07417466033116847,0.19497253752016777
turn_std_04,0.04082919619085309,0.7510639559652424
turn_mean_05,0.03877351605254391,0.09874873879993255
turn_mean_23,0.029235198976508066,0.23876100390396876
turn_std_03,0.028149372147589436,0.42897828004065275
turn_mean_02,0.02751011045356441,0.19602643902812386
step_sum_04,0.021910775019716083,0.9216059107284872
turn_mean_09,0.01725051939159228,0.08419496109951322
speed_mean_04,0.01080205696837192,0.898950501427696
Temp_C,0.009942788044880243,0.7054185821155488
turn_mean_06,0.003703623390228657,0.12446382852865448
