,Target_Theme
step_sum_00,PC2
step_sum_01,PC2
step_sum_02,PC2
step_sum_03,PC2
step_sum_04,PC2
step_sum_05,PC2
step_sum_06,PC1
step_sum_07,PC1
step_sum_08,PC1
step_sum_09,PC1
step_sum_10,PC1
step_sum_11,PC1
step_sum_12,PC1
step_sum_13,PC1
step_sum_14,PC1
step_sum_15,PC3
step_sum_16,PC2
step_sum_17,PC2
step_sum_18,PC2
step_sum_19,PC1
step_sum_20,PC1
step_sum_21,PC1
step_sum_22,PC1
step_sum_23,PC1
turn_mean_00,PC3
turn_mean_01,PC1
turn_mean_02,PC1
turn_mean_03,PC2
turn_mean_04,PC3
turn_mean_05,PC3
turn_mean_06,PC3
turn_mean_07,PC3
turn_mean_08,PC1
turn_mean_09,PC2
turn_mean_10,PC3
turn_mean_11,PC2
turn_mean_12,PC2
turn_mean_13,PC2
turn_mean_14,PC1
turn_mean_15,PC1
turn_mean_16,PC1
turn_mean_17,PC3
turn_mean_18,PC1
turn_mean_19,PC2
turn_mean_20,PC1
turn_mean_21,PC3
turn_mean_22,PC2
turn_mean_23,PC2
turn_std_00,PC1
turn_std_01,PC1
turn_std_02,PC1
turn_std_03,PC2
turn_std_04,PC2
turn_std_05,PC2
turn_std_06,PC1
turn_std_07,PC2
turn_std_08,PC2
turn_std_09,PC2
turn_std_10,PC1
turn_std_11,PC1
turn_std_12,PC1
turn_std_13,PC1
turn_std_14,PC1
turn_std_15,PC1
turn_std_16,PC1
turn_std_17,PC1
turn_std_18,PC1
turn_std_19,PC1
turn_std_20,PC1
turn_std_21,PC1
turn_std_22,PC1
turn_std_23,PC1
nsd_mean_00,PC1
nsd_mean_01,PC1
nsd_mean_02,PC1
nsd_mean_03,PC1
nsd_mean_04,PC1
nsd_mean_05,PC1
nsd_mean_06,PC1
nsd_mean_07,PC1
nsd_mean_08,PC1
nsd_mean_09,PC1
nsd_mean_10,PC1
nsd_mean_11,PC1
nsd_mean_12,PC1
nsd_mean_13,PC1
nsd_mean_14,PC1
nsd_mean_15,PC1
nsd_mean_16,PC1
nsd_mean_17,PC1
nsd_mean_18,PC1
nsd_mean_19,PC1
nsd_mean_20,PC1
nsd_mean_21,PC1
nsd_mean_22,PC1
nsd_mean_23,PC1
speed_mean_00,PC2
speed_mean_01,PC2
speed_mean_02,PC2
speed_mean_03,PC2
speed_mean_04,PC2
speed_mean_05,PC2
speed_mean_06,PC1
speed_mean_07,PC1
speed_mean_08,PC1
speed_mean_09,PC1
speed_mean_10,PC1
speed_mean_11,PC1
speed_mean_12,PC1
speed_mean_13,PC1
speed_mean_14,PC1
speed_mean_15,PC3
speed_mean_16,PC2
speed_mean_17,PC2
speed_mean_18,PC2
speed_mean_19,PC1
speed_mean_20,PC1
speed_mean_21,PC1
speed_mean_22,PC2
speed_mean_23,PC2
Temp_C,PC2
Dew_C,PC1
Humidity,PC1
Wind_Kph,PC1
Pressure_Hg,PC2
Precip_mm,PC1
