lon,lat,waterhole,month,Temp_C
15.81602,-19.07024,Leeubron,11,29.93
15.81717,-19.06983,Leeubron,11,29.93
15.81708,-19.07009,Leeubron,11,29.93
15.81872,-19.07292,Leeubron,11,29.93
15.81471,-19.07773,Leeubron,11,26.72
15.81772,-19.07401,Leeubron,11,26.72
15.81667,-19.06929,Leeubron,11,26.72
15.81643,-19.07007,Leeubron,11,26.72
15.81661,-19.07055,Leeubron,11,26.72
15.81911,-19.07277,Leeubron,11,26.72
15.82051,-19.07579,Leeubron,11,26.72
16.1269,-19.23864,Olifantsbad Waterhole,2,29.93
16.1315,-19.23859,Olifantsbad Waterhole,2,29.93
16.12875,-19.23672,Olifantsbad Waterhole,2,29.93
16.12725,-19.23527,Olifantsbad Waterhole,2,29.93
16.12632,-19.2351,Olifantsbad Waterhole,2,29.93
16.06321,-19.21561,Gemsbokvlakte,2,29.93
16.05878,-19.21336,Gemsbokvlakte,2,29.93
16.05879,-19.21336,Gemsbokvlakte,2,29.93
16.0609,-19.21473,Gemsbokvlakte,2,29.93
16.06194,-19.21516,Gemsbokvlakte,2,29.93
16.06572,-19.216,Gemsbokvlakte,2,29.93
16.06753,-19.21664,Gemsbokvlakte,2,29.93
16.12511,-19.23862,Olifantsbad Waterhole,2,31.0
16.1292,-19.23716,Olifantsbad Waterhole,2,31.0
16.13168,-19.23862,Olifantsbad Waterhole,2,31.0
16.13314,-19.24169,Olifantsbad Waterhole,2,31.0
16.13474,-19.24626,Olifantsbad Waterhole,2,31.0
16.06412,-19.21155,Gemsbokvlakte,2,28.86
16.05883,-19.21346,Gemsbokvlakte,2,28.86
16.05883,-19.21346,Gemsbokvlakte,2,28.86
16.06477,-19.21183,Gemsbokvlakte,2,28.86
16.06846,-19.21493,Gemsbokvlakte,2,23.51
16.06609,-19.21469,Gemsbokvlakte,2,23.51
16.06155,-19.2143,Gemsbokvlakte,2,23.51
16.05885,-19.21346,Gemsbokvlakte,2,23.51
16.06313,-19.21154,Gemsbokvlakte,2,23.51
16.06547,-19.21137,Gemsbokvlakte,2,23.51
16.1909,-19.20348,Aus Fountain,2,26.72
16.19405,-19.20559,Aus Fountain,2,26.72
16.19785,-19.20592,Aus Fountain,2,26.72
16.19944,-19.20521,Aus Fountain,2,26.72
15.81642,-19.06933,Leeubron,4,25.65
15.81668,-19.06928,Leeubron,4,25.65
15.81662,-19.06939,Leeubron,4,25.65
15.81697,-19.06962,Leeubron,4,25.65
15.81713,-19.06989,Leeubron,4,25.65
15.81701,-19.0701,Leeubron,4,25.65
15.81676,-19.07017,Leeubron,4,25.65
15.81642,-19.07004,Leeubron,4,25.65
15.81638,-19.07007,Leeubron,4,25.65
15.81637,-19.06972,Leeubron,4,25.65
15.81643,-19.06944,Leeubron,4,25.65
15.81657,-19.06922,Leeubron,4,25.65
15.8166,-19.06916,Leeubron,4,24.58
15.8165,-19.06911,Leeubron,4,24.58
15.81582,-19.06987,Leeubron,4,24.58
15.8142,-19.07046,Leeubron,4,24.58
15.81324,-19.07742,Leeubron,4,24.58
