elephant_id,year,date,waterhole,lon,lat,start_time_str,end_time_str,stay_duration_hours,temp_c,humidity_percent
02fe,2013,2013-03-18,Ozonjuitji m'Bari,15.5035973,-18.9766519,2013-03-18 08:40:00,2013-03-18 13:20:00,4.666666666666667,31.0,37.0
02fe,2013,2013-03-20,Gemsbokvlakte,16.0591959,-19.2134339,2013-03-20 17:00:00,2013-03-20 18:00:00,1.0,32.06,25.0
02fe,2013,2013-03-21,Olifantsbad Waterhole,16.1310575,-19.2388057,2013-03-21 00:00:00,2013-03-21 14:20:00,14.333333333333334,31.0,29.0
02fe,2013,2013-03-22,Aus Fountain,16.1932918,-19.2053106,2013-03-22 06:20:00,2013-03-22 07:00:00,0.6666666666666666,29.93,37.0
02fe,2013,2013-03-23,Aus Fountain,16.1932918,-19.2053106,2013-03-23 02:00:00,2013-03-23 02:40:00,0.6666666666666666,29.93,32.0
02fe,2013,2013-03-23,Olifantsbad Waterhole,16.1310575,-19.2388057,2013-03-23 06:20:00,2013-03-23 15:20:00,9.0,29.93,32.0
02fe,2013,2013-03-24,Gemsbokvlakte,16.0591959,-19.2134339,2013-03-24 17:40:00,2013-03-24 19:40:00,2.0,29.93,34.0
02fe,2013,2013-03-25,Olifantsbad Waterhole,16.1310575,-19.2388057,2013-03-25 12:20:00,2013-03-25 16:20:00,4.0,31.0,34.0
02fe,2013,2013-03-26,Olifantsbad Waterhole,16.1310575,-19.2388057,2013-03-26 11:20:00,2013-03-26 15:40:00,4.333333333333333,31.0,35.0
02fe,2013,2013-03-27,Olifantsbad Waterhole,16.1310575,-19.2388057,2013-03-27 11:40:00,2013-03-27 15:40:00,4.0,28.86,50.0
02fe,2013,2013-03-28,Olifantsbad Waterhole,16.1310575,-19.2388057,2013-03-28 10:00:00,2013-03-28 13:40:00,3.6666666666666665,26.72,64.0
02fe,2013,2013-03-29,Gemsbokvlakte,16.0591959,-19.2134339,2013-03-29 17:00:00,2013-03-29 18:00:00,1.0,24.58,75.0
02fe,2013,2013-03-29,Olifantsbad Waterhole,16.1310575,-19.2388057,2013-03-29 09:40:00,2013-03-29 13:40:00,4.0,24.58,75.0
02fe,2013,2013-03-30,Ombika,15.9411653,-19.31571144,2013-03-30 19:00:00,2013-03-30 20:00:00,1.0,22.44,80.0
02fe,2013,2013-04-01,Ombika,15.9411653,-19.31571144,2013-04-01 10:40:00,2013-04-01 11:20:00,0.6666666666666666,26.72,55.0
02fe,2013,2013-04-06,Ombika,15.9411653,-19.31571144,2013-04-06 19:00:00,2013-04-06 20:40:00,1.6666666666666667,25.65,34.0
02fe,2013,2013-04-09,Gemsbokvlakte,16.0591959,-19.2134339,2013-04-09 22:00:00,2013-04-09 22:40:00,0.6666666666666666,28.86,26.0
02fe,2013,2013-04-11,Olifantsbad Waterhole,16.1310575,-19.2388057,2013-04-11 17:20:00,2013-04-11 18:20:00,1.0,28.86,24.0
02fe,2013,2013-04-12,Gemsbokvlakte,16.0591959,-19.2134339,2013-04-12 17:00:00,2013-04-12 17:40:00,0.6666666666666666,28.86,33.0
02fe,2013,2013-04-13,Olifantsbad Waterhole,16.1310575,-19.2388057,2013-04-13 16:00:00,2013-04-13 17:20:00,1.3333333333333333,29.93,37.0
02fe,2013,2013-04-14,Gemsbokvlakte,16.0591959,-19.2134339,2013-04-14 16:40:00,2013-04-14 17:40:00,1.0,28.86,37.0
02fe,2013,2013-04-15,Olifantsbad Waterhole,16.1310575,-19.2388057,2013-04-15 15:20:00,2013-04-15 16:20:00,1.0,28.86,34.0
02fe,2013,2013-04-16,Olifantsbad Waterhole,16.1310575,-19.2388057,2013-04-16 11:00:00,2013-04-16 14:20:00,3.3333333333333335,29.93,32.0
02fe,2013,2013-04-17,Olifantsbad Waterhole,16.1310575,-19.2388057,2013-04-17 13:20:00,2013-04-17 14:40:00,1.3333333333333333,28.86,29.0
02fe,2013,2013-04-18,Olifantsbad Waterhole,16.1310575,-19.2388057,2013-04-18 09:40:00,2013-04-18 15:00:00,5.333333333333333,28.86,27.0
02fe,2013,2013-04-19,Olifantsbad Waterhole,16.1310575,-19.2388057,2013-04-19 15:40:00,2013-04-19 18:40:00,3.0,25.65,33.0
02fe,2013,2013-04-20,Olifantsbad Waterhole,16.1310575,-19.2388057,2013-04-20 19:20:00,2013-04-20 21:20:00,2.0,25.65,22.0
02fe,2013,2013-04-21,Olifantsbad Waterhole,16.1310575,-19.2388057,2013-04-21 10:20:00,2013-04-21 14:00:00,3.6666666666666665,26.72,26.0
02fe,2013,2013-04-22,Olifantsbad Waterhole,16.1310575,-19.2388057,2013-04-22 09:00:00,2013-04-22 14:20:00,5.333333333333333,26.72,27.0
02fe,2013,2013-04-23,Olifantsbad Waterhole,16.1310575,-19.2388057,2013-04-23 11:00:00,2013-04-23 15:20:00,4.333333333333333,26.72,18.0
02fe,2013,2013-04-24,Olifantsbad Waterhole,16.1310575,-19.2388057,2013-04-24 15:20:00,2013-04-24 20:40:00,5.333333333333333,25.65,21.0
02fe,2013,2013-04-25,Olifantsbad Waterhole,16.1310575,-19.2388057,2013-04-25 09:40:00,2013-04-25 12:20:00,2.6666666666666665,25.65,27.0
02fe,2013,2013-04-26,Olifantsbad Waterhole,16.1310575,-19.2388057,2013-04-26 10:00:00,2013-04-26 13:00:00,3.0,25.65,40.0
02fe,2013,2013-04-27,Olifantsbad Waterhole,16.1310575,-19.2388057,2013-04-27 09:00:00,2013-04-27 11:00:00,2.0,24.58,39.0
02fe,2013,2013-04-28,Olifantsbad Waterhole,16.1310575,-19.2388057,2013-04-28 09:20:00,2013-04-28 16:40:00,7.333333333333333,24.58,32.0
02fe,2013,2013-04-29,Olifantsbad Waterhole,16.1310575,-19.2388057,2013-04-29 20:20:00,2013-04-29 23:00:00,2.6666666666666665,24.58,32.0
02fe,2013,2013-04-30,Olifantsbad Waterhole,16.1310575,-19.2388057,2013-04-30 10:40:00,2013-04-30 16:00:00,5.333333333333333,25.65,32.0
02fe,2013,2013-05-01,Olifantsbad Waterhole,16.1310575,-19.2388057,2013-05-01 11:40:00,2013-05-01 15:00:00,3.3333333333333335,24.58,31.0
02fe,2013,2013-05-02,Gemsbokvlakte,16.0591959,-19.2134339,2013-05-02 16:00:00,2013-05-02 21:20:00,5.333333333333333,23.51,37.0
02fe,2013,2013-05-03,Olifantsbad Waterhole,16.1310575,-19.2388057,2013-05-03 12:40:00,2013-05-03 15:00:00,2.3333333333333335,23.51,34.0
02fe,2013,2013-05-04,Olifantsbad Waterhole,16.1310575,-19.2388057,2013-05-04 08:20:00,2013-05-04 13:40:00,5.333333333333333,24.58,34.0
02fe,2013,2013-05-05,Olifantsbad Waterhole,16.1310575,-19.2388057,2013-05-05 13:40:00,2013-05-05 17:40:00,4.0,23.51,30.0
02fe,2013,2013-05-06,Olifantsbad Waterhole,16.1310575,-19.2388057,2013-05-06 10:20:00,2013-05-06 16:00:00,5.666666666666667,23.51,28.0
02fe,2013,2013-05-07,Olifantsbad Waterhole,16.1310575,-19.2388057,2013-05-07 10:00:00,2013-05-07 16:40:00,6.666666666666667,23.51,33.0
02fe,2013,2013-05-08,Olifantsbad Waterhole,16.1310575,-19.2388057,2013-05-08 10:40:00,2013-05-08 15:40:00,5.0,24.58,42.0
02fe,2013,2013-05-09,Olifantsbad Waterhole,16.1310575,-19.2388057,2013-05-09 17:20:00,2013-05-09 18:20:00,1.0,25.65,35.0
02fe,2013,2013-05-10,Olifantsbad Waterhole,16.1310575,-19.2388057,2013-05-10 09:20:00,2013-05-10 15:40:00,6.333333333333333,25.65,31.0
02fe,2013,2013-05-11,Gemsbokvlakte,16.0591959,-19.2134339,2013-05-11 15:41:00,2013-05-11 19:40:00,3.9833333333333334,27.79,28.0
02fe,2013,2013-05-14,Gemsbokvlakte,16.0591959,-19.2134339,2013-05-14 02:20:00,2013-05-14 18:40:00,16.333333333333332,25.65,31.0
02fe,2013,2013-05-15,Gemsbokvlakte,16.0591959,-19.2134339,2013-05-15 18:40:00,2013-05-15 20:00:00,1.3333333333333333,25.65,34.0
02fe,2013,2013-05-16,Gemsbokvlakte,16.0591959,-19.2134339,2013-05-16 16:00:00,2013-05-16 17:00:00,1.0,25.65,35.0
02fe,2013,2013-05-17,Gemsbokvlakte,16.0591959,-19.2134339,2013-05-17 16:20:00,2013-05-17 17:40:00,1.3333333333333333,25.65,25.0
02fe,2013,2013-05-18,Olifantsbad Waterhole,16.1310575,-19.2388057,2013-05-18 10:40:00,2013-05-18 17:20:00,6.666666666666667,26.72,31.0
02fe,2013,2013-05-19,Olifantsbad Waterhole,16.1310575,-19.2388057,2013-05-19 11:00:00,2013-05-19 15:00:00,4.0,26.72,37.0
02fe,2013,2013-05-20,Olifantsbad Waterhole,16.1310575,-19.2388057,2013-05-20 10:40:00,2013-05-20 14:40:00,4.0,24.58,48.0
02fe,2013,2013-05-21,Olifantsbad Waterhole,16.1310575,-19.2388057,2013-05-21 11:40:00,2013-05-21 15:00:00,3.3333333333333335,24.58,43.0
02fe,2013,2013-05-22,Olifantsbad Waterhole,16.1310575,-19.2388057,2013-05-22 10:20:00,2013-05-22 13:20:00,3.0,24.58,37.0
02fe,2013,2013-05-23,Gemsbokvlakte,16.0591959,-19.2134339,2013-05-23 13:20:00,2013-05-23 14:20:00,1.0,24.58,32.0
02fe,2013,2013-05-28,Ombika,15.9411653,-19.31571144,2013-05-28 16:40:00,2013-05-28 19:20:00,2.6666666666666665,22.44,24.0
02fe,2013,2013-05-30,Ombika,15.9411653,-19.31571144,2013-05-30 00:00:00,2013-05-30 19:00:00,19.0,23.51,22.0
02fe,2013,2013-06-03,Gemsbokvlakte,16.0591959,-19.2134339,2013-06-03 19:40:00,2013-06-03 20:40:00,1.0,25.65,28.0
02fe,2013,2013-06-04,Olifantsbad Waterhole,16.1310575,-19.2388057,2013-06-04 10:20:00,2013-06-04 23:20:00,13.0,24.58,30.0
02fe,2013,2013-06-05,Gemsbokvlakte,16.0591959,-19.2134339,2013-06-05 21:00:00,2013-06-05 21:40:00,0.6666666666666666,24.58,27.0
02fe,2013,2013-06-05,Olifantsbad Waterhole,16.1310575,-19.2388057,2013-06-05 09:00:00,2013-06-05 11:40:00,2.6666666666666665,24.58,27.0
02fe,2013,2013-06-06,Gemsbokvlakte,16.0591959,-19.2134339,2013-06-06 17:20:00,2013-06-06 18:40:00,1.3333333333333333,23.51,25.0
02fe,2013,2013-06-07,Gemsbokvlakte,16.0591959,-19.2134339,2013-06-07 16:20:00,2013-06-07 17:20:00,1.0,23.51,29.0
02fe,2013,2013-06-08,Gemsbokvlakte,16.0591959,-19.2134339,2013-06-08 13:20:00,2013-06-08 14:20:00,1.0,23.51,32.0
02fe,2013,2013-06-11,Ombika,15.9411653,-19.31571144,2013-06-11 01:20:00,2013-06-11 02:00:00,0.6666666666666666,19.24,22.0
02fe,2013,2013-06-13,Ombika,15.9411653,-19.31571144,2013-06-13 15:20:00,2013-06-13 17:00:00,1.6666666666666667,21.38,40.0
02fe,2013,2013-06-14,Ombika,15.9411653,-19.31571144,2013-06-14 14:00:00,2013-06-14 15:40:00,1.6666666666666667,22.44,35.0
02fe,2013,2013-06-15,Gemsbokvlakte,16.0591959,-19.2134339,2013-06-15 18:00:00,2013-06-15 19:00:00,1.0,22.44,32.0
02fe,2013,2013-06-16,Gemsbokvlakte,16.0591959,-19.2134339,2013-06-16 15:20:00,2013-06-16 16:00:00,0.6666666666666666,21.38,29.0
02fe,2013,2013-06-17,Ombika,15.9411653,-19.31571144,2013-06-17 19:20:00,2013-06-17 21:00:00,1.6666666666666667,21.38,27.0
02fe,2013,2013-06-18,Ombika,15.9411653,-19.31571144,2013-06-18 18:40:00,2013-06-18 20:00:00,1.3333333333333333,20.31,37.0
02fe,2013,2013-06-19,Ombika,15.9411653,-19.31571144,2013-06-19 17:20:00,2013-06-19 18:40:00,1.3333333333333333,20.31,45.0
02fe,2013,2013-06-20,Ombika,15.9411653,-19.31571144,2013-06-20 17:00:00,2013-06-20 18:20:00,1.3333333333333333,19.24,39.0
02fe,2013,2013-07-01,Ombika,15.9411653,-19.31571144,2013-07-01 02:22:00,2013-07-01 21:20:00,18.966666666666665,23.51,31.0
02fe,2013,2013-07-02,Ombika,15.9411653,-19.31571144,2013-07-02 14:40:00,2013-07-02 16:20:00,1.6666666666666667,22.44,27.0
02fe,2013,2013-07-09,Ombika,15.9411653,-19.31571144,2013-07-09 22:00:00,2013-07-09 23:20:00,1.3333333333333333,22.44,29.0
02fe,2013,2013-07-10,Ombika,15.9411653,-19.31571144,2013-07-10 18:40:00,2013-07-10 20:00:00,1.3333333333333333,22.44,26.0
02fe,2013,2013-07-11,Ombika,15.9411653,-19.31571144,2013-07-11 15:20:00,2013-07-11 17:20:00,2.0,21.38,27.0
02fe,2013,2013-07-12,Ombika,15.9411653,-19.31571144,2013-07-12 19:00:00,2013-07-12 21:20:00,2.3333333333333335,20.31,34.0
02fe,2013,2013-07-13,Ombika,15.9411653,-19.31571144,2013-07-13 15:40:00,2013-07-13 16:40:00,1.0,20.31,37.0
02fe,2013,2013-07-14,Gemsbokvlakte,16.0591959,-19.2134339,2013-07-14 20:00:00,2013-07-14 21:00:00,1.0,20.31,36.0
02fe,2013,2013-07-15,Gemsbokvlakte,16.0591959,-19.2134339,2013-07-15 16:41:00,2013-07-15 17:20:00,0.65,21.38,32.0
02fe,2013,2013-07-16,Kapupuhedi,16.0699363,-19.1239698,2013-07-16 18:40:00,2013-07-16 19:00:00,0.3333333333333333,21.38,31.0
02fe,2013,2013-07-16,Ondongab,16.1102057,-19.1048141,2013-07-16 10:00:00,2013-07-16 16:40:00,6.666666666666667,21.38,31.0
02fe,2013,2013-07-26,Ombika,15.9411653,-19.31571144,2013-07-26 21:20:00,2013-07-26 22:20:00,1.0,21.38,29.0
02fe,2013,2013-07-27,Ombika,15.9411653,-19.31571144,2013-07-27 21:20:00,2013-07-27 22:40:00,1.3333333333333333,22.44,26.0
02fe,2013,2013-07-28,Ombika,15.9411653,-19.31571144,2013-07-28 17:00:00,2013-07-28 19:00:00,2.0,23.51,20.0
02fe,2013,2013-07-31,Ombika,15.9411653,-19.31571144,2013-07-31 13:40:00,2013-07-31 16:00:00,2.3333333333333335,22.44,26.0
02fe,2013,2013-08-01,Ombika,15.9411653,-19.31571144,2013-08-01 13:20:00,2013-08-01 15:20:00,2.0,23.51,31.0
02fe,2013,2013-08-03,Ombika,15.9411653,-19.31571144,2013-08-03 00:00:00,2013-08-03 21:20:00,21.333333333333332,20.31,30.0
02fe,2013,2013-08-04,Ombika,15.9411653,-19.31571144,2013-08-04 18:20:00,2013-08-04 20:00:00,1.6666666666666667,21.38,36.0
02fe,2013,2013-08-05,Ombika,15.9411653,-19.31571144,2013-08-05 21:00:00,2013-08-05 22:40:00,1.6666666666666667,22.44,33.0
02fe,2013,2013-08-06,Ombika,15.9411653,-19.31571144,2013-08-06 23:00:00,2013-08-06 23:40:00,0.6666666666666666,23.51,31.0
02fe,2013,2013-08-07,Ombika,15.9411653,-19.31571144,2013-08-07 00:00:00,2013-08-07 01:00:00,1.0,22.44,27.0
02fe,2013,2013-08-08,Ombika,15.9411653,-19.31571144,2013-08-08 01:40:00,2013-08-08 22:40:00,21.0,23.51,28.0
02fe,2013,2013-08-10,Ombika,15.9411653,-19.31571144,2013-08-10 13:20:00,2013-08-10 14:40:00,1.3333333333333333,24.58,21.0
02fe,2013,2013-08-11,Ombika,15.9411653,-19.31571144,2013-08-11 17:20:00,2013-08-11 19:00:00,1.6666666666666667,23.51,19.0
02fe,2013,2013-08-12,Gemsbokvlakte,16.0591959,-19.2134339,2013-08-12 18:00:00,2013-08-12 19:20:00,1.3333333333333333,24.58,13.0
02fe,2013,2013-08-13,Olifantsbad Waterhole,16.1310575,-19.2388057,2013-08-13 09:20:00,2013-08-13 13:20:00,4.0,25.65,11.0
02fe,2013,2013-08-14,Olifantsbad Waterhole,16.1310575,-19.2388057,2013-08-14 18:20:00,2013-08-14 19:20:00,1.0,23.51,13.0
02fe,2013,2013-08-15,Olifantsbad Waterhole,16.1310575,-19.2388057,2013-08-15 11:40:00,2013-08-15 17:00:00,5.333333333333333,22.44,15.0
02fe,2013,2013-08-16,Gemsbokvlakte,16.0591959,-19.2134339,2013-08-16 18:00:00,2013-08-16 18:40:00,0.6666666666666666,23.51,12.0
02fe,2013,2013-08-17,Ombika,15.9411653,-19.31571144,2013-08-17 18:20:00,2013-08-17 19:40:00,1.3333333333333333,25.65,12.0
02fe,2013,2013-08-18,Gemsbokvlakte,16.0591959,-19.2134339,2013-08-18 23:20:00,2013-08-18 23:40:00,0.3333333333333333,25.65,8.0
02fe,2013,2013-08-19,Gemsbokvlakte,16.0591959,-19.2134339,2013-08-19 00:00:00,2013-08-19 18:20:00,18.333333333333332,25.65,9.0
02fe,2013,2013-08-20,Gemsbokvlakte,16.0591959,-19.2134339,2013-08-20 19:00:00,2013-08-20 20:20:00,1.3333333333333333,25.65,12.0
02fe,2013,2013-08-21,Gemsbokvlakte,16.0591959,-19.2134339,2013-08-21 18:40:00,2013-08-21 20:00:00,1.3333333333333333,25.65,15.0
02fe,2013,2013-08-22,Gemsbokvlakte,16.0591959,-19.2134339,2013-08-22 18:00:00,2013-08-22 19:20:00,1.3333333333333333,26.72,19.0
02fe,2013,2013-08-24,Ombika,15.9411653,-19.31571144,2013-08-24 02:20:00,2013-08-24 18:40:00,16.333333333333332,26.72,14.0
02fe,2013,2013-08-25,Ombika,15.9411653,-19.31571144,2013-08-25 19:00:00,2013-08-25 23:20:00,4.333333333333333,26.72,16.0
02fe,2013,2013-08-26,Ombika,15.9411653,-19.31571144,2013-08-26 18:00:00,2013-08-26 20:20:00,2.3333333333333335,26.72,23.0
02fe,2013,2013-08-30,Gemsbokvlakte,16.0591959,-19.2134339,2013-08-30 23:40:00,2013-08-30 23:40:00,0.0,23.51,26.0
02fe,2013,2013-08-31,Gemsbokvlakte,16.0591959,-19.2134339,2013-08-31 00:00:00,2013-08-31 00:00:00,0.0,21.38,19.0
02fe,2013,2013-08-31,Olifantsbad Waterhole,16.1310575,-19.2388057,2013-08-31 16:00:00,2013-08-31 17:40:00,1.6666666666666667,21.38,19.0
02fe,2013,2013-09-01,Olifantsbad Waterhole,16.1310575,-19.2388057,2013-09-01 09:40:00,2013-09-01 12:20:00,2.6666666666666665,24.58,12.0
02fe,2013,2013-09-02,Olifantsbad Waterhole,16.1310575,-19.2388057,2013-09-02 11:00:00,2013-09-02 14:20:00,3.3333333333333335,25.65,13.0
02fe,2013,2013-09-03,Gemsbokvlakte,16.0591959,-19.2134339,2013-09-03 17:20:00,2013-09-03 18:40:00,1.3333333333333333,26.72,11.0
02fe,2013,2013-09-04,Olifantsbad Waterhole,16.1310575,-19.2388057,2013-09-04 09:20:00,2013-09-04 13:40:00,4.333333333333333,28.86,10.0
02fe,2013,2013-09-05,Gemsbokvlakte,16.0591959,-19.2134339,2013-09-05 17:00:00,2013-09-05 18:00:00,1.0,29.93,13.0
02fe,2013,2013-09-07,Ombika,15.9411653,-19.31571144,2013-09-07 22:00:00,2013-09-07 23:20:00,1.3333333333333333,28.86,15.0
02fe,2013,2013-09-09,Ombika,15.9411653,-19.31571144,2013-09-09 16:40:00,2013-09-09 19:40:00,3.0,28.86,15.0
02fe,2013,2013-09-10,Ombika,15.9411653,-19.31571144,2013-09-10 22:00:00,2013-09-10 23:40:00,1.6666666666666667,28.86,13.0
02fe,2013,2013-09-15,Ombika,15.9411653,-19.31571144,2013-09-15 15:20:00,2013-09-15 20:00:00,4.666666666666667,28.86,18.0
02fe,2013,2013-09-16,Gemsbokvlakte,16.0591959,-19.2134339,2013-09-16 20:00:00,2013-09-16 20:40:00,0.6666666666666666,31.0,10.0
02fe,2013,2013-09-17,Olifantsbad Waterhole,16.1310575,-19.2388057,2013-09-17 07:20:00,2013-09-17 16:40:00,9.333333333333334,32.06,11.0
02fe,2013,2013-09-18,Olifantsbad Waterhole,16.1310575,-19.2388057,2013-09-18 16:20:00,2013-09-18 18:40:00,2.3333333333333335,34.2,14.0
02fe,2013,2013-09-19,Aus Fountain,16.1932918,-19.2053106,2013-09-19 11:00:00,2013-09-19 17:20:00,6.333333333333333,32.06,20.0
02fe,2013,2013-09-20,Ondongab,16.1102057,-19.1048141,2013-09-20 19:40:00,2013-09-20 23:40:00,4.0,25.65,21.0
02fe,2013,2013-09-21,Aus Fountain,16.1932918,-19.2053106,2013-09-21 09:00:00,2013-09-21 16:00:00,7.0,23.51,26.0
02fe,2013,2013-09-21,Ondongab,16.1102057,-19.1048141,2013-09-21 00:00:00,2013-09-21 01:00:00,1.0,23.51,26.0
02fe,2013,2013-09-22,Aus Fountain,16.1932918,-19.2053106,2013-09-22 12:40:00,2013-09-22 16:00:00,3.3333333333333335,26.72,17.0
