,PC1,PC2,PC3,PC4,PC5,PC6,PC7,PC8,PC9,PC10,PC11
step_sum_00,0.6057306514621233,-0.6381115261725386,0.07012267258620365,-0.17273079114307593,0.30870691914928594,0.009411518136356458,-0.17905453315261435,-0.11539728541147559,-0.10721687389225835,0.015845617777980315,0.08050726591308542
step_sum_01,0.5662995498954811,-0.7482359537826342,0.035074647705388436,-0.10876672240670571,0.16514173100854257,-0.12507819631801184,-0.17823379067416417,-0.11065087672636542,-0.02861962475670014,0.11188366354722497,-0.07245848298274699
step_sum_02,0.3745056359196123,-0.7673515617040704,0.09538749705804114,-0.27038870924506914,0.13066305335655523,-0.13387060107519438,-0.2679298529133149,-0.19882049641881844,-0.07596705753714536,0.21738229454960373,-0.06269261535205897
step_sum_03,0.2380496711552095,-0.6843082352709875,-0.01658240095163204,-0.4610227987276895,0.10779763435568161,-0.12871206967389534,-0.06460543226170765,-0.12133645273518141,-0.21131023349735703,0.1503174121688853,-0.15984605011979292
step_sum_04,0.5377561745920203,-0.5761533166741907,-0.00607171557003287,-0.46439725055911496,0.030168747438428165,-0.15384999670813543,0.13241359164201036,0.09763113645319933,-0.24529432318153277,0.16336717950294613,-0.07588711335551382
step_sum_05,0.7433343023748579,-0.2470358213881503,0.12874807915274303,-0.3590018063066633,-0.08728868295501845,-0.1209971699284371,0.4392330908570358,0.12694999035422888,0.037796560133145904,0.16463213648325997,0.08210632375323557
step_sum_06,0.9072991305368526,-0.1763293748295067,0.0060659918053652985,-0.17463463787269332,-0.19041534234181123,-0.11413014399291203,0.25421779385414683,0.028515543664999275,0.10933043327899943,0.035627940095380506,-0.05001895831978613
step_sum_07,0.8953056872036449,-0.2483396757288283,-0.06294707602602681,-0.12305431635987436,-0.194402711832095,-0.06486598082118561,0.15166013223974975,0.06819805953655084,0.15808714963693282,-0.07982084883961099,0.05321946854686034
step_sum_08,0.8948160561301189,-0.1892712060385022,-0.2123493625650234,0.047924574665090175,-0.2278358299860259,-0.06328349016815935,0.13820814695758823,-0.039404337804585673,0.15148114581563987,-0.11397242838657791,0.13626710803906864
step_sum_09,0.7350834124706777,-0.11740308349351394,-0.41541684498004455,0.05419308852928768,-0.4825971273886918,-0.036247341948518,0.07871761985520856,0.16943088339557563,0.054387660871205036,0.01251475741208004,-0.12336732747825069
step_sum_10,0.6975454317978168,-0.2236059933338014,-0.4405992325130803,0.04684635090323269,-0.45464221042961117,-0.020454546238908734,-0.03656825596786734,0.031448626185968935,-0.20827349173654947,0.1350746858498685,-0.07131978163899651
step_sum_11,0.7834807797225818,-0.27983635282913677,-0.3688733168545106,0.13309273823591797,-0.2839087715929296,-0.04406588307012785,-0.11152075287691823,-0.06943178181800885,0.013391256292548672,0.14496093265564128,0.0004571989439243549
step_sum_12,0.6544586500139454,-0.3170056098805774,-0.44795706898761567,0.10413275557626,-0.14958825194579115,-0.17783102936350875,0.016635446846149232,-0.36576896209449966,0.11727134270009132,-0.1551717553394065,-0.18271416204514884
step_sum_13,0.711172907237275,-0.20769560360207048,-0.538329967950398,0.1264740062207392,-0.2252688018539975,0.15997809374604766,0.2020085920727857,0.07102120534628602,0.09523158411794036,-0.12418678008137482,-0.09496265676801173
step_sum_14,0.8015090435353843,-0.17370664522478316,-0.31584897971223375,-0.09322586065519144,-0.29023806608936636,0.17903882219484177,-0.0409439563938117,0.15694214710668347,-0.10326412398286143,0.005285917433378128,0.08147907738050283
step_sum_15,0.7030970836392179,-0.40019517979842945,-0.4131297227168456,-0.09263345619406577,0.009498382187978525,0.307940203697859,-0.02080729684541599,0.095084431632217,-0.021730067964177056,-0.19895019119883015,-0.007956165050035489
step_sum_16,0.6692572871429238,-0.5459534711473627,-0.31569898117235007,-0.110470476435085,-0.11299750028217312,0.18272022074435865,-0.10899295887604697,0.017580681361717834,-0.15110472489897814,-0.2240389238365248,-0.036382767682420436
step_sum_17,0.7537898678304484,-0.536273985229779,-0.11856987848923686,-0.19492229652183157,0.15281299275075305,0.20992963330960984,-0.04784576112074498,-0.057545573043117214,-0.05647109332514933,0.01571981181834182,0.023457245029266945
step_sum_18,0.7259984320932776,-0.47099310446249304,-0.02117406706232224,-0.17943714807834335,0.18015168454186156,0.33336662789976157,-0.10986203979567434,0.13999603574570035,0.15052292464190967,0.14689701959448925,-0.15985662498580971
step_sum_19,0.6781322141527819,-0.6301062629490706,0.041631270248779495,-0.08390146903115986,0.10775227470551248,0.12077262999937927,-0.0946143010752134,0.159010006834495,0.1846963774632104,0.15413949014383743,-0.1116566973991616
step_sum_20,0.6913656892136476,-0.6857873617199909,-0.019300555803257107,-0.023577787348501102,0.12034388889237442,0.12527956301595938,-0.08092494379540509,-0.03603882389036102,0.07327156046053802,-0.020995035825550352,-0.01821068671819197
step_sum_21,0.6180537198247098,-0.7044915992406563,-0.041877615264508936,0.014417456852088948,0.20936553970203237,0.13672212110113707,-0.12632209554491367,-0.012053798773668674,0.18124033569383746,0.06680954548946176,0.04214557394930901
step_sum_22,0.6470574038216144,-0.676298956561627,-0.036774640966500086,-0.07067882725527957,0.17448342003655107,0.12781027310934803,-0.21391339550169822,-0.0414504615831501,0.16274400366859723,-0.018129203543941,-0.032251307047520245
step_sum_23,0.6813130250485703,-0.6130826622808917,-0.052968956579047294,-0.1153814915225139,0.25610693549744123,0.11333333677477028,-0.012521669795814126,-0.14918854992344832,0.044884289921129465,-0.08921400584410466,0.025555311220741925
turn_mean_00,-0.28372350848190164,-0.5466754390717523,-0.137960656566574,-0.1502847173356211,-0.11271807290977197,-0.07669756072103849,0.3712986802008719,-0.18327725354488894,0.21572071771026846,0.3289641557746723,0.01822246894752975
turn_mean_01,-0.3132434531655721,-0.4913069773085098,-0.0014739767732888456,-0.1505563857409171,0.15918145732888359,-0.43876198152205853,0.23405307318440297,0.24690391281242796,0.39148785953202786,0.03389170801419084,-0.030951593368668175
turn_mean_02,-0.3509175918621193,-0.21254589884667138,-0.01744843609697045,-0.3823301465683465,0.15640069717575644,-0.4231485712921405,0.06990374510500251,0.18569742385345883,0.4270693189805161,-0.17987457381420133,0.4468083240500098
turn_mean_03,0.3756226452574015,0.6075002486178891,0.1492229496881517,-0.057625188709623146,0.13594150182830975,-0.31179744290071154,0.009336129674023289,-0.11357957032731422,0.16501267694674832,-0.040420636178588785,-0.16744256123334028
turn_mean_04,-0.10300603021563721,0.2916130563748944,0.09120449149809867,-0.7303976764586126,0.220160143000453,0.3048137341278119,-0.05393869458862432,0.03173701811431341,0.2442990672839644,0.05871129870256073,0.0070825281786695065
turn_mean_05,-0.43935247999520183,0.23714002123457834,0.02652066817385591,0.6054601301425306,0.24377954778664032,0.04333218285204164,0.2732240906128422,-0.10257662445664023,0.20528489396582264,0.17517419550842572,0.27887901476454713
turn_mean_06,0.46612950152549487,0.2915476025809014,-0.3874719894375332,0.0361543786972349,0.4448243783804953,-0.1251360671042467,0.15258340465553108,-0.33344820808442205,0.20673959903216915,-0.17519130297391047,0.19087763965974486
turn_mean_07,-0.2682426856639342,-0.15800483560608702,-0.24869566168414145,0.5018198044712979,0.10068828654928348,-0.41528288869601154,0.21744220306342985,-0.11434196511171178,-0.10776155742620415,0.25006826736634513,0.34404472059088875
turn_mean_08,-0.5681115526743935,-0.01286855178339231,-0.06214556528702221,-0.0314345665348458,0.20701449142359818,-0.27393076356574614,0.39650046066225464,0.4410372357212679,0.09320761994968632,-0.028812660944648426,-0.12043151357712366
turn_mean_09,-0.4090105353568234,-0.060095759089116164,0.7565424513949812,0.2842954131562835,-0.37443449870034873,0.0895102410876019,0.028300974985039508,-0.1708619542194916,0.011520363491358116,-0.010652232486163631,-0.06726299233563765
turn_mean_10,-0.31818951220628144,0.15985969350666604,0.7914849735573976,0.1398755427165954,-0.36584274549824164,0.02345445360247076,0.2076591809977012,0.07304824868452989,0.09217925275634266,-0.10814612255123461,0.1047168461961165
turn_mean_11,-0.40911320266231327,-0.0036497780669362324,0.6909424447694732,-0.16496597582585398,-0.11119881409898573,0.06942024749138599,0.043172530174704946,0.020444433420441197,0.3203178460418875,0.20664178611757636,0.31519930125282575
turn_mean_12,-0.2751773974668873,-0.08143716441548342,0.5581013268892466,0.007332897838606794,-0.3415646774996361,0.26823594099956743,0.22878465598443398,0.035183576774710755,-0.143091178880773,-0.33554465004291534,0.01730902501532656
turn_mean_13,-0.4246054420642865,-0.048849890187209116,0.7751018507669264,0.1561325767314813,-0.3345217264135535,0.10469707717738115,0.17644161656309076,-0.013391217218781145,0.07931651439296608,-0.06872063404372,0.05814976774481788
turn_mean_14,-0.5049364404951624,-0.16187918758505235,0.09797950486859225,0.42630608754727645,0.13518620675355306,-0.5955785371522795,-0.037483044005694056,-0.03730576959733238,-0.12091410549339036,0.012905071573708966,0.04482258134070643
turn_mean_15,-0.2211962717592841,-0.012471902227892202,0.312740617911139,0.09117038122695154,-0.48835677238997405,-0.34365431791278805,0.16257468894743757,-0.45946469232298803,0.2318508860581969,0.24069840401352693,-0.2623405917301187
turn_mean_16,-0.1210858115813266,0.28069111809933583,-0.08489872747773532,0.4285605477712026,0.3632356269378557,0.09340026237096148,0.17435927164676748,0.4759715032228796,-0.021183174551952393,0.2732626190086435,0.10572439844354535
turn_mean_17,0.43477831222504787,-0.131388166968364,-0.5181700922305522,0.009866624774650124,0.2161825861333677,-0.09784208959027299,0.20493000526385396,-0.015380585261028,0.36560723838429193,-0.11620853003601364,-0.014877662831368581
turn_mean_18,0.3848363994418614,0.027083851955036514,-0.3939742113665117,-0.20736151142297707,0.4233454077196648,0.11914914938318732,-0.19272744508183964,0.31603293769000523,0.2588208515963343,0.17612475643911504,0.3499624947723492
turn_mean_19,0.1934551567388349,-0.09431615014745057,-0.30879306762784586,0.21868947204907319,-0.3973695783855821,0.3865975562670112,-0.17213420419407657,0.40741297793858966,-0.13060621109007092,-0.23176244416708777,-0.014242762898493912
turn_mean_20,-0.2298711567974134,0.10766344716599686,0.6937273210596975,0.2970941181034377,0.10918216298754203,0.11330565132556086,-0.18626089780296046,0.31960281931909595,0.043688119842186034,0.11666113090447958,-0.1720023517416776
turn_mean_21,0.6238831979645111,-0.2176320005987852,-0.5513787160672561,-0.002989455590513082,0.20668632403225057,0.006091064713575378,-0.3187002223185091,0.0024465490414834787,-0.06428018147541692,0.03181075384501634,0.10853773824776415
turn_mean_22,-0.4753812166300246,0.10919664440457423,-0.5634351632889024,-0.0911523857738714,0.21200638681358455,-0.3104766680591846,-0.08607786401220266,0.20900821225604596,-0.18406568692819963,-0.21826554853616437,0.20488074645004611
turn_mean_23,-0.4133904509321185,-0.11098197597979405,0.5864649161135559,0.2108508813464172,-0.03920771588887796,0.1631025425649239,0.09902214347681942,0.2972464715480211,0.4098419065624082,-0.2899048189009555,-0.06514433298091955
turn_std_00,0.483333964887114,0.43369253613863773,-0.24214946217656247,-0.21751010676666307,-0.28563824624533807,-0.23607202475595426,-0.43286649533033333,-0.07566398374800853,0.14886238497280818,0.19320293364222735,-0.014620725146075033
turn_std_01,0.44266177413006386,0.3480349266200833,-0.5647028475928695,-0.19601527007323868,-0.23456896023936044,-0.3132226363933109,-0.09542472919287959,0.09577548325429212,-0.06666447539240769,-0.009838236603005273,0.11768598866546301
turn_std_02,0.552935734521013,0.14137164229610122,-0.3822712003004109,0.05530660574979083,-0.46285356810144734,-0.18593280447256594,0.11061599063701427,0.2162120959248227,0.07855881749491186,0.16334608329424627,0.12178257996717246
turn_std_03,0.4324601202260207,-0.4321065909364344,-0.20750761546590854,-0.2269210606127088,-0.2684484591320667,-0.1604975443676244,-0.2196591366818148,-0.05319542771844467,0.4694284918500037,0.0671052352531944,0.09392485500157527
turn_std_04,0.3935794112499553,-0.14723776729396879,-0.2064135685662625,0.3807254065114074,0.15898665885360136,0.1035049539038352,0.03377977606366007,-0.26035502005283456,0.33806074993918284,-0.0680204672300289,-0.30469710711774783
turn_std_05,-0.17408304034054697,-0.321639838872775,-0.22561260684541057,0.6949264270908849,0.07771305477644344,0.12679674482068967,-0.2741427326628294,-0.3805116838357789,0.20781797882279487,0.028964716866888528,0.17887072822948719
turn_std_06,0.16221487781935456,-0.3457532022885292,0.06892599581498313,0.5120679151150282,0.23596999666810964,-0.22100695784450072,-0.15082411826111325,-0.04185232248320716,0.0026795716550358276,-0.34444620120079367,0.37459366256762555
turn_std_07,0.11521653435452153,-0.3337295655425179,0.11001342560722092,0.287573014264861,0.16093709756661176,-0.5444740242105072,-0.3068804460033812,0.45742840128226003,-0.2726111761172699,0.21154127084407387,-0.023816835486947633
turn_std_08,-0.14570360284621717,-0.2053278245463757,0.5515123791330604,0.1769524141840994,0.19155737211970508,-0.4610668758541434,-0.2581205109576292,0.4099004287548845,-0.11943764275692016,-0.0030555478523673343,-0.20976616063406123
turn_std_09,0.16419992267571407,-0.20261059438253298,0.6234967214091076,-0.3334380412687023,-0.20737630438060553,-0.26354434743456767,-0.28815296019495146,-0.04598184069773151,-0.20397929470008785,-0.3846468552885594,0.10307739856100595
turn_std_10,0.06148710299640894,-0.03382158599734893,0.7149947827304691,-0.25407506093727367,-0.32874866446004275,-0.2431416837671846,-0.19606891457091385,0.033467703711818265,0.06744472285498664,-0.3129515250732793,0.2658245470181885
turn_std_11,-0.2931099881184526,-0.16732831060674402,0.019032497687703973,-0.6110972048041846,-0.21531369523413954,-0.2578982128214297,-0.15136818490066706,0.26240045417069807,0.026967480448294612,-0.30971744853302063,0.022331827222789338
turn_std_12,-0.271928326273832,-0.31488494196874844,0.39312299754883184,-0.5001453756833805,-0.22099619170465098,0.06126951041504297,-0.29046099487481214,-0.028939573871302367,-0.014958903874057758,0.22654792268858578,0.2598356754457161
turn_std_13,-0.10617135232345094,-0.24632349848971027,-0.002617651246592324,-0.7220442168187016,0.09123004248190457,0.10750156409236339,-0.040130394873026456,-0.22236807218247073,-0.1267111559329051,-0.12523317239701232,0.15339884130697065
turn_std_14,-0.42326413847904343,-0.22776150930420094,0.6009650070461889,-0.23835134610009678,-0.14910118308368514,-0.33087312880668646,-0.011558137168707254,-0.04118131015262004,0.16568025396722438,-0.17882387521278284,0.003781154893948569
turn_std_15,0.26328921719382514,-0.09402555343476549,-0.14136094209772393,-0.07697156734068843,-0.2670113928249962,-0.027734307323210503,-0.4670065657283461,0.23534551685126684,0.5725342302097084,0.023599996032294058,-0.21573675470057682
turn_std_16,-0.0012107841189720305,-0.07705612527667231,0.5632497439606996,0.112654338120792,-0.5211281048130167,0.262621144554879,-0.4107366702034487,0.07850868794687006,0.27960740217451185,0.03343260781626699,0.00020299606918808586
turn_std_17,0.10452933312430274,0.1298457152874328,-0.027170187940391884,0.36783280497120024,-0.252690417122605,0.20931410985731144,-0.4749910198732165,0.2205446197870177,0.032027830455725916,0.3993987917331022,0.4505760111853167
turn_std_18,0.11160952735462755,-0.15031419978649183,-0.12995898431248207,0.573455374731703,-0.44242407968130787,-0.19396693458433187,-0.4741162850841856,-0.103053909018396,-0.1386788946240154,-0.12006762388915437,0.20545503547876587
turn_std_19,-0.19394604193616785,0.30248469359024166,-0.030748257427361952,0.14407505217727562,-0.6701126702422014,0.20851281664025273,-0.03511909533553004,-0.376905771827826,0.10770839394192945,0.07869385904843702,0.15219877722088446
turn_std_20,-0.03737860295341102,0.5171466331358687,0.18859961968769098,0.46045599663200004,0.2164433965807621,0.05516328665892721,-0.27649631468506086,-0.07051686322453976,0.0003032675403111591,-0.03923768021403601,-0.1693664064030869
turn_std_21,-0.17586213347816942,0.24406549698493663,0.36766465295977335,0.35832906486642074,0.1753032259360162,-0.23162574279081855,-0.4434280945013132,0.14321298708071936,0.3396093395195896,-0.18358807371747635,-0.38193465895453116
turn_std_22,0.23497562501430092,0.1718727031480251,-0.5283410595927155,-0.2194982419606729,0.04894408041456726,-0.3967682019365794,-0.16815713723627024,-0.15070350866039367,0.10879318805906896,-0.20009517539487354,0.006703936298487145
turn_std_23,0.33923287289035947,0.48173976456180245,-0.02163703970789749,-0.09731624184253851,-0.14889735256220288,-0.6495304045348964,-0.31414998280477696,0.0627724615396165,0.0650442024502716,0.0027978064687476075,-0.14360196705508768
nsd_mean_00,0.8355112282320964,0.5264958464293127,0.25412049222568694,0.0006300739561485898,0.07118722918226468,-0.010759111917686704,0.0028034259144022783,-0.017537222356497198,-0.025128242790457795,0.005247356104839915,0.018093117908811386
nsd_mean_01,0.8343037777856025,0.5284589249708814,0.2534949136994311,-0.0024796764821484922,0.07395696222661145,-0.009997966946240413,0.0035778098111536485,-0.015714212091701894,-0.025812124418852056,0.005274502805207156,0.015016718947902118
nsd_mean_02,0.834986720327909,0.5273233931340112,0.2531611766530755,-0.003374343915816761,0.07577505230512734,-0.009991560943009462,0.0019089884767738141,-0.01531489378782211,-0.026551168259373682,0.004687201369246495,0.014575963772737729
nsd_mean_03,0.8351674665503956,0.5272576459625166,0.25246783693700653,-0.003629741853436648,0.07621534329452391,-0.010093599780570235,0.0001693308604992255,-0.014948158471858429,-0.027602994542607003,0.004311539982720595,0.014216027597959077
nsd_mean_04,0.8350805335374553,0.5275162647889027,0.2523102918841322,-0.003996857281099533,0.07613476150523166,-0.010270932931317185,-0.0015366356537402808,-0.014272729674767153,-0.0277440463064911,0.004160036354687399,0.013827594470442087
nsd_mean_05,0.8345851884924184,0.528379595266621,0.2521631509578383,-0.004263388522961117,0.07641728497447527,-0.010339190528953657,-0.0025852475545558836,-0.01424085756969349,-0.02720795552651888,0.00454384669615985,0.01368963065373494
nsd_mean_06,0.8341105943941239,0.5288820455911469,0.2526304943629039,-0.0047569884866713085,0.07728826697511751,-0.010928806879715933,-0.0021413897872261155,-0.01533169883908665,-0.02513419238528966,0.004922813796417081,0.014257096967397019
nsd_mean_07,0.8341586355431572,0.528325128221,0.25349604368630413,-0.00511947687386439,0.07802414814222507,-0.01153019671689145,-0.0022963213082013664,-0.01635858331990196,-0.02354135667425271,0.0051889245345840196,0.014534925653208547
nsd_mean_08,0.8337010598295108,0.5284583759176478,0.2546573584030875,-0.006008031824978397,0.07893817278639967,-0.011827504072929181,-0.0001362640971058121,-0.01724804880563514,-0.021283716156062723,0.0060208063691746016,0.014055933371521279
nsd_mean_09,0.8340455009423958,0.527287907185811,0.25586410061881854,-0.005690917091187324,0.07942907476339366,-0.01271649963880929,0.002993415017557339,-0.01946216398312941,-0.01794523147049919,0.007124909499238174,0.014146552187308882
nsd_mean_10,0.8335665890327905,0.5279971371834,0.25581972152797416,-0.004676436259668236,0.07932638395145476,-0.012634566309134105,0.004007344872195715,-0.02097036158019281,-0.016861828903941983,0.007652236043409477,0.015346858331622658
nsd_mean_11,0.8327858566931231,0.5291971689205757,0.2559101062945852,-0.004188630949251467,0.07882905295427445,-0.012057066791045458,0.005013676997597699,-0.021576564219645128,-0.015781835405245873,0.0084388204962831,0.015557531157934243
nsd_mean_12,0.8327055317340691,0.5283444403808019,0.257224681730899,-0.0058372597040526305,0.07926991391657362,-0.010683859777297203,0.003734846414482782,-0.020008743779260044,-0.015569227736910857,0.007711632474966341,0.021296864526702527
nsd_mean_13,0.831970854784327,0.5304802048967489,0.2560126766774178,-0.004103612835466556,0.07828892258060041,-0.01288113681471544,0.0034683293617938107,-0.01980909326487958,-0.01696728397284595,0.008372023037143612,0.016122757846895024
nsd_mean_14,0.8317111839151212,0.5307988346643621,0.2559558542451897,-0.003989461773258483,0.07891150647494578,-0.014206078871376688,0.0008634200523989592,-0.019378562824180382,-0.018932813542402234,0.007321335169211103,0.016188055854553546
nsd_mean_15,0.8319817512777282,0.5298990653932175,0.2567461928449264,-0.003321531366602022,0.07947544104721238,-0.015695094596164968,-0.0007465449166502875,-0.020409498173521255,-0.018999197058667417,0.007247171871184894,0.01495935125300113
nsd_mean_16,0.8325855634373751,0.5284611506515212,0.2576203184177329,-0.0035192130899998927,0.07968569321105612,-0.016761795730421976,-0.0017509071072199572,-0.019782010492158417,-0.019738599440705485,0.006412253682374146,0.014805952092611796
nsd_mean_17,0.8318487006845798,0.5297368788927185,0.25753912260791034,-0.005023661358618213,0.07844202796176229,-0.01686283054531596,-0.004116234844469076,-0.017093123793178816,-0.022323603525643405,0.005461931348099819,0.01573495209946612
nsd_mean_18,0.8308785237387347,0.5312648221881364,0.25764386094081054,-0.006243140123863626,0.07715892242753981,-0.016044517036655367,-0.005352442559226014,-0.01455083628053122,-0.02434041800271093,0.00447525260919943,0.017369187269804888
nsd_mean_19,0.8303675197859399,0.5320623715797094,0.25789112126984204,-0.006963150512435293,0.07583106054815511,-0.016170293093995477,-0.005841581860747582,-0.012829314057071212,-0.025260320751237228,0.0039430605605388445,0.018233003629506438
nsd_mean_20,0.8301587742945622,0.5317898212725441,0.25884817486463463,-0.008359061473029089,0.07574137390374941,-0.0168480227695508,-0.005908689404613584,-0.011163489655122595,-0.026427842080877204,0.0037654003051506993,0.018650866968465945
nsd_mean_21,0.8302515443810686,0.5308286036590869,0.2599872651162483,-0.01011776397675719,0.07626334192612583,-0.016709032586791184,-0.005862770639618107,-0.00993901236553668,-0.027742016023991966,0.00451021330902018,0.01857916869981816
nsd_mean_22,0.8308088373730672,0.5293434079813569,0.2611947036962764,-0.011781884661316255,0.07599489159231237,-0.016584066262767788,-0.004838916429706747,-0.00855523718226172,-0.02638765638040107,0.0060989959731719,0.017935675008988898
nsd_mean_23,0.8322799312639971,0.526400061386061,0.26217773393196836,-0.01328684778805211,0.07696791196816523,-0.016707685040985725,-0.002880138843546616,-0.0072075006276881345,-0.025040276091213686,0.006588235682448462,0.01726956197044466
speed_mean_00,0.3390843549639034,-0.6602884052784194,0.5429251207469257,0.09777083065778953,0.2592244494465732,-0.060065404721977654,-0.06515763981228408,-0.11989383116937083,-0.13315931232539382,-0.031122307476278685,0.1331863789674843
speed_mean_01,0.25118569234271304,-0.7409963176407921,0.5215049311751586,0.197845394554827,0.14286876899534426,-0.22293023599621573,-0.06426038827313342,-0.08416501911569273,-0.0868190344465815,0.06719916162138004,-0.022793904229288467
speed_mean_02,-0.005690647463356165,-0.6628213867455442,0.6845139388898238,0.009420744307410127,-0.05770886285465464,-0.13095750239119158,-0.14256231569694303,-0.19449375195283122,-0.0938133962031983,0.12683374546587348,-0.004667337161434796
speed_mean_03,-0.05785075167124121,-0.682017457650402,0.46571433043445615,-0.20333650145443474,0.03621054003054039,-0.1906194496529605,0.028286139111667996,-0.11256838900744341,-0.2552760997191882,0.1063262577552478,-0.11656016451374841
speed_mean_04,0.26635172428088516,-0.5984437076355467,0.48891923643896024,-0.21598824086892648,-0.032975938556271234,-0.22260334911583016,0.2392613832526921,0.10659706845027038,-0.29162280295876347,0.1265364284126108,-0.035221223260817176
speed_mean_05,0.34115721461953263,-0.21040476814732692,0.7064773537441603,-0.08931925713134439,-0.24006838717655513,-0.1174121859120923,0.485545744274685,0.08808649494720847,0.025060010825611257,0.10000389926830341,0.11349717823044643
speed_mean_06,0.7910373118825513,-0.1980476161348558,0.37055903857842415,-0.04683320841833365,-0.2748791817815742,-0.12508474155324603,0.3393773136152142,0.0030995350149324056,0.12282098879290895,0.012504353070388287,-0.015678415206104388
speed_mean_07,0.8766368450282275,-0.2747401790455006,0.0806755867143335,-0.03784238701457481,-0.17478154269061547,-0.09516617543761548,0.210403735011011,0.06032606004611084,0.16827248802482786,-0.08885410613460462,0.08174248960365198
speed_mean_08,0.8797940354804004,-0.21071097454143364,-0.1565008459940077,0.1616490148637036,-0.1290911995476147,-0.1342075139384001,0.19875634704045966,-0.02229118944816534,0.14244628299711454,-0.1145471419959051,0.16367020049497794
speed_mean_09,0.7181099599549934,-0.13566008148953163,-0.34511498033103966,0.23216030617409983,-0.43511665323533893,-0.13255185615131174,0.1678266083783586,0.23227255603649857,0.02947246614626795,0.009020051223257712,-0.1091103410265949
speed_mean_10,0.6354613547784337,-0.28168554130326945,-0.2400152449111444,0.2889191309417324,-0.4994715237673823,-0.11646775573449836,0.04896889361023951,0.07317148891567836,-0.29689653856173526,0.13346741505499782,-0.0459020512935508
speed_mean_11,0.6984390435208712,-0.3351916271469129,-0.16326452476034498,0.469641751795197,-0.201062408440654,-0.2135530751642175,-0.006634072201321697,-0.009624283602662266,-0.054619059289352775,0.14898152957210234,0.04405755936340742
speed_mean_12,0.5103833891645813,-0.3033899497888378,-0.40948754436461654,0.42193604739665796,0.1250354130334926,-0.3799245092581243,0.1478570359485148,-0.22740230902803837,0.04025684050646772,-0.12994297436488333,-0.1312039865214025
speed_mean_13,0.5304900003821518,-0.19094083061237074,-0.46353996672416375,0.4872325706878522,0.0597452472488551,-0.07960319011483107,0.3643736168532813,0.21665983825763224,-0.0019659768247803472,-0.11441275836063121,-0.0694211049737822
speed_mean_14,0.8106475994078276,-0.21653722760064673,-0.2035581127724391,0.02996092691084128,-0.26635454429097805,0.1467119536005551,0.025225479071336356,0.18816532298916908,-0.1281043781818974,-0.004470287206779926,0.11501087518659
speed_mean_15,0.6438811844394017,-0.5072708092577162,-0.21654622788052558,0.24925622826401278,0.19080376959472048,0.19285414829757072,0.08349922859546623,0.19292985308496324,-0.10263455567770442,-0.2858910294073637,0.05126101603813981
speed_mean_16,0.44350718563171293,-0.6868429245960908,0.23387087578315469,0.22266826004303192,-0.20190439127982568,0.129303148551451,-0.004210181698513583,0.037303594342672754,-0.2470465561684157,-0.327963205151307,0.017902316721348965
speed_mean_17,0.33446954286586694,-0.5734679663684519,0.6483995780823794,0.22413099439679188,0.07416067176170611,0.10835221038219822,0.11651986642598736,-0.03225257902143979,-0.12877114220686728,-0.04465595868421916,0.09339011016055423
speed_mean_18,0.54632267546063,-0.5444779567577487,0.46220187704114774,0.08553626268137562,0.18627211747006153,0.29250439169698356,6.633417960751201e-05,0.17820585387029245,0.13587197620162558,0.13005675369771227,-0.13533512008431492
speed_mean_19,0.30221308701255867,-0.6096087020577918,0.6495000167724521,0.24152628284499794,0.02302952300689921,0.036908367974359056,0.04084575598008355,0.1700289031223604,0.13397935135435884,0.1020875292320425,-0.05827270848560591
speed_mean_20,0.5010392318849328,-0.7217555266844632,0.3239734146366934,0.2486038505586371,0.17857305149602218,0.016997769191630797,0.023942334169974256,-0.002163275374632745,0.026994075397457677,-0.04908323183821223,0.02421135832007749
speed_mean_21,0.3598949238509079,-0.7266443845548669,0.3857188862618829,0.31179616254320824,0.22657038988067194,0.030569265331348433,-0.01527283707958631,0.0171328359484862,0.13040665031644302,0.03178139160657258,0.0872194364422526
speed_mean_22,0.4030670794109954,-0.7317517299659388,0.4705573892906891,0.18676793377453804,0.11173999316808396,0.07678718900129236,-0.12531624640629724,-0.05063262845809153,0.13616518025404437,-0.06454991696770472,0.01645931610125728
speed_mean_23,0.513806631041186,-0.6749995392230591,0.3178027458800854,0.12581966349885929,0.2835836584925291,0.03414740477983014,0.08123424910225409,-0.14780842082971438,0.010815394555969351,-0.1254685719356878,0.07157801288797705
