,0
turn_std_10,1.04364786655368
step_sum_08,1.0276710088914764
speed_mean_14,1.0210281366824985
step_sum_06,1.0168766776351283
step_sum_07,1.0064437112240754
turn_std_15,1.0047853871675874
speed_mean_06,0.9895161130464305
step_sum_14,0.9844038938188812
speed_mean_08,0.9836915139085171
speed_mean_07,0.972138768195547
Pressure_Hg,0.961795853840075
turn_mean_22,0.9558944355283776
Precip_mm,0.9410285623091332
turn_mean_14,0.9392065310865707
turn_mean_16,0.9365860056534446
Temp_C,0.9175867195608316
step_sum_05,0.9161094387023376
step_sum_18,0.9147403764491071
turn_mean_08,0.8969471115394739
nsd_mean_09,0.8878893875981223
nsd_mean_10,0.887240818296947
nsd_mean_11,0.8868034457044084
nsd_mean_01,0.886630967890905
nsd_mean_02,0.8864715374756238
Wind_Kph,0.8864474125590112
nsd_mean_00,0.8863645950910612
nsd_mean_03,0.8857386071412959
nsd_mean_08,0.8856796631993928
nsd_mean_12,0.8849299496837526
nsd_mean_04,0.8848567121758025
nsd_mean_13,0.884560761163895
nsd_mean_07,0.8843748551078157
nsd_mean_06,0.8842450681709563
nsd_mean_05,0.8839213352656428
nsd_mean_14,0.8824677857033578
nsd_mean_15,0.8816409832464837
Dew_C,0.8815010317980881
nsd_mean_16,0.8813177936682817
nsd_mean_23,0.8806953109474166
nsd_mean_17,0.8794413352763397
nsd_mean_22,0.8785821716185154
nsd_mean_18,0.8775636278019816
nsd_mean_21,0.8771615536691706
nsd_mean_19,0.876824329080457
nsd_mean_20,0.8767948174368467
step_sum_17,0.8680975880519697
step_sum_09,0.8614979957134161
step_sum_11,0.8533143160876994
turn_std_09,0.8382325987152125
step_sum_12,0.8371752193419608
Humidity,0.8289923170936351
speed_mean_05,0.8287281898378877
turn_std_16,0.8255408428456741
step_sum_19,0.823697069641159
step_sum_00,0.8142852734145568
speed_mean_09,0.8118589153479963
speed_mean_18,0.8073471299502237
step_sum_23,0.8067575875643636
step_sum_13,0.7934991104136253
step_sum_22,0.7822823508891924
step_sum_20,0.7738678588415385
turn_std_05,0.7648215279588062
step_sum_04,0.7635341521970581
turn_mean_05,0.7415814625181895
step_sum_21,0.7327559394126335
step_sum_16,0.729371503103248
turn_mean_03,0.7103062278500117
step_sum_10,0.7055011631189448
step_sum_02,0.6999249741152255
turn_std_06,0.6966187307914581
turn_mean_06,0.6932615999553088
speed_mean_23,0.6796292370565066
step_sum_01,0.6770298671695387
speed_mean_22,0.6688697130867524
speed_mean_17,0.6510589248689042
turn_std_03,0.6502656889810868
speed_mean_16,0.6500613551010592
turn_std_00,0.6449963966655723
step_sum_15,0.6443433194420997
turn_mean_10,0.6317688521981643
speed_mean_10,0.619914799145712
speed_mean_11,0.6124609542560605
turn_std_04,0.604596930077211
turn_mean_07,0.5873922846498759
speed_mean_04,0.5781968658253801
turn_std_23,0.5687044855492843
speed_mean_19,0.5681437294086606
turn_std_02,0.5646534620227821
turn_std_07,0.5604687684505846
speed_mean_00,0.5230663408026952
turn_mean_21,0.5090978340720621
turn_std_12,0.4870812667477382
turn_mean_18,0.47945291249499183
speed_mean_20,0.47894821256921
turn_mean_15,0.4728668810252525
speed_mean_02,0.4718357926761151
turn_mean_02,0.45738417188901365
turn_mean_17,0.42874850166224426
turn_std_01,0.4244604728049427
turn_mean_04,0.41919002848031434
speed_mean_15,0.4141852355447891
turn_std_08,0.40713598109955945
turn_std_22,0.39190307767176963
turn_mean_01,0.3869834163834438
speed_mean_21,0.38251682782195423
turn_mean_23,0.37260083355612544
turn_std_11,0.3261150149068214
turn_std_17,0.3152136032936533
speed_mean_12,0.2668608697382923
step_sum_03,0.2584345562361438
speed_mean_01,0.25522833736829953
turn_std_13,0.24546805516858
turn_std_19,0.23567074723704762
turn_mean_20,0.2246227613892362
speed_mean_13,0.2148506602976909
turn_std_21,0.20854834756707039
turn_mean_09,0.20561774660643686
speed_mean_03,0.1326522101535451
turn_std_20,0.12126117568267661
turn_std_14,0.10905575539007721
turn_mean_00,0.09445465070313247
turn_std_18,0.09413358822403924
turn_mean_12,0.061631046816327216
turn_mean_11,0.05565317581747674
turn_mean_13,0.018030761187100577
turn_mean_19,0.011661022163292446
