1.705115062227598912e+02,2.112341877864810613e+03,2.106827595090238901e+03,1.017150454329147806e+03,5.580703712106193279e+02,7.639054915855535910e+01,4.773360401421738857e+02,9.520933353028303827e+02,1.831004898883332146e+02,7.867568940589571014e+01,1.173745131278136796e+03,8.492451626907050866e+01,2.354052754730734591e+02,4.439103987022305091e+02,9.595593478680445969e+02,5.059362833510120367e+02,1.472021346940279273e+03,3.286273144352243207e+02,1.469157088486639168e+03,4.143620367141583642e+02,1.231956720860089717e+03,2.561257630104318650e+03,2.913155384682872864e+03,1.154958603230822746e+03,1.243887251103217295e+01,-4.285571381765493015e+00,-2.205586880113770576e+00,-1.839091103876199895e+01,-2.977047628092634568e+00,5.678151342716915906e+00,9.819957080151016271e+01,-3.424917584596383335e+01,-7.759215394509872965e+01,-7.025190910215384577e+01,9.936322563771790328e+01,-1.397450131713515020e+01,-6.538350796225498129e+01,5.543092287253944050e+01,-1.292377570998877445e+02,3.528189250858332571e+00,1.783017476901386544e+01,1.503540163173684618e+01,-6.403082558753982312e+01,-1.027896214504902730e+02,-8.114072166874724701e+01,-5.377577962895404085e+01,1.514258267030086813e+01,-3.171224506531507359e+01,0.000000000000000000e+00,8.641666844375533785e+00,1.606088224617780469e+01,3.259609163475398219e+01,9.971659135363199766e+01,6.714049112953182430e+01,7.511537157259375874e+01,4.481558591625564958e+01,6.065675611422025071e+01,6.840897504065898715e+01,6.641040703257816347e+01,3.671968004136529373e+01,6.175117926294392845e+01,3.292058489014738853e+01,1.224226326598966210e+02,3.752164451672646095e+01,3.034852712714414835e+01,1.664036707419422711e+01,7.562300789858322503e+01,5.897776656982927790e+01,8.507692885169959141e+01,4.517681888365389398e+01,5.093171715589150494e+01,7.340427567303155598e+00,0.000000000000000000e+00,2.767411320779623353e-04,9.665428136987260508e-04,2.098644677861627710e-03,2.225430521065149391e-03,2.256433548856802418e-03,2.393560253124434045e-03,2.318274434685830675e-03,2.187931281698346671e-03,2.301623774308828464e-03,2.441572849309564877e-03,2.521804766485348168e-03,2.604005391422818585e-03,2.778225806859030162e-03,3.532616188688058375e-03,3.920743194064116310e-03,4.618098292611507241e-03,4.829445473399849621e-03,5.883068723224152419e-03,6.609186167866073873e-03,7.048508765113836207e-03,5.228326308180882877e-03,2.725511732771868697e-03,1.544559653262255741e-03,1.422114313784486050e-01,5.867616326978054575e-01,5.852298875250664389e-01,2.825417928528844991e-01,1.550195477026618529e-01,2.121959681410656717e-02,1.325933443684974844e-01,2.644703709174529016e-01,5.086124705107033378e-02,2.185435833333333397e-02,3.260403142439268209e-01,2.359014337865773456e-02,6.538297266458516221e-02,1.233084440061082837e-01,2.665442631737246493e-01,1.405378563256532154e-01,4.088948185945220359e-01,9.128536527419972568e-02,4.080991912462885729e-01,1.151005656268235255e-01,3.422102002389137421e-01,7.114604528067550726e-01,8.092098289189778582e-01,3.207993883959656678e-01
2.300194124128201656e+04,1.887227732717958497e+04,9.672965835519451502e+03,1.106755687379890878e+04,1.625154016311519081e+04,1.986409712503721676e+04,1.692602248002445049e+04,1.719264085003754008e+04,1.669138845120094265e+04,1.735095800491046975e+04,1.697861862978239515e+04,1.759580502018054540e+04,2.063927004451775065e+04,1.608522304224324034e+04,1.640768592352958876e+04,1.797794922410101208e+04,2.674696288725902559e+04,2.848464740178251304e+04,3.380222614633623016e+04,3.450005334079221939e+04,2.778023708191867263e+04,2.497840872367835618e+04,2.387863094231044670e+04,2.572133384618246055e+04,-1.011942957936162202e+01,-3.421661554015202000e+00,-2.045527556763684629e+01,2.140550738171208423e+01,4.871554256951540651e+01,7.813143099903072653e+00,-1.475382671117017708e+00,6.239082302975077710e+00,6.442619670263525222e-01,-3.161151936719221567e+00,-3.272642860863726355e+00,-2.610408668021136691e+01,6.788987116432167568e+00,7.158734103402139226e+00,1.228666574890360152e+01,2.546151897618585735e+00,-8.977369648762021370e-01,2.843000699979654655e+00,1.507113316569132166e+00,8.078960388067173426e+00,6.396742117911799141e+00,5.322504049053208064e+00,4.258507235490469611e-01,-1.578932119632128206e+00,6.581945843722434120e+01,6.458943747734853957e+01,9.293960926031790848e+01,9.658725771572848373e+01,1.053575857975552452e+02,6.254127967505610286e+01,5.625572411294127306e+01,5.800682575735157798e+01,6.319517226572981627e+01,6.602435561318753798e+01,7.317975286178555905e+01,8.360390080503569266e+01,8.664358390530217946e+01,9.619339748547291435e+01,7.485258757955419640e+01,6.384646729959474953e+01,4.363569752878177610e+01,5.497366619294336942e+01,4.885473749048635739e+01,5.496401534453683269e+01,5.326271932902532313e+01,5.974866020051175042e+01,5.564699368680724945e+01,7.177460338663871653e+01,7.627075928894568035e-02,7.563207767153885819e-02,7.528377988435898394e-02,7.551477352714275337e-02,7.574215062338435223e-02,7.545572462877778164e-02,7.476107161383188648e-02,7.449172919849159080e-02,7.365534556116855314e-02,7.326935487234972899e-02,7.312107428621453242e-02,7.402553635542670485e-02,7.541242409575993344e-02,7.704431265303372800e-02,7.825800019383308270e-02,7.881840409870735642e-02,7.872216703068860011e-02,7.860771149787032508e-02,7.860623404835638539e-02,7.909492216767753658e-02,7.869209822634247453e-02,7.883762725277430883e-02,7.895627867582345749e-02,8.022711167270088484e-02,2.058651419079428058e-01,1.690892445805927125e-01,8.667537267756239561e-02,9.917043351938684137e-02,1.456316709819901190e-01,1.780013473771228927e-01,1.516608267004133093e-01,1.540975123073246023e-01,1.495655352081700085e-01,1.554745500962308735e-01,1.521381597236867445e-01,1.576672202082357310e-01,1.849350039570926973e-01,1.441375062679840224e-01,1.470272774905390933e-01,1.610932874289660865e-01,2.396680390155956075e-01,2.552335982533374126e-01,3.029029888183977226e-01,3.091453312454758295e-01,2.489268555724294951e-01,2.238221975410339404e-01,2.139662270698013402e-01,2.304779018615725761e-01
1.920669789245556240e+04,1.332614873889606861e+04,1.205833708055470379e+04,6.385474383337088511e+03,8.157980164557884564e+03,1.723192066782803886e+04,2.095125270304865262e+04,1.713684896506740915e+04,1.369663356202741124e+04,1.476166155726426950e+04,1.238884434890330158e+04,1.660447524174522187e+04,1.742122208280869745e+04,1.355387453812428612e+04,1.321358527463698920e+04,2.758249204457743326e+04,3.024441189163795207e+04,3.165432161267808260e+04,3.504449671511336055e+04,3.206456182817273293e+04,2.839769682564202958e+04,2.548417200693436826e+04,2.020855066598062695e+04,1.840263525515257061e+04,4.800703439717693755e+00,2.488026491532923501e+01,6.684139541568754339e-01,2.985978214684084264e+01,-2.037065424647721557e-01,5.913096966220280137e+00,4.939444077604093764e-02,-1.737975785249886940e+00,-1.273298696703193400e-01,9.687581145240443448e+00,-2.810598887318292327e+00,3.708489303179476337e+00,-3.518824645702835596e+00,2.679008836015060524e+01,-4.333404359081782786e+00,-4.162337984835801308e+00,2.599366077156048505e+00,-4.622897546882029474e+00,1.007734502628079554e+01,-5.401165069510511785e+00,3.217646515159430010e+00,3.689432186469957742e+00,-6.987173138949287932e+00,-1.526050619274485598e+00,5.864177472001257740e+01,8.416561955318540811e+01,9.431463587240381230e+01,1.369816115535680296e+02,9.016174205820128407e+01,5.968463346128778113e+01,4.369641733529009286e+01,5.287609824292961491e+01,5.389660295879782126e+01,8.950008260003406235e+01,9.812365809363890889e+01,9.518812933116116426e+01,1.035165680875859664e+02,9.771546124111182507e+01,8.554696629314730671e+01,7.092027104599146980e+01,4.458505258890589573e+01,3.683117978921664815e+01,4.061642902682973499e+01,4.850142632610648263e+01,5.777314676792251191e+01,5.749174370525878430e+01,5.631356133250847051e+01,4.013063402046767436e+01,1.294362743323087817e-01,1.279316532478172175e-01,1.264728379746519749e-01,1.255290052963150549e-01,1.249811507687246248e-01,1.244961760609542001e-01,1.241697557507707300e-01,1.243115131779748139e-01,1.246030953723230722e-01,1.254351950156718520e-01,1.261633893052526434e-01,1.276192312287925401e-01,1.293963302793239845e-01,1.300471610941654199e-01,1.298733701536489704e-01,1.300482810781692367e-01,1.305982023931487601e-01,1.310646929464352461e-01,1.326315690021502569e-01,1.337514945828507107e-01,1.323216245964939364e-01,1.301097301653184879e-01,1.281772140424513040e-01,1.274754953248319611e-01,1.778366400104816336e-01,1.233899051145200265e-01,1.116504307347671726e-01,5.912192516815781285e-02,7.554580910848772424e-02,1.595548209990240718e-01,1.939776472299587773e-01,1.586800001991636455e-01,1.268199575619873287e-01,1.366823758322953941e-01,1.147115217542052507e-01,1.537451411194918072e-01,1.613083812470028078e-01,1.254988382949102088e-01,1.223477986722350669e-01,2.553930387246681755e-01,2.800432789149144286e-01,2.930926906750488392e-01,3.244854655012360256e-01,2.968886119478061358e-01,2.629429748783866372e-01,2.360287594835575042e-01,1.871162098751687208e-01,1.703946425028393108e-01
3.649115002658247249e+04,3.167820280528161311e+04,3.809515054077684908e+04,3.598729856510934042e+04,3.641300139091170422e+04,3.282228806407176307e+04,2.699622053580955617e+04,1.779486476668068644e+04,1.178672934008976335e+04,1.425227776848270514e+04,8.183648180361434243e+03,5.835337526106153746e+03,3.654200015018036993e+03,6.451377495263269338e+03,1.290139403937154748e+04,3.487283507352529705e+04,3.787706295468627650e+04,4.004070855684570415e+04,3.351360065233958449e+04,4.158018362448360858e+04,4.120316837857622158e+04,3.742417292771039502e+04,3.502064132464855356e+04,3.249444334556934336e+04,-6.608049782110299475e+00,8.856840461925543195e+00,3.789768918677935972e+00,-5.813743438899336979e+00,-1.140264506169052083e+01,1.788736163076748653e+00,-2.851376922908343658e+00,7.632830215187283329e+00,8.622383122152598389e+00,4.569470048548737395e+00,-7.579898588713190577e+01,-3.592589325141017298e+01,-1.704988959731642524e+02,-1.338883937769035697e+02,3.523633266076848258e+01,-4.150119213368753890e+00,-4.997700003821307746e+00,1.577618789504640517e+00,-6.664023447596804317e+00,-1.523090340597889281e+00,4.133190156283802708e+00,-6.327408180292394491e+00,9.446591773437944539e+00,-5.211224956638545791e+00,6.438363756099224133e+01,6.990654994938019229e+01,5.386300900622774179e+01,5.433332582949787337e+01,5.179477981651419327e+01,5.605446502336997128e+01,5.523881936797130265e+01,6.634138638357296713e+01,1.000592482149180000e+02,1.523642427819964098e+02,1.441384511822416243e+02,1.507598718061633463e+02,1.320107997679523919e+02,1.081184533390301681e+02,8.653409133866259140e+01,6.465232684887469361e+01,4.466412054093915884e+01,4.731757231513279294e+01,4.808920384923504088e+01,3.688196693534587212e+01,4.851861928178186645e+01,5.176780448508332455e+01,4.978116238331466548e+01,5.867266855656361457e+01,2.484127615051386073e-01,2.463621747140417595e-01,2.425928065020497293e-01,2.400713839931934157e-01,2.380741486810691310e-01,2.369291088735593631e-01,2.358082706591937694e-01,2.350555898162442758e-01,2.338102134080475014e-01,2.342627804597948726e-01,2.356434139636133795e-01,2.361891625077197354e-01,2.362213601803856144e-01,2.361151272670081180e-01,2.364281209579011944e-01,2.365986469213711418e-01,2.368655480005332770e-01,2.361666744599545953e-01,2.338586380431414702e-01,2.319262247631152796e-01,2.299412929476590262e-01,2.276523362723790467e-01,2.266906318309030999e-01,2.259182505891455528e-01,3.383640951445499034e-01,2.933168327060416414e-01,3.527328060485291350e-01,3.332157274307390171e-01,3.371574202609272652e-01,3.039100393661401389e-01,2.499642340529364959e-01,1.647734490987006473e-01,1.091363569658884425e-01,1.316494516569723938e-01,7.592900658027409988e-02,5.407757465544851816e-02,3.383478420283280580e-02,5.973280470750141902e-02,1.193307471885466653e-01,3.229024295060045069e-01,3.507138020593471017e-01,3.707276412303272539e-01,3.103111171653039624e-01,3.850017002271452493e-01,3.815071618721492253e-01,3.464993566417896576e-01,3.242870880751281826e-01,3.008744341699546299e-01
3.319626920241150219e+04,3.040575016397324362e+04,1.884512496102926889e+04,1.167211412110373385e+04,6.701306800986399139e+03,1.531470898556204156e+04,2.488357697587261646e+04,3.313013543023318198e+04,3.020998277010765378e+04,1.850533445951637259e+04,1.476932409741496849e+04,1.133986316177715889e+04,6.040183859560345809e+03,1.042233442660542460e+04,1.361809863747521740e+04,2.638121105476614684e+04,3.233698798319986599e+04,3.997863321508347872e+04,3.379003589069692680e+04,3.161188912243804953e+04,3.019602103874949535e+04,3.366121611114478583e+04,3.406997521815602522e+04,3.129487596676745670e+04,-6.217316594311370181e+00,1.756678479385101355e+00,1.241856887241686991e+01,-5.695162696771970445e+01,3.141769061885275960e+01,1.667083120102296334e+01,-3.043610903072305973e+00,2.261866614884951332e+00,3.205447842775100753e+00,2.122023848551407355e+00,1.916575937865604828e+01,8.776354248498279276e+00,-1.483060770917966522e+02,-5.122196806007366376e-01,-5.115446260383492927e+00,-6.991625045703784735e+00,-4.634773764150281750e-01,3.447477243546757109e-01,-4.253158844477667344e+00,-9.029947335882695825e+00,-1.089157029296984547e+00,3.894713473400457815e+00,-2.456857076347262137e+00,-1.114317962956477004e+00,5.896983443355792076e+01,7.141011409300199375e+01,1.036647501217917409e+02,1.295034258891468824e+02,1.164235583598815822e+02,6.326670324483776398e+01,4.434506755940906686e+01,4.615919745918980510e+01,4.434344689210458057e+01,5.602213922300418147e+01,8.552868228540692996e+01,1.211271683294129957e+02,1.395689748768666618e+02,1.021364457618305437e+02,9.324431191816249509e+01,5.739993929863527455e+01,5.020137465056842530e+01,4.323358980315088473e+01,5.922716478282136165e+01,6.121526806437935164e+01,5.368192740305384802e+01,4.821471444342024881e+01,6.105948616749734725e+01,5.517779527392136174e+01,2.958321023448178821e-01,2.942562043677089956e-01,2.945993118852449633e-01,2.953242203394151888e-01,2.951714108593409547e-01,2.947248918481860658e-01,2.935605672258431720e-01,2.927173676114625533e-01,2.930049193003272379e-01,2.944421787276295666e-01,2.955685687013588914e-01,2.964944533823041239e-01,2.972897337898364745e-01,2.976814800549497098e-01,2.986545109773730555e-01,2.990332465661429961e-01,2.997854389862426583e-01,3.010303229171782946e-01,3.033231346473101997e-01,3.022700798264828514e-01,3.001454851246868616e-01,2.979365022401153640e-01,2.953604614884751678e-01,2.928893676265819646e-01,2.974833778685942454e-01,2.724529584643110569e-01,1.688631268954779996e-01,1.045883696980609012e-01,6.004210032642949557e-02,1.372715377480015764e-01,2.229711198582210452e-01,2.968650128256209442e-01,2.706987703587344640e-01,1.658184091294312157e-01,1.323415965475649436e-01,1.016106758949944094e-01,5.411922513850302152e-02,9.339009338741743882e-02,1.220281396633150078e-01,2.363925945059220934e-01,2.897792265549072876e-01,3.582375662833391927e-01,3.027780993625110439e-01,2.832531162492877841e-01,2.705828251343739832e-01,3.016130658741541515e-01,3.053003750253371895e-01,2.804208397817083420e-01
1.940569312024280953e+04,1.392143536720822158e+04,1.715337549619998754e+04,1.668795374649460427e+04,1.345201308332156623e+04,1.157067200295832299e+04,1.505163695285743779e+04,1.071161721703481635e+04,1.535576332729707065e+04,2.212935953069718380e+04,1.992045104142996570e+04,1.424570932453418754e+04,1.185586340200392624e+04,1.013021198012622517e+04,1.348094042991839342e+04,2.762917395457448947e+04,3.579420860657555022e+04,3.737998511861005682e+04,4.407815752364371292e+04,4.086463933620883472e+04,3.707657357173787750e+04,2.333835729697932766e+04,2.539416009434463558e+04,2.194807507187089504e+04,3.012030613849105976e+00,1.105630781764602943e+01,4.495271924067878899e+00,-8.913927665595338112e-01,-1.322714163912078789e+01,-3.520817486609360003e+00,9.105006022192753790e+00,5.973976359229595801e-01,3.240889126308047707e+00,6.852831948915280691e+00,-7.639928636115740801e+00,5.471486770932415311e+00,2.853315027403880322e+00,-2.191911692702930736e+01,-1.131929774109693199e+01,-1.868263989767342537e-01,-1.522538501603264649e+00,-1.576329991671457265e+00,-2.194022526559479047e+00,2.573837512793147653e+00,4.212445464208087742e-01,3.549504690771527748e+00,-2.501926186854461776e+00,-8.864690149246484907e+00,8.100707813735090213e+01,9.576386791055981007e+01,9.528414653646107979e+01,9.922414540949722550e+01,1.029744012610637185e+02,5.754387015546200956e+01,4.663523166597119030e+01,4.844574240151080602e+01,6.041318418893666831e+01,5.884517333918392978e+01,8.754116601419882215e+01,1.088288768268461268e+02,1.256504108904017158e+02,1.240150344892796852e+02,8.173544791801316478e+01,5.714925000160839375e+01,3.396953650072024544e+01,3.133923242046780899e+01,4.803613861175567479e+01,5.427849281522359348e+01,4.862107923234618312e+01,6.064996517453590741e+01,4.872592772166903785e+01,5.940859983781643905e+01,1.266739310900967252e-01,1.262183294992990090e-01,1.252255704957252469e-01,1.246168569915942631e-01,1.247371463819055837e-01,1.246744643917342410e-01,1.247819229366196880e-01,1.248608865382285216e-01,1.248394172435577654e-01,1.257498972797706227e-01,1.266071703023858852e-01,1.276610078144598537e-01,1.284182725048735596e-01,1.287479379968864412e-01,1.284820845929850741e-01,1.277645816531647049e-01,1.269556911747794226e-01,1.257109923553326181e-01,1.253373479265531276e-01,1.252779722518675420e-01,1.251401611928299185e-01,1.239595940855965084e-01,1.227106511720334331e-01,1.217851151814959010e-01,1.795292723030678661e-01,1.289021656039648911e-01,1.588275318270874203e-01,1.545180902408243573e-01,1.244872254373803055e-01,1.071185711776954236e-01,1.393670087756197495e-01,9.918208780551496240e-02,1.421829103143279760e-01,2.049057031050280642e-01,1.844486207613312001e-01,1.319047159613933595e-01,1.097741756252331863e-01,9.379825907433178567e-02,1.248235224674801164e-01,2.558256847764132647e-01,3.314278574657355536e-01,3.461137188957331134e-01,4.081310881884319675e-01,3.783762901379070231e-01,3.433018319430283238e-01,2.160944360674067755e-01,2.351311120046620240e-01,2.032152393748340169e-01
2.167763550824248887e+04,1.272466149401243092e+04,5.615114223924582802e+03,3.228398833874609409e+03,8.391785264845191705e+03,1.248091452660465256e+04,1.345844807191308064e+04,1.465370654247030689e+04,1.737848637899887399e+04,1.616018895183368295e+04,1.261120216898978470e+04,1.324536465326857979e+04,6.420538722896460058e+03,9.449728472443786814e+03,1.010717741697426209e+04,1.731054665593278332e+04,2.305881758127684589e+04,2.994955707143230029e+04,3.498438378254241252e+04,3.442959473490640812e+04,3.777432236957887653e+04,3.851754385092582379e+04,4.151557510951040604e+04,2.914539957350902478e+04,3.506176195437888055e+00,4.885886932561987805e+00,7.298590540837267326e+00,1.446584859139646824e+02,6.662450659907818817e+00,7.584677376041042862e+00,5.847818133168601662e+00,-6.081329491738074466e+00,5.843792577214401263e+00,7.011966262143488393e+00,4.821689768960840183e+01,2.154840355953660946e+01,-7.125082869898437821e+01,-3.058360878745753553e+01,7.756224576744955357e+00,-2.234723566457802235e+00,-2.378223405317982042e+00,1.195370412614408906e+00,1.170727459192306696e+00,5.410256385259998524e+00,-3.669627595544113774e+00,-4.594457863206628190e+00,8.907473212710499411e-01,1.530695961760386581e-01,6.056575394846102256e+01,6.689234431754954358e+01,9.915743271695579608e+01,1.329512926442558296e+02,7.620359045717619040e+01,5.030730176028709622e+01,5.517004815371079474e+01,6.264665048046684603e+01,6.275404297544481835e+01,8.370082682335861080e+01,1.158472458553303994e+02,9.864566470393044995e+01,1.207194988840214336e+02,1.236142388212821714e+02,9.615983335313966052e+01,5.817282712096763220e+01,3.855658696533878071e+01,3.491003559997325567e+01,3.957013361640452587e+01,5.025581122184583904e+01,4.263350765727683012e+01,4.554763198014858006e+01,4.845665569507570325e+01,4.829106428961411268e+01,2.731748973478896267e-02,2.754146748919241924e-02,2.770734228565358698e-02,2.775972378125840870e-02,2.780732554982347574e-02,2.777637601209077475e-02,2.763189514106142997e-02,2.769765272344232657e-02,2.777755034046124408e-02,2.755594725811216436e-02,2.748056403144182730e-02,2.760241117681719314e-02,2.769728735565690422e-02,2.753373794431080920e-02,2.736080788880950951e-02,2.720490565013241116e-02,2.698860333389729513e-02,2.640672171703411369e-02,2.621935910334190212e-02,2.660029596685691694e-02,2.691939902524359551e-02,2.613915930693869877e-02,2.638905261841506880e-02,2.676157431377652191e-02,1.942464707968850623e-01,1.140201916301688961e-01,5.031473691898748907e-02,2.892830498827186209e-02,7.518934706958206593e-02,1.118423231618169561e-01,1.205954128315840784e-01,1.313056141933620080e-01,1.557212041441740635e-01,1.448045575583159217e-01,1.130036036670114402e-01,1.186860631777452157e-01,5.752468174798022055e-02,8.467498632353356869e-02,9.056610590606030409e-02,1.551124252206314280e-01,2.066167116130581405e-01,2.683721275731030809e-01,3.134801414456200863e-01,3.085296136831585656e-01,3.384805810060987352e-01,3.451392818261636020e-01,3.720033612422325442e-01,2.611598401986666151e-01
2.597239496875866462e+04,1.721881241851063169e+04,1.124012312176333580e+04,9.016382444243430655e+03,2.247691295462629205e+04,2.729717296787560917e+04,2.014025331978310351e+04,2.239869462402804493e+04,1.736225289405715012e+04,1.762151034383140723e+04,1.404735765204119889e+04,1.012695361116204549e+04,6.001230194533453869e+03,7.787805661783389951e+03,2.099392671617109227e+04,2.880939785422521891e+04,4.444493510085004527e+04,5.195756309414757561e+04,4.023175279009199585e+04,3.878396882760683366e+04,3.371075491427320958e+04,3.046211969155694533e+04,3.346460858709177410e+04,2.348886113720229332e+04,6.846748180758851277e+00,8.603282948463657931e+00,-4.762196261810061060e-01,-1.535295291092938896e+01,-5.470612528117214879e+00,3.185492347582709272e+00,-4.636645653455303773e+00,-3.257068219694673417e+00,-4.073469421001021828e+00,2.989118329513757999e-01,1.055635346878347036e+01,1.198904677309718636e+01,-1.435476402754853780e+02,9.875684714665743513e+01,5.331428321482803767e+00,3.689143508686953510e+00,5.559664102305418965e+00,1.888153668575569100e+00,-1.893397517642682715e+00,7.116269733456590529e-01,2.668570942938771395e+00,8.757721666618323297e+00,-1.808348975723788499e+00,2.212515969383304082e+00,7.073482067656847505e+01,7.080005789261097959e+01,1.110226618242679137e+02,1.262778599538890489e+02,5.882393079674091751e+01,4.416894382453161683e+01,5.056535568291144500e+01,5.388530369195552794e+01,6.598176621620764593e+01,9.367204172028635867e+01,9.287382031183703646e+01,1.137202964163354011e+02,1.188983333224722685e+02,1.427949406068161124e+02,8.562315015370897697e+01,4.937141173923250648e+01,4.552925856103492919e+01,3.144337958403904665e+01,4.863908967318992893e+01,4.795383656188015209e+01,4.693893236154336535e+01,4.987422717490689905e+01,4.947176320437355912e+01,6.212831138320250801e+01,1.223695451034033377e-01,1.228857739169045282e-01,1.228190088335416041e-01,1.229656933180551248e-01,1.236878708408577082e-01,1.247280599925130185e-01,1.251851785051723009e-01,1.248631674960347937e-01,1.243868439748172378e-01,1.243054326616540861e-01,1.245214667375674211e-01,1.248517974179322726e-01,1.248579084259270194e-01,1.249568166511581951e-01,1.256203789172280483e-01,1.259950717234071260e-01,1.258254709184192244e-01,1.261502115181251105e-01,1.271141941828920763e-01,1.287256796053994901e-01,1.291863720359359424e-01,1.288150064428517927e-01,1.292975046088272184e-01,1.300661124335140417e-01,2.404258139650467807e-01,1.594162574360084572e-01,1.040764913994198376e-01,8.348573814003078242e-02,2.081385514032046691e-01,2.527516015416689243e-01,1.864838270472994886e-01,2.073951777856057332e-01,1.607622243749395330e-01,1.631621327974561719e-01,1.300679106581520972e-01,9.376829376051686038e-02,5.556362195647737701e-02,7.210931167222481286e-02,1.943882103548144336e-01,2.667536838160806667e-01,4.115275300865453567e-01,4.810885471614544939e-01,3.725162295195668660e-01,3.591029640847763216e-01,3.121451621558823941e-01,2.820707897489807547e-01,3.098578966237908738e-01,2.174927886544771594e-01
1.025575537750193507e+04,5.175799964226177508e+03,6.612136897847317414e+03,4.571835701857658023e+03,3.750434957550193758e+03,1.376258414097998866e+04,1.978775555838268701e+04,1.949850037774335578e+04,1.854648378633340326e+04,2.041146024364486948e+04,1.808071570432271619e+04,2.193228587183470154e+04,1.823698837179301700e+04,2.265754218406607106e+04,1.877281429752718759e+04,2.290051457331025449e+04,2.118101138501825699e+04,2.162386168392366017e+04,1.699197068204784227e+04,1.964048497923975083e+04,2.168218793779548650e+04,1.958161632354463654e+04,1.738215520455466321e+04,1.304552822999881027e+04,1.105609359229740107e+01,5.606394378753239494e+01,1.050939812951834256e+02,1.575289887357733960e+02,1.347585315893360303e+01,1.822544789317487357e+01,-3.110778391186983072e+00,8.935903411616948233e+00,-2.625609016235557647e+00,3.005864953681935958e+00,-2.313816686276794599e+00,-5.188844616083400751e+00,-4.292671262620814332e+00,-9.276163993560913923e+00,8.491217902047253574e+00,-5.212208630163928547e+00,7.989823577938523158e+00,8.065843042370289595e+00,-3.918443465665262693e+00,1.816820212695262171e+00,4.606884378897547094e+00,-1.368716771242560526e+00,2.404164112095259043e+00,-5.695735796570232878e+00,9.840393256989469251e+01,1.142731727494659850e+02,1.267744050537658467e+02,1.138563177012828760e+02,1.231427844987671136e+02,8.414556387551481009e+01,6.364019887584768043e+01,5.715613544328495976e+01,6.004914180044745109e+01,5.999801397680963788e+01,6.621872267367402287e+01,6.121775573329190934e+01,6.699783429064740403e+01,6.094756281251785879e+01,6.099719233372059080e+01,5.467357338203871109e+01,5.953618193496231470e+01,6.389419707893588196e+01,6.007492097548600185e+01,6.605566231087773588e+01,6.345966261665222419e+01,6.049653849888039758e+01,7.649831303127153603e+01,8.833997697161248652e+01,6.498716824868044917e-02,6.458118871986466558e-02,6.412926632739274213e-02,6.374949837060074620e-02,6.359430981259510396e-02,6.367331049457138070e-02,6.439378263171144368e-02,6.468324479067039112e-02,6.468824248801693932e-02,6.497073207162798458e-02,6.485346210599909900e-02,6.474838636038446338e-02,6.507819782217404148e-02,6.523227292997844928e-02,6.446792969809246598e-02,6.404965597602398086e-02,6.393626966928959987e-02,6.382794616420456313e-02,6.380082897393916930e-02,6.372630472171079974e-02,6.365063304644835718e-02,6.322979764885788834e-02,6.260744671423096319e-02,6.263273769687995041e-02,9.497744714547516620e-02,4.792272987848443522e-02,6.120301923021672502e-02,4.233434579751728377e-02,3.472786797037063361e-02,1.274306783981646873e-01,1.832220867824239929e-01,1.805454439653134957e-01,1.717267017143382923e-01,1.889950022585729916e-01,1.674140342938468806e-01,2.030767210292036828e-01,1.688600591133588291e-01,2.097772219118269610e-01,1.738223546097323324e-01,2.120418015868476835e-01,1.961203527628154752e-01,2.002209415519006219e-01,1.573330618798101654e-01,1.818557394312314834e-01,2.007615798586001032e-01,1.813112622606843083e-01,1.609458815211721461e-01,1.207891333048425053e-01
1.599294740307656139e+04,1.054342893154680678e+04,6.478722621103234815e+03,2.441792911322519558e+03,6.937966475709322367e+03,1.920764104480800961e+04,2.389995310135636464e+04,2.036059300883025571e+04,1.972907924909570283e+04,2.256501532400142969e+04,2.356152241599133049e+04,2.744603698039624214e+04,2.757317073301313212e+04,2.088031362315576189e+04,1.884597669907292220e+04,2.567741349631387857e+04,2.431285540398106241e+04,2.651227567310238373e+04,2.301425118714615382e+04,2.270508449238436515e+04,1.993617645751672899e+04,1.582955299813391321e+04,1.673426785317884060e+04,1.831880985440105724e+04,-2.571306855384705159e-01,1.464171949537427508e+01,1.150354706648914771e+01,-1.421894156346590705e+02,1.332851103620532740e+02,-2.893557833999437889e+00,5.357872209516955309e+00,5.800348825055436919e+00,-2.465127391117931666e+00,-4.738183071859879192e+00,5.102487565484238985e+00,-3.696863982858644704e-02,5.889892745985434885e+00,-3.221932736908115658e+00,3.901083502184945928e+00,1.140170724877177122e+01,1.381845717411806618e+00,2.421511565521910825e+00,3.176176706558067053e-01,-4.895133790756460712e-01,8.694996671646322284e+00,9.144570494235608749e+00,3.118819893642239549e-01,-4.473522100134260882e+00,7.355414929279397995e+01,8.802997733125684476e+01,1.258431527087051620e+02,1.159249466542511726e+02,1.035847620388290125e+02,6.607394740432235380e+01,5.447841055503468510e+01,5.531460251739829914e+01,5.933780831124236954e+01,5.693618274687042913e+01,4.740411809939559618e+01,6.142785567262350099e+01,5.673809929560510312e+01,6.441538750037443606e+01,5.961313535866303681e+01,5.507450912223542616e+01,5.171357443611628923e+01,4.470798267996605801e+01,4.924616572490714361e+01,4.843957972365458176e+01,5.944572390043547472e+01,5.471505827330878446e+01,6.204231058448835512e+01,6.903303594146252919e+01,5.974948470219813151e-02,5.921754603623380353e-02,5.872921170734127227e-02,5.858279496265171582e-02,5.849780664211683828e-02,5.811621414316257839e-02,5.800143160430690226e-02,5.863810714760552684e-02,5.936163890969834572e-02,6.028525317409005185e-02,6.119939789669027325e-02,6.159012333882724760e-02,6.250475710505219717e-02,6.277968141035600302e-02,6.262868725071175924e-02,6.247239103302169860e-02,6.260168905685455087e-02,6.248786466520768468e-02,6.204536173652852593e-02,6.229792999119432989e-02,6.202006735182220148e-02,6.169186576783555059e-02,6.172362105740054200e-02,6.176195285440939930e-02,1.431563880092968644e-01,9.455748460397581101e-02,5.805326557258094072e-02,2.186118937897077452e-02,6.216771601257908147e-02,1.721110745319398283e-01,2.141573620297561598e-01,1.824425897056194679e-01,1.767838642563867024e-01,2.021954778245938222e-01,2.111247528367258264e-01,2.459322310121728472e-01,2.470605553649941888e-01,1.870995844080158010e-01,1.688707589435384515e-01,2.300878694508712019e-01,2.178395091194937072e-01,2.375651942375416048e-01,2.062208887663986856e-01,2.035650645107584533e-01,1.787228201737039446e-01,1.418414754269227418e-01,1.499470846279473690e-01,1.642315185863382210e-01
1.334844309850306854e+04,1.245400330654303434e+04,1.182455950125859090e+04,4.608657457382402754e+03,9.903479505348674138e+03,1.484783839943123894e+04,1.918002992996799003e+04,1.353025104011123585e+04,1.441899411168894585e+04,1.521974821889361374e+04,1.609700325531508133e+04,1.895094388867272573e+04,1.890557568609566442e+04,1.578103471133396670e+04,1.954136810109162252e+04,2.249238577511684707e+04,2.723940636144945165e+04,2.985700860747811384e+04,2.909422848183240421e+04,1.859195075093396736e+04,3.471867942013643915e+04,2.810521989951134310e+04,2.463180907195356122e+04,1.800929250903908178e+04,7.293896571861182565e-01,-8.872416461268784360e+00,1.863097850689749180e+01,1.797543460002673328e+02,1.125981432298979712e+01,8.577472152112363801e+00,2.688309572198733122e+00,2.365839608106853120e+00,6.628231778784481776e+00,2.948250319107046380e-01,-6.759219636852606072e+00,-3.739062032628339693e-01,-1.678811936518428638e+00,8.890035075835612588e+00,5.118413691662880183e+00,3.893733765921496115e+00,-2.279026715144993886e-01,8.294156239125413776e+00,1.056191474895939564e+00,1.465507426487022258e+00,5.249156722702679190e+00,1.390103251169819032e+00,2.093223053575343329e+00,2.738957623839780808e+00,7.015522046008419466e+01,8.329207781207651351e+01,1.013282579708471047e+02,1.190435175740728511e+02,1.036708176785818694e+02,7.210193642143238435e+01,6.069576135141197426e+01,6.919761495354475755e+01,7.176017266522332250e+01,6.917686440595495867e+01,7.810451090249749484e+01,7.013322956307493428e+01,6.943602071705494438e+01,8.878459901250298003e+01,6.643771296979544161e+01,5.766003467248192038e+01,4.470660083107398464e+01,3.529408881120588148e+01,4.749210119526710372e+01,6.456082950162276290e+01,5.715185707349196775e+01,6.412479852250801571e+01,5.521170784359394190e+01,6.751399330167707546e+01,3.964828211769887145e-02,3.876873930281436037e-02,3.777097446997765284e-02,3.777038198859723056e-02,3.748883194344911074e-02,3.667713634641398684e-02,3.665195434355775217e-02,3.672577677125673373e-02,3.659608237423396526e-02,3.701228207199937226e-02,3.733438412444407134e-02,3.774015669024954889e-02,3.836026670041186443e-02,3.911619642822272008e-02,3.974267418226055948e-02,3.958494223865982597e-02,3.938011666932236809e-02,4.011935120623697643e-02,4.085698449041195307e-02,4.126197595049677092e-02,4.066427793017061282e-02,4.019507590803780839e-02,3.912184385118010199e-02,3.804625829328026759e-02,1.277316933995219783e-01,1.193956587605447262e-01,1.132332469330974006e-01,4.414883529269803680e-02,9.485866218388096238e-02,1.420314090614404889e-01,1.327081213322335862e-01,1.252801022495971528e-01,1.335092047545814453e-01,1.409235946006005546e-01,1.490463264301706559e-01,1.754708965367586249e-01,1.750558634329739405e-01,1.461206917664873706e-01,1.809385935020650094e-01,2.082628312635905476e-01,2.579489238793163941e-01,2.859866724763867607e-01,2.786812931600429755e-01,1.780838194948090036e-01,3.325544005974265804e-01,2.691153701937979981e-01,2.359368685276725386e-01,1.725030734832465884e-01
7.012188827637572103e+03,7.038549455355273494e+03,6.616728270268066808e+03,6.263278776308780834e+03,2.124914997100379424e+03,6.034201683931538355e+03,5.892242174865989000e+03,9.431652964874358076e+03,8.253885601409576338e+03,1.629978597898042608e+04,2.112803685072052031e+04,1.489454382161189824e+04,1.690389965437547653e+04,1.766311279494736300e+04,1.847066699853925820e+04,2.258352572703990154e+04,2.835253359060155344e+04,3.607923185809863207e+04,3.203325429266602441e+04,2.445001647868465443e+04,2.153499687727357377e+04,2.077108229420212956e+04,1.755324314440098897e+04,1.221399508166728810e+04,-1.685814508480046925e+01,1.135352730897861306e+01,-9.340003080203644004e+00,-4.367632443774223816e+01,1.299752833249045807e+02,-2.808346882493196972e+00,5.184113549543639010e+00,1.151074921616975644e+01,-2.022723648329974822e+01,1.648172178986283143e+01,-2.541667624259474678e+00,-4.720618562380167305e+00,-2.989845984079522623e+00,-5.542797366256451141e+00,1.857286465111826601e+00,4.089778636022543878e+00,-5.837601530543111039e+00,1.890369982222949830e+00,-5.479833332782078514e+00,7.779042931261130889e-01,7.126994890370497160e-02,3.283048744018600473e+00,5.432333722621422112e+00,5.326741538781107010e+00,8.999898770963068273e+01,9.359437453915481342e+01,1.211908528241062726e+02,1.551020045894222221e+02,1.259149040698087276e+02,7.402086192359620043e+01,6.956451823333922846e+01,6.428867072769038771e+01,7.169644228091691218e+01,6.929444124015171269e+01,7.192296942679135441e+01,7.216116338334627756e+01,6.739894639886087191e+01,5.758622603985433841e+01,6.896913277661205655e+01,6.249262271246299605e+01,5.004354379933958086e+01,5.107432976944583203e+01,4.520219668711902017e+01,5.337429968222124188e+01,5.882744162115736941e+01,5.706277472250031479e+01,6.911611953398924868e+01,6.276885717008809706e+01,9.667491858090503445e-03,9.765940076073514539e-03,9.903900339863601007e-03,1.004364995259725973e-02,1.010358766492608015e-02,1.017847316543871866e-02,1.022191609956022047e-02,1.019965434533504425e-02,1.017929359942524800e-02,1.016257651798640506e-02,1.025576768047592804e-02,1.023427491668313025e-02,1.020241484130529445e-02,1.031923181181944142e-02,1.041486144741960232e-02,1.054481600538963691e-02,1.039794602951775102e-02,1.016183079223752575e-02,9.977644838865094498e-03,9.564239323427448439e-03,9.487703733596104111e-03,9.503631350529131994e-03,9.446717876954186660e-03,9.425600195085202457e-03,6.283643307281246149e-02,6.306943959104673036e-02,5.928967985919995909e-02,5.611772585844360811e-02,1.905795395991176019e-02,5.406691105392203572e-02,5.279802978097861837e-02,8.451301940373083521e-02,7.395947608130994111e-02,1.460492618469490522e-01,1.893184989752110803e-01,1.334637745569141887e-01,1.514708334101896314e-01,1.582716200279775665e-01,1.655037408966124057e-01,2.023673396967357874e-01,2.540550151236396492e-01,3.232862477932816891e-01,2.870363287738498248e-01,2.190861691674288181e-01,1.929687639650746467e-01,1.861208090921438740e-01,1.572871249609606170e-01,1.094444003743004351e-01
1.240923322909344461e+04,1.253053612445738327e+04,1.506993520883446399e+04,1.220870848251115603e+04,6.273703532419067415e+03,6.622690440459571619e+03,8.602020018987763251e+03,9.860615822511190345e+03,1.239664054443557143e+04,8.275866251095976622e+03,1.257237488883736296e+04,1.681261077323744030e+04,1.356778836422139284e+04,1.222446446129221295e+04,1.819940299884232445e+04,2.746971478937501524e+04,2.727748815531168657e+04,3.389786347211807879e+04,2.933005328430124064e+04,2.624835919547625599e+04,2.346265216526333825e+04,2.627325905376402807e+04,3.102109717479323081e+04,2.216581654536224596e+04,3.203563779941532630e+00,-6.932787240693414788e+00,-5.521238960757273162e+00,3.021579783679166553e+01,-8.051331777982925075e+01,-3.723611892183640748e+00,-1.081279473841647132e+00,2.403000915152318839e+00,1.029935848395905396e+01,5.306682033890240291e+00,4.784765889659894356e+00,3.356368488330844002e+00,-3.296545536741973592e+00,4.600255082046942334e-01,1.143758847230162701e+01,-1.114825061423800889e+00,3.661141777120349161e+00,1.112022433733349658e+01,3.619067179839049686e+00,-1.042543836755069719e+01,-2.973747449431812129e+00,-4.864805141438608871e+00,5.980712722772892675e+00,-5.217716086508232820e-01,7.608093582505676977e+01,7.495473247321939425e+01,7.253193192647169951e+01,1.255269426317926502e+02,1.230440793639079260e+02,7.845907280645755577e+01,6.485793489424550273e+01,5.961955877732667375e+01,7.583333784050427084e+01,7.857219478339909813e+01,6.657303262707348779e+01,7.425307656914984022e+01,8.292545572568772627e+01,8.578018215907606248e+01,7.101970894470585449e+01,4.408903479153331517e+01,5.031320980298563228e+01,5.457914785060647489e+01,5.764501265115196560e+01,5.511177398677351391e+01,6.308137000659239391e+01,6.886687769816299465e+01,5.016891472076090253e+01,5.273597946194600183e+01,8.611084151515508225e-03,8.655447749027801729e-03,8.845762343122743829e-03,9.049808246836311271e-03,9.218726225192567722e-03,9.283586510944810688e-03,9.325318122195020570e-03,9.325044386556350512e-03,9.514569278578521860e-03,9.605948365210481218e-03,9.650664008312935180e-03,9.845807622895150213e-03,9.836092742608994535e-03,9.750463093980463181e-03,9.507165741546693555e-03,9.024392597257711174e-03,8.781791652191244316e-03,8.520761836413582452e-03,8.272642411526306278e-03,8.121944947348649912e-03,8.131886257632206863e-03,8.313855531688682868e-03,8.576100112168178954e-03,8.663134335512174752e-03,1.109812589321194365e-01,1.122807896400363770e-01,1.350352486081691505e-01,1.093878388980133592e-01,5.622362583100337652e-02,5.934310431279093967e-02,7.707903244478213345e-02,8.835677261738275612e-02,1.110559747067494940e-01,7.419302719494157150e-02,1.126624690090813341e-01,1.506506731226501805e-01,1.215218617578131960e-01,1.095382120458989472e-01,1.630770878036028604e-01,2.461443977522379811e-01,2.444184721287704365e-01,3.037442963441331356e-01,2.628140975238598687e-01,2.351998487373045954e-01,2.102263347084958323e-01,2.354234682285764879e-01,2.779668205796325675e-01,1.986125808583709962e-01
