Longitude,Latitude,individual-local-identifier,Date,timeAPM,Time,Season,DateTime,Month
15.51818034,-18.98442179,LA8,2008-10-30,12:00:38 AM,00:00:00,Hot-Dry,2008-10-30 00:00:00,10
15.52281392,-18.98987427,LA8,2008-10-30,12:20:38 AM,00:20:00,Hot-Dry,2008-10-30 00:20:00,10
15.52881165,-18.99602661,LA8,2008-10-30,12:40:38 AM,00:40:00,Hot-Dry,2008-10-30 00:40:00,10
15.53480937,-18.99915975,LA8,2008-10-30,01:00:38 AM,01:00:00,Hot-Dry,2008-10-30 01:00:00,10
15.54165751,-19.0050944,LA8,2008-10-30,01:20:38 AM,01:20:00,Hot-Dry,2008-10-30 01:20:00,10
15.54259745,-19.00662435,LA8,2008-10-30,01:40:38 AM,01:40:00,Hot-Dry,2008-10-30 01:40:00,10
15.54259644,-19.00662435,LA8,2008-10-30,02:00:38 AM,02:00:00,Hot-Dry,2008-10-30 02:00:00,10
15.54271545,-19.00668538,LA8,2008-10-30,02:20:38 AM,02:20:00,Hot-Dry,2008-10-30 02:20:00,10
15.54393717,-19.00837606,LA8,2008-10-30,02:40:38 AM,02:40:00,Hot-Dry,2008-10-30 02:40:00,10
15.5442393,-19.0088501,LA8,2008-10-30,03:00:38 AM,03:00:00,Hot-Dry,2008-10-30 03:00:00,10
15.54433899,-19.00938924,LA8,2008-10-30,03:20:38 AM,03:20:00,Hot-Dry,2008-10-30 03:20:00,10
15.54438171,-19.00946248,LA8,2008-10-30,03:40:38 AM,03:40:00,Hot-Dry,2008-10-30 03:40:00,10
15.54440308,-19.00953166,LA8,2008-10-30,04:00:38 AM,04:00:00,Hot-Dry,2008-10-30 04:00:00,10
15.54446208,-19.00976969,LA8,2008-10-30,04:20:38 AM,04:20:00,Hot-Dry,2008-10-30 04:20:00,10
15.54382731,-19.00996704,LA8,2008-10-30,04:40:38 AM,04:40:00,Hot-Dry,2008-10-30 04:40:00,10
15.545519,-19.00882568,LA8,2008-10-30,05:00:38 AM,05:00:00,Hot-Dry,2008-10-30 05:00:00,10
15.54731242,-19.00889079,LA8,2008-10-30,05:20:38 AM,05:20:00,Hot-Dry,2008-10-30 05:20:00,10
15.54796346,-19.00840454,LA8,2008-10-30,05:40:38 AM,05:40:00,Hot-Dry,2008-10-30 05:40:00,10
15.55096232,-19.0075887,LA8,2008-10-30,06:00:38 AM,06:00:00,Hot-Dry,2008-10-30 06:00:00,10
15.55465495,-19.00955811,LA8,2008-10-30,06:20:38 AM,06:20:00,Hot-Dry,2008-10-30 06:20:00,10
15.5551829,-19.01283976,LA8,2008-10-30,06:40:38 AM,06:40:00,Hot-Dry,2008-10-30 06:40:00,10
15.55781047,-19.01775716,LA8,2008-10-30,07:00:38 AM,07:00:00,Hot-Dry,2008-10-30 07:00:00,10
15.5578064,-19.01775513,LA8,2008-10-30,07:20:38 AM,07:20:00,Hot-Dry,2008-10-30 07:20:00,10
15.55833435,-19.01921997,LA8,2008-10-30,07:40:38 AM,07:40:00,Hot-Dry,2008-10-30 07:40:00,10
15.55854187,-19.02025146,LA8,2008-10-30,08:00:38 AM,08:00:00,Hot-Dry,2008-10-30 08:00:00,10
15.55830282,-19.02063395,LA8,2008-10-30,08:20:38 AM,08:20:00,Hot-Dry,2008-10-30 08:20:00,10
15.56041158,-19.0200175,LA8,2008-10-30,08:40:38 AM,08:40:00,Hot-Dry,2008-10-30 08:40:00,10
15.56124471,-19.01995036,LA8,2008-10-30,09:00:38 AM,09:00:00,Hot-Dry,2008-10-30 09:00:00,10
15.56384684,-19.01849976,LA8,2008-10-30,09:20:38 AM,09:20:00,Hot-Dry,2008-10-30 09:20:00,10
15.56459554,-19.01828003,LA8,2008-10-30,09:40:38 AM,09:40:00,Hot-Dry,2008-10-30 09:40:00,10
15.56456706,-19.01828613,LA8,2008-10-30,10:00:38 AM,10:00:00,Hot-Dry,2008-10-30 10:00:00,10
15.56457316,-19.01829427,LA8,2008-10-30,10:20:38 AM,10:20:00,Hot-Dry,2008-10-30 10:20:00,10
15.56458537,-19.01829631,LA8,2008-10-30,10:40:38 AM,10:40:00,Hot-Dry,2008-10-30 10:40:00,10
15.56458028,-19.01830037,LA8,2008-10-30,11:00:38 AM,11:00:00,Hot-Dry,2008-10-30 11:00:00,10
15.5646169,-19.01831258,LA8,2008-10-30,11:20:38 AM,11:20:00,Hot-Dry,2008-10-30 11:20:00,10
15.56458333,-19.01827596,LA8,2008-10-30,11:40:38 AM,11:40:00,Hot-Dry,2008-10-30 11:40:00,10
15.56461487,-19.01826986,LA8,2008-10-30,12:00:38 PM,12:00:00,Hot-Dry,2008-10-30 12:00:00,10
15.56467183,-19.01824137,LA8,2008-10-30,12:20:38 PM,12:20:00,Hot-Dry,2008-10-30 12:20:00,10
15.56467082,-19.01824341,LA8,2008-10-30,12:40:38 PM,12:40:00,Hot-Dry,2008-10-30 12:40:00,10
15.56459147,-19.01871745,LA8,2008-10-30,01:00:38 PM,13:00:00,Hot-Dry,2008-10-30 13:00:00,10
15.56587931,-19.021934,LA8,2008-10-30,01:20:38 PM,13:20:00,Hot-Dry,2008-10-30 13:20:00,10
15.56587016,-19.021934,LA8,2008-10-30,01:40:38 PM,13:40:00,Hot-Dry,2008-10-30 13:40:00,10
15.56814575,-19.02401326,LA8,2008-10-30,02:00:38 PM,14:00:00,Hot-Dry,2008-10-30 14:00:00,10
15.5704834,-19.02687785,LA8,2008-10-30,02:20:38 PM,14:20:00,Hot-Dry,2008-10-30 14:20:00,10
15.57140096,-19.02707926,LA8,2008-10-30,02:40:38 PM,14:40:00,Hot-Dry,2008-10-30 14:40:00,10
15.57138875,-19.02673543,LA8,2008-10-30,03:00:38 PM,15:00:00,Hot-Dry,2008-10-30 15:00:00,10
15.57211914,-19.02697754,LA8,2008-10-30,03:20:38 PM,15:20:00,Hot-Dry,2008-10-30 15:20:00,10
15.57249349,-19.03170573,LA8,2008-10-30,03:40:38 PM,15:40:00,Hot-Dry,2008-10-30 15:40:00,10
15.56881205,-19.03957113,LA8,2008-10-30,04:00:38 PM,16:00:00,Hot-Dry,2008-10-30 16:00:00,10
15.56881002,-19.03957113,LA8,2008-10-30,04:20:38 PM,16:20:00,Hot-Dry,2008-10-30 16:20:00,10
15.56849365,-19.04286092,LA8,2008-10-30,04:40:38 PM,16:40:00,Hot-Dry,2008-10-30 16:40:00,10
15.56778768,-19.04401449,LA8,2008-10-30,05:00:38 PM,17:00:00,Hot-Dry,2008-10-30 17:00:00,10
15.56725159,-19.04477539,LA8,2008-10-30,05:20:38 PM,17:20:00,Hot-Dry,2008-10-30 17:20:00,10
15.56570638,-19.04749146,LA8,2008-10-30,05:40:38 PM,17:40:00,Hot-Dry,2008-10-30 17:40:00,10
15.5650238,-19.04871623,LA8,2008-10-30,06:00:38 PM,18:00:00,Hot-Dry,2008-10-30 18:00:00,10
15.56153463,-19.04985962,LA8,2008-10-30,06:20:38 PM,18:20:00,Hot-Dry,2008-10-30 18:20:00,10
15.56152954,-19.04985555,LA8,2008-10-30,06:40:38 PM,18:40:00,Hot-Dry,2008-10-30 18:40:00,10
15.559611,-19.04896444,LA8,2008-10-30,07:00:38 PM,19:00:00,Hot-Dry,2008-10-30 19:00:00,10
15.55879211,-19.04792887,LA8,2008-10-30,07:20:38 PM,19:20:00,Hot-Dry,2008-10-30 19:20:00,10
15.55803019,-19.04689535,LA8,2008-10-30,07:40:38 PM,19:40:00,Hot-Dry,2008-10-30 19:40:00,10
15.55693359,-19.04550985,LA8,2008-10-30,08:00:38 PM,20:00:00,Hot-Dry,2008-10-30 20:00:00,10
15.55482992,-19.04446411,LA8,2008-10-30,08:20:38 PM,20:20:00,Hot-Dry,2008-10-30 20:20:00,10
15.55456441,-19.04398804,LA8,2008-10-30,08:40:38 PM,20:40:00,Hot-Dry,2008-10-30 20:40:00,10
15.55455424,-19.04399821,LA8,2008-10-30,09:00:38 PM,21:00:00,Hot-Dry,2008-10-30 21:00:00,10
15.55429077,-19.04074504,LA8,2008-10-30,09:20:38 PM,21:20:00,Hot-Dry,2008-10-30 21:20:00,10
15.55323893,-19.0358724,LA8,2008-10-30,09:40:38 PM,21:40:00,Hot-Dry,2008-10-30 21:40:00,10
15.55306193,-19.03557129,LA8,2008-10-30,10:00:38 PM,22:00:00,Hot-Dry,2008-10-30 22:00:00,10
15.55177002,-19.03460693,LA8,2008-10-30,10:20:38 PM,22:20:00,Hot-Dry,2008-10-30 22:20:00,10
15.55131531,-19.03247884,LA8,2008-10-30,10:40:38 PM,22:40:00,Hot-Dry,2008-10-30 22:40:00,10
15.55089518,-19.03108521,LA8,2008-10-30,11:00:38 PM,23:00:00,Hot-Dry,2008-10-30 23:00:00,10
15.55090129,-19.03057251,LA8,2008-10-30,11:20:38 PM,23:20:00,Hot-Dry,2008-10-30 23:20:00,10
15.55089315,-19.0306071,LA8,2008-10-30,11:40:38 PM,23:40:00,Hot-Dry,2008-10-30 23:40:00,10
15.55088094,-19.03060913,LA8,2008-10-31,12:00:38 AM,00:00:00,Hot-Dry,2008-10-31 00:00:00,10
15.5508728,-19.03054403,LA8,2008-10-31,12:20:38 AM,00:20:00,Hot-Dry,2008-10-31 00:20:00,10
15.55088298,-19.03053182,LA8,2008-10-31,12:40:38 AM,00:40:00,Hot-Dry,2008-10-31 00:40:00,10
15.55091858,-19.03052368,LA8,2008-10-31,01:00:38 AM,01:00:00,Hot-Dry,2008-10-31 01:00:00,10
15.55092672,-19.03058879,LA8,2008-10-31,01:20:38 AM,01:20:00,Hot-Dry,2008-10-31 01:20:00,10
15.55087077,-19.03053792,LA8,2008-10-31,01:40:38 AM,01:40:00,Hot-Dry,2008-10-31 01:40:00,10
15.55028788,-19.0301473,LA8,2008-10-31,02:00:38 AM,02:00:00,Hot-Dry,2008-10-31 02:00:00,10
15.55029093,-19.03014933,LA8,2008-10-31,02:20:38 AM,02:20:00,Hot-Dry,2008-10-31 02:20:00,10
15.54800008,-19.02831421,LA8,2008-10-31,02:40:38 AM,02:40:00,Hot-Dry,2008-10-31 02:40:00,10
15.54800415,-19.02831624,LA8,2008-10-31,03:00:38 AM,03:00:00,Hot-Dry,2008-10-31 03:00:00,10
15.54795329,-19.02814535,LA8,2008-10-31,03:20:38 AM,03:20:00,Hot-Dry,2008-10-31 03:20:00,10
15.54692993,-19.02808431,LA8,2008-10-31,03:40:38 AM,03:40:00,Hot-Dry,2008-10-31 03:40:00,10
15.54559224,-19.02775269,LA8,2008-10-31,04:00:38 AM,04:00:00,Hot-Dry,2008-10-31 04:00:00,10
15.54459839,-19.02699788,LA8,2008-10-31,04:20:38 AM,04:20:00,Hot-Dry,2008-10-31 04:20:00,10
15.54290059,-19.0242981,LA8,2008-10-31,04:40:38 AM,04:40:00,Hot-Dry,2008-10-31 04:40:00,10
15.54193624,-19.02210897,LA8,2008-10-31,05:00:38 AM,05:00:00,Hot-Dry,2008-10-31 05:00:00,10
15.53955892,-19.01755575,LA8,2008-10-31,05:20:38 AM,05:20:00,Hot-Dry,2008-10-31 05:20:00,10
15.5382548,-19.01620483,LA8,2008-10-31,05:40:38 AM,05:40:00,Hot-Dry,2008-10-31 05:40:00,10
15.5375356,-19.01548462,LA8,2008-10-31,06:00:38 AM,06:00:00,Hot-Dry,2008-10-31 06:00:00,10
15.53615519,-19.01396077,LA8,2008-10-31,06:20:38 AM,06:20:00,Hot-Dry,2008-10-31 06:20:00,10
15.53548381,-19.01334839,LA8,2008-10-31,06:40:38 AM,06:40:00,Hot-Dry,2008-10-31 06:40:00,10
15.53255107,-19.01151326,LA8,2008-10-31,07:00:38 AM,07:00:00,Hot-Dry,2008-10-31 07:00:00,10
15.53254496,-19.01151123,LA8,2008-10-31,07:20:38 AM,07:20:00,Hot-Dry,2008-10-31 07:20:00,10
15.53207499,-19.01126099,LA8,2008-10-31,07:40:38 AM,07:40:00,Hot-Dry,2008-10-31 07:40:00,10
15.53009847,-19.01054891,LA8,2008-10-31,08:00:38 AM,08:00:00,Hot-Dry,2008-10-31 08:00:00,10
15.52980347,-19.01062826,LA8,2008-10-31,08:20:38 AM,08:20:00,Hot-Dry,2008-10-31 08:20:00,10
15.52854309,-19.01107992,LA8,2008-10-31,08:40:38 AM,08:40:00,Hot-Dry,2008-10-31 08:40:00,10
15.52836405,-19.01109619,LA8,2008-10-31,09:00:38 AM,09:00:00,Hot-Dry,2008-10-31 09:00:00,10
15.5271759,-19.01061808,LA8,2008-10-31,09:20:38 AM,09:20:00,Hot-Dry,2008-10-31 09:20:00,10
15.52283427,-19.00876058,LA8,2008-10-31,09:40:38 AM,09:40:00,Hot-Dry,2008-10-31 09:40:00,10
15.52286886,-19.00874023,LA8,2008-10-31,10:00:48 AM,10:00:00,Hot-Dry,2008-10-31 10:00:00,10
15.52285156,-19.00875244,LA8,2008-10-31,10:20:48 AM,10:20:00,Hot-Dry,2008-10-31 10:20:00,10
15.52343852,-19.00768026,LA8,2008-10-31,10:40:48 AM,10:40:00,Hot-Dry,2008-10-31 10:40:00,10
15.52347005,-19.00545044,LA8,2008-10-31,11:00:48 AM,11:00:00,Hot-Dry,2008-10-31 11:00:00,10
15.52352702,-19.00540568,LA8,2008-10-31,11:20:48 AM,11:20:00,Hot-Dry,2008-10-31 11:20:00,10
15.52358602,-19.00541382,LA8,2008-10-31,11:40:48 AM,11:40:00,Hot-Dry,2008-10-31 11:40:00,10
15.52361043,-19.00539958,LA8,2008-10-31,12:00:48 PM,12:00:00,Hot-Dry,2008-10-31 12:00:00,10
15.52359416,-19.00540568,LA8,2008-10-31,12:20:49 PM,12:20:00,Hot-Dry,2008-10-31 12:20:00,10
15.52355652,-19.00541585,LA8,2008-10-31,12:40:48 PM,12:40:00,Hot-Dry,2008-10-31 12:40:00,10
15.52358297,-19.00539144,LA8,2008-10-31,01:00:48 PM,13:00:00,Hot-Dry,2008-10-31 13:00:00,10
15.52357788,-19.00540365,LA8,2008-10-31,01:20:48 PM,13:20:00,Hot-Dry,2008-10-31 13:20:00,10
15.52359721,-19.00543009,LA8,2008-10-31,01:40:48 PM,13:40:00,Hot-Dry,2008-10-31 13:40:00,10
15.52358704,-19.00542196,LA8,2008-10-31,02:00:48 PM,14:00:00,Hot-Dry,2008-10-31 14:00:00,10
15.52358907,-19.00542806,LA8,2008-10-31,02:20:48 PM,14:20:00,Hot-Dry,2008-10-31 14:20:00,10
15.52298787,-19.00573934,LA8,2008-10-31,02:40:48 PM,14:40:00,Hot-Dry,2008-10-31 14:40:00,10
15.51894836,-19.00446777,LA8,2008-10-31,03:00:48 PM,15:00:00,Hot-Dry,2008-10-31 15:00:00,10
15.51794027,-19.00383097,LA8,2008-10-31,03:20:48 PM,15:20:00,Hot-Dry,2008-10-31 15:20:00,10
15.51669413,-19.00302531,LA8,2008-10-31,03:40:48 PM,15:40:00,Hot-Dry,2008-10-31 15:40:00,10
15.51272278,-18.99925334,LA8,2008-10-31,04:00:48 PM,16:00:00,Hot-Dry,2008-10-31 16:00:00,10
15.5072581,-18.99217733,LA8,2008-10-31,04:20:48 PM,16:20:00,Hot-Dry,2008-10-31 16:20:00,10
15.50726827,-18.99220785,LA8,2008-10-31,04:40:38 PM,16:40:00,Hot-Dry,2008-10-31 16:40:00,10
15.50483602,-18.98293254,LA8,2008-10-31,05:00:38 PM,17:00:00,Hot-Dry,2008-10-31 17:00:00,10
15.50359497,-18.97652791,LA8,2008-10-31,05:20:38 PM,17:20:00,Hot-Dry,2008-10-31 17:20:00,10
15.50398356,-18.97621867,LA8,2008-10-31,05:40:38 PM,17:40:00,Hot-Dry,2008-10-31 17:40:00,10
15.50392456,-18.97614746,LA8,2008-10-31,06:00:38 PM,18:00:00,Hot-Dry,2008-10-31 18:00:00,10
15.50377197,-18.97622477,LA8,2008-10-31,06:20:38 PM,18:20:00,Hot-Dry,2008-10-31 18:20:00,10
15.50377197,-18.97622681,LA8,2008-10-31,06:40:38 PM,18:40:00,Hot-Dry,2008-10-31 18:40:00,10
15.50385335,-18.97639567,LA8,2008-10-31,07:00:38 PM,19:00:00,Hot-Dry,2008-10-31 19:00:00,10
15.50385844,-18.97657471,LA8,2008-10-31,07:20:38 PM,19:20:00,Hot-Dry,2008-10-31 19:20:00,10
15.50350952,-18.97663371,LA8,2008-10-31,07:40:38 PM,19:40:00,Hot-Dry,2008-10-31 19:40:00,10
15.50352478,-18.97651774,LA8,2008-10-31,08:00:38 PM,20:00:00,Hot-Dry,2008-10-31 20:00:00,10
15.50383606,-18.97661133,LA8,2008-10-31,08:20:38 PM,20:20:00,Hot-Dry,2008-10-31 20:20:00,10
15.50377706,-18.97630819,LA8,2008-10-31,08:40:38 PM,20:40:00,Hot-Dry,2008-10-31 20:40:00,10
15.50366821,-18.97644857,LA8,2008-10-31,09:00:38 PM,21:00:00,Hot-Dry,2008-10-31 21:00:00,10
15.50368245,-18.97659302,LA8,2008-10-31,09:20:38 PM,21:20:00,Hot-Dry,2008-10-31 21:20:00,10
15.50559692,-18.97759603,LA8,2008-10-31,09:40:38 PM,21:40:00,Hot-Dry,2008-10-31 21:40:00,10
15.50767619,-18.98032633,LA8,2008-10-31,10:00:38 PM,22:00:00,Hot-Dry,2008-10-31 22:00:00,10
15.50787659,-18.9818278,LA8,2008-10-31,10:20:38 PM,22:20:00,Hot-Dry,2008-10-31 22:20:00,10
15.50720215,-18.98171183,LA8,2008-10-31,10:40:38 PM,22:40:00,Hot-Dry,2008-10-31 22:40:00,10
15.50593058,-18.98050537,LA8,2008-10-31,11:00:38 PM,23:00:00,Hot-Dry,2008-10-31 23:00:00,10
15.5040273,-18.97767741,LA8,2008-10-31,11:20:38 PM,23:20:00,Hot-Dry,2008-10-31 23:20:00,10
15.50361735,-18.9765564,LA8,2008-10-31,11:40:38 PM,23:40:00,Hot-Dry,2008-10-31 23:40:00,10
