wh,num_visits,avg_duration_hours,total_duration_hours,total_n_points,Latitude,Longitude
Aus Fountain,3,1.78,5.33,19,-19.2053106,16.1932918
Duikerdrink,1,0.67,0.67,3,-19.1531933,14.7799891
Duiwelsvuur,9,3.33,30.0,99,-18.9881872,15.2597952
Jakalswater,3,3.11,9.33,31,-19.1367584,14.656778
Olifantsbad Waterhole,4,0.92,3.67,15,-19.2388057,16.1310575
Olifantsrus,6,2.56,15.33,52,-18.96982556,14.85953195
Ombika,9,1.37,12.33,46,-19.31571144,15.9411653
Ozonjuitji m'Bari,1,1.67,1.67,6,-18.9766519,15.5035973
Renostervlei,2,2.0,4.0,14,-19.1738246,14.5300254
Sonderkop waterhole,2,1.67,3.33,12,-18.9691974,15.3276196
Teespoet waterhole,1,1.33,1.33,5,-18.979759,15.0612313
Tobieroen,2,1.0,2.0,8,-18.97167749,14.95805816
