,step_sum_00,step_sum_01,step_sum_02,step_sum_03,step_sum_04,step_sum_05,step_sum_06,step_sum_07,step_sum_08,step_sum_09,step_sum_10,step_sum_11,step_sum_12,step_sum_13,step_sum_14,step_sum_15,step_sum_16,step_sum_17,step_sum_18,step_sum_19,step_sum_20,step_sum_21,step_sum_22,step_sum_23,turn_mean_00,turn_mean_01,turn_mean_02,turn_mean_03,turn_mean_04,turn_mean_05,turn_mean_06,turn_mean_07,turn_mean_08,turn_mean_09,turn_mean_10,turn_mean_11,turn_mean_12,turn_mean_13,turn_mean_14,turn_mean_15,turn_mean_16,turn_mean_17,turn_mean_18,turn_mean_19,turn_mean_20,turn_mean_21,turn_mean_22,turn_mean_23,turn_std_00,turn_std_01,turn_std_02,turn_std_03,turn_std_04,turn_std_05,turn_std_06,turn_std_07,turn_std_08,turn_std_09,turn_std_10,turn_std_11,turn_std_12,turn_std_13,turn_std_14,turn_std_15,turn_std_16,turn_std_17,turn_std_18,turn_std_19,turn_std_20,turn_std_21,turn_std_22,turn_std_23,nsd_mean_00,nsd_mean_01,nsd_mean_02,nsd_mean_03,nsd_mean_04,nsd_mean_05,nsd_mean_06,nsd_mean_07,nsd_mean_08,nsd_mean_09,nsd_mean_10,nsd_mean_11,nsd_mean_12,nsd_mean_13,nsd_mean_14,nsd_mean_15,nsd_mean_16,nsd_mean_17,nsd_mean_18,nsd_mean_19,nsd_mean_20,nsd_mean_21,nsd_mean_22,nsd_mean_23,speed_mean_00,speed_mean_01,speed_mean_02,speed_mean_03,speed_mean_04,speed_mean_05,speed_mean_06,speed_mean_07,speed_mean_08,speed_mean_09,speed_mean_10,speed_mean_11,speed_mean_12,speed_mean_13,speed_mean_14,speed_mean_15,speed_mean_16,speed_mean_17,speed_mean_18,speed_mean_19,speed_mean_20,speed_mean_21,speed_mean_22,speed_mean_23
2008-10,2182.689580536884,1918.4523299399555,294.0849123942167,32.32041100087135,575.596868805977,748.0145261831719,277.6297857406293,1032.0380035541868,563.5832088273892,83.24740970179809,10.164540527113079,14.623588699130023,176.68280340891673,42.25270582713333,160.91315604283952,1083.0380004050855,1398.568474774972,1860.1605796067768,742.4644571030233,1509.1288773818667,1381.885187260372,1972.1602821194085,4108.064995348326,1358.9249299275075,10.280631391289404,-2.2399315182006205,-4.684131747926813,-79.39913602235939,-25.968411078394467,-8.819486075847891,-6.363370736121567,45.95223452316668,-7.487438114831946,158.97777622315294,102.00922924173994,33.94869263427063,26.30183608038456,103.29890545273884,178.04396360705255,-12.566312425519442,2.882102256481943,-1.3616281639720285,9.723826121844724,-6.589034367639243,-2.7474667769970154,6.0444852109013425,1.7742796027228565,12.160201078155524,10.808666890444913,31.437361589824427,68.3190415915008,134.35698934351876,105.99014381707553,18.940121071298883,35.89153311914963,75.61457785380823,45.914482617690844,74.43388039083715,117.58031332255955,105.36937765149993,77.0148069732541,76.10614245650552,79.1557695009403,27.326372763583926,17.57398939759143,13.043805758997447,48.8412017902386,50.908260028617626,22.404139972409077,62.87657962843753,30.649581103177365,61.18333715108545,0.00015032180012213492,0.00023793772949671122,0.00033119844403731066,0.0003384538771652754,0.00036164205007099885,0.00040190272561605795,0.00044675487054101243,0.0004311258680342038,0.0003788242439343773,0.0003525306385083777,0.0003532252680361119,0.00035197502732235345,0.00033946344269190036,0.00033103269905927394,0.0003246183275159877,0.00027129492352579706,0.00018223726323388553,0.00013399400407109138,0.00015806807888936168,0.00029055952724097405,0.0004301281677989144,0.0007154236105389738,0.000554417854074773,0.0004262050569843175,0.4547039655640866,0.2662089984570203,0.0408451267010089,0.004488945801467034,0.07994400962558694,0.10389271582258075,0.038559692484268264,0.14333861160488384,0.07827544545614028,0.011562140333333333,0.0014117418333333333,0.0020309546666666665,0.024539085451212115,0.005869308166666667,0.022349049365909732,0.150421944526108,0.19369343386047452,0.2583556360600024,0.1031200634584854,0.20960123307143672,0.19192849829503508,0.2739111503455311,0.5705645825856446,0.1887395735934929
2008-11,13663.560297355983,12493.980507408893,11019.471957114498,4952.932327068724,12593.52470146476,21800.271846910604,22891.971310337034,28245.441189838213,29454.917389555096,30083.142296374295,18732.228120945318,16802.62305257211,13970.206729452972,20092.092036157188,24060.852364752827,25769.15309406987,26982.264494294508,22665.810217339844,23161.076349488187,19271.7655304373,20461.55082198201,16765.288798478163,17763.913306927545,15512.269013377892,6.4082842802226025,44.99123501028686,-73.05236538927154,174.4802205867004,-12.396483106814117,-7.565623096806206,1.6391924404106533,-3.1663296697940098,12.344600038099856,5.154036652768326,3.626604719196081,22.049114009596934,69.34420135019363,-28.778036043657124,3.4417620248540004,-5.222291764282488,-1.606561012864944,-0.8385208698054498,-2.573778383111204,0.6773969810427616,1.3093024080469604,-7.279231150649508,-10.240915513992263,-9.897196535569321,88.52713258265359,108.72093494671908,145.31593675258654,140.91716940148046,100.22519536296993,57.497710573353096,63.709646086323005,42.00900120586187,54.95377829986009,60.41215041770078,67.60100316475975,88.70267859855953,102.86435892967654,115.02860199742283,74.28652420343627,53.972612729315856,47.14674843776596,55.76529588481067,53.889394650646544,46.493962473653326,51.7499319183214,61.440060846051566,68.4882934363522,66.90749058562972,0.151735145089614,0.15289660348567727,0.1515269853454113,0.15127622077360464,0.15085811434734253,0.15040900648431282,0.1503111222322893,0.14941002242735152,0.14806667346932584,0.14913876526415557,0.15041866453543712,0.1516446663567248,0.15235340153877389,0.15287592462387295,0.15404034379715534,0.15581331287519512,0.15793567407359352,0.16018261289605706,0.16235899779923604,0.1632345245783854,0.16341108310117575,0.1631965315762057,0.16285147257261087,0.16285329181768063,0.126546281012985,0.116978151591022,0.10203230420330453,0.045860286735558704,0.11661881296336976,0.20185436894294717,0.21193430505622718,0.26153186283774255,0.27269179037135266,0.2785476138581893,0.17387921030382936,0.15555634292575135,0.1293537660191321,0.186034286749393,0.22278567004350824,0.23860326940644952,0.24983160998204437,0.2098426291012109,0.21445441065311271,0.17844227346277583,0.1894588038731679,0.1552019290126198,0.1644806788013788,0.1436323547676619
2008-12,3331.805397439709,1576.462511612344,2078.9668993425394,2520.737945708988,12328.563436486083,22096.833856215944,24240.09733061481,24930.236725348157,27397.259365986618,31858.818679797794,28599.415901012682,19877.897614502657,25523.121053141644,20593.448524325664,22892.81779048631,22618.672549000054,27216.94230398244,27288.413238770558,25573.75568499051,21149.0021218147,16169.691550399404,16720.990924800662,12510.806404652209,7488.944560056819,8.141751665969764,-154.24023335984188,-165.39138100390835,48.44046181888166,-3.6252272214284176,5.067644435349536,-2.1167449717323734,7.507239814749056,-2.6886586600959106,-17.797794029347813,3.118463339447004,1.3156095828167906,-19.164446133159743,1.32077094839795,-0.41668994260780323,8.233084586402384,3.6044376083806355,-3.299763104025118,1.963056361203087,6.919161003867345,4.399304941255508,-6.779551551716253,5.567304966145258,-5.651172116458497,121.85650929614556,143.37086810837002,138.4474921052385,150.90494450947196,73.90850041941576,51.23776527201381,52.70870989885988,45.31512675846998,63.13598455022867,81.15751661797533,91.15556885833209,84.05622512108752,81.91431195786197,75.14608860543107,58.67993293914097,62.984305499013445,49.52297178656027,49.52724246531539,50.94215045432543,56.037840520505895,55.68872767076605,52.53938470670324,68.37791261719235,71.9633464336915,0.09728301640514064,0.0972339591112875,0.09711179759923963,0.09701085298175696,0.09664383406461136,0.09542144273320002,0.09435622507754331,0.09359531644848697,0.09297499390529151,0.09331830251853558,0.09428910608029702,0.0940285372428396,0.09424341259966633,0.09380543253241808,0.09327835314805633,0.09276605775067889,0.09213313880820913,0.09063569351287666,0.08980021360930261,0.08917323335645252,0.08861346091575396,0.08885363048719848,0.08911160373304185,0.08920936476083396,0.029920705790294894,0.014122721968460105,0.01862854912733713,0.022587429477742817,0.11047099848796087,0.19800030337646535,0.21717667563777435,0.22338921794374947,0.24549515562110721,0.2854732856710244,0.25626718634884227,0.17799018726512444,0.22870180154486996,0.1845279120283078,0.20513287461908936,0.20267627729177845,0.2438794113314408,0.24451983187734583,0.22915551687621813,0.18950718750299886,0.14488970923774755,0.14982669219379582,0.11210808573491601,0.06710523799326899
2009-01,6040.636267837289,4811.299009354041,5495.140302456684,3320.9147061401745,9113.809778391314,18563.470499063482,25210.867400934705,31075.19223007527,24416.501699879296,23722.45811167673,20496.016169388462,17873.36730972028,13752.236868431324,19427.639748154477,15865.590518703186,23732.962714736863,22482.552818779342,24705.468461339566,30254.585864907884,19877.59754291281,15908.488222725846,17289.843913562956,15378.552702190305,11184.288632510988,29.12264054340048,-12.088340827146084,-6.376588210078978,58.18632502729932,-20.58966051277926,-1.3064176869910682,-0.9028624640714611,-11.23534060943689,-4.973342508215808,-0.20298084693948226,16.720803247888966,4.099144861302051,-15.526146679234841,-23.063428937516363,16.029715256575855,1.9962265117351023,-6.162131972005852,-3.470993280949358,-2.7957609751609596,8.845379515647437,12.558393102188774,-1.7720796100713585,-12.686932258456466,-3.0324735747531975,91.61741378641071,99.62546108893311,153.00035321022145,136.5159125745539,84.1953817796384,58.66107262558198,48.00471249389983,66.00417850804736,92.50195085254799,85.4887075140499,112.21953072184839,86.31871531665479,119.53086377282486,105.50384237848792,105.18264937678133,69.58109834475432,63.62876741962232,43.46281515076535,44.01307437542952,64.47065609273429,87.323446081793,75.1525647087004,80.17093711322889,81.93193545693896,0.07373668557103154,0.07348129969628286,0.0737478234074099,0.07364204090129825,0.07379471880797915,0.07380679435641307,0.07402472316477485,0.07429964692251345,0.07403188999513446,0.07387303676895435,0.07396833060683179,0.07389967693392296,0.07359374816700927,0.07344409704276578,0.07345273531092898,0.07319923212929567,0.07293711742341695,0.07263881873866887,0.0719195588839206,0.0714361025914729,0.07170916939958007,0.07199096352347845,0.07200923050126606,0.07245517053276082,0.05412809061274859,0.04354026432118186,0.04923928223437505,0.029756901944296376,0.08166496218076863,0.16623011587236994,0.22589393663172644,0.27845154326304805,0.21877238012961292,0.21256682896611903,0.18365605886242825,0.16015562106191605,0.12322792896364711,0.1740040786722959,0.14217173851919793,0.21265661727648233,0.20145635697799893,0.22137516543017474,0.2710986400296981,0.17811467330658112,0.14254917757205035,0.15492691677119338,0.1378008126908746,0.10021764005689102
2009-02,5450.084772059054,4739.400364301688,2263.135392595824,1304.442306154695,3024.9419549588497,21181.828862885875,22543.8626996874,27196.102880743718,25487.47122799631,24595.818861877684,25159.031330865382,22477.860522787043,29229.498102140857,20795.64097980002,25632.901614624698,25146.51508984463,31352.885440821443,27168.861459268523,21473.10942837952,11378.137078256117,13665.862805668055,11943.79917672653,9738.12636776003,5996.895291554235,4.325846944967168,9.300130555563214,-61.552510872623955,-155.0569705630242,-136.12173742081168,6.5417318286253305,5.21567295113735,-16.44076541255106,0.09947942661617049,-3.141604361798983,-2.0180607224220353,6.965552959172385,-7.418934440096592,-7.317647623553512,1.577160068182394,-3.160189488967575,4.114781322552716,4.46766357386187,0.28827430226539263,23.22616359143268,-11.765418703300043,-7.128690133948737,-8.201583925331022,17.987148912775638,97.89491633704239,122.87751906194663,132.31802355676638,114.74053855462981,107.23093533438244,73.96266325285306,81.46701589128247,70.14517756613365,59.85647258526068,62.206193713069055,64.12081338336267,63.41525637930558,54.90698644161077,60.66602477607589,72.1719539341692,54.95186737808336,46.78392036349762,46.84270703992417,51.532578359674226,90.27459240169716,83.12899440154362,100.71514554899494,91.90472461482614,73.6036399115939,0.13389774224795742,0.13572308102208025,0.13427877710510433,0.13432268635917607,0.13433901507137985,0.13496343959510929,0.13466930990728912,0.1340969721475472,0.13370671176587554,0.133430781854385,0.13237262921642073,0.13128370766073047,0.13077672890895253,0.13055933504069128,0.1313770238802614,0.1310866224752215,0.13026650467046796,0.13074376337351729,0.13136005365335066,0.13194861725823404,0.13303774953609376,0.13389948290454137,0.13463000381259618,0.1350601570868448,0.054065195805561454,0.04365195160001877,0.022451740001470828,0.01294031514157768,0.03000781881986635,0.21019340622491717,0.22351139318615482,0.2696795521992457,0.2527850421117803,0.2439755117669366,0.2495726200733362,0.22299662914394536,0.28987891281016775,0.2133966627424609,0.2539819850311621,0.24970151008879918,0.3110145367075668,0.2695323557327441,0.21302404062029076,0.11287938741314882,0.13556831389350085,0.11849060111387538,0.09660835043860776,0.0594948263776568
2009-03,6827.431892759096,5167.438372919734,3000.8527424961494,1597.801187091613,5651.581434846861,17665.670243643617,28355.091675373504,34969.439257943086,34758.53215907435,29980.289059112,25034.276685190132,19080.31038731455,25342.798946286217,23183.316109293257,25487.457330096255,38248.722342312,41088.45001989671,31561.3972252222,22313.68429355098,13317.292509837369,16745.93748439208,12645.10796399839,11756.311468573056,13384.248578649447,0.0981021924888239,17.742206515004113,109.39372128422428,-22.203124002932896,-119.34385447262272,-1.5017353874342518,2.7705958807315483,-6.927643527217867,5.16085301633214,3.760046680020565,0.8455504415471182,-1.9959999047800636,-5.949939296108994,-1.279245313572119,-4.533558647573159,10.25020314955674,4.771987585216522,-0.0887991164816242,-1.1168987457551793,0.23335696237725756,-1.8129997444969206,7.99765309069312,-2.9862148719815025,-6.950031793288446,82.12877982502471,107.69722386449773,160.37717610168175,121.25314569554217,110.92651492859586,86.1586803332218,59.5850738863606,42.96451987581867,45.52257111402763,61.25348463297956,53.85785227084263,67.6066619649069,48.74649664680388,78.23883965006027,68.93215484471652,63.338184221924095,47.8405359940012,51.92137052985588,37.02703806872444,65.70105323520913,52.629745098952704,67.04295180840981,73.4852136432909,68.79691085792331,0.2031037100607305,0.2046582653108996,0.20333092358853527,0.20339147013040984,0.20370429685853145,0.20471451683470732,0.20649992042495183,0.20811236680478046,0.20884805639749868,0.209027444923348,0.2077522055953287,0.20706517784275658,0.20689563857018994,0.20816330174993633,0.205732679704701,0.20452643545416305,0.20307173536651502,0.202871565595715,0.20235567475331145,0.20228398087796112,0.20290274308287284,0.20345277153845895,0.2047576235650796,0.20670677362813905,0.06121959082524831,0.045768171259517654,0.026889088502463677,0.01431240083578044,0.05063104247823121,0.15825360938175528,0.25405848993131636,0.313346229903716,0.3114560604158169,0.26864064335506593,0.22431911226580065,0.17097578091551044,0.22708601206835166,0.20933865522998873,0.22832470571074098,0.34273048694302216,0.3681915411157923,0.28280573176577745,0.19994769428884301,0.11932471067250447,0.1499888678841907,0.11329349185522168,0.10534308321123487,0.11993054280549456
2009-04,6275.113226612804,3954.47380490246,2985.4676377486385,1584.6577526629185,2731.0121470953936,13769.599288420033,24066.28424271696,29203.856049906615,38311.41765344314,45349.53698446591,41640.676040566985,27699.512104294852,27076.67091512761,19586.310948406648,23410.61659256668,28488.591523810337,35863.09142026699,34111.879958620986,17827.74778582927,15167.399070619002,16111.794373842782,17577.21900160449,16938.613715313382,8791.972543668251,11.633431306113692,128.69249324616817,139.38729962629344,-179.18124050707726,169.3857403753634,2.820960673393529,-3.391832352777925,-3.930948471887035,2.6785822350168473,-2.737809052471306,4.078684535815341,-5.546633406464537,-0.2869828398565062,-1.0545114323452935,5.470817029061351,0.10599368286676736,1.7805940848998887,6.307946240263391,12.040379236403737,-8.28447879194377,9.750757303758405,2.5863744560113275,4.429192585053755,11.580697006944717,83.82306000918649,169.26035506121448,143.04121648515212,125.64175049261956,127.0686616906631,59.8179290977307,49.952985936858965,44.15115665084306,37.246718656811325,39.30737961599681,51.73890644884515,67.92730550652564,64.20344501631077,66.93029667287695,68.11155577079572,58.79922394416932,46.64224937748171,74.41813686674217,79.45637592011623,75.23106263941646,61.900802856940096,52.46639421660435,66.87869786550534,73.05594056598011,0.23148258264021127,0.2310287426767643,0.2306429714979482,0.23059357766682362,0.23073659432709862,0.231140941055464,0.23199632099220147,0.23492863485494728,0.23826816276187845,0.24199521296320667,0.24507432758170716,0.2458372735845452,0.24462783420439985,0.24286746270587506,0.24161482739612786,0.23890444261099922,0.235161477057285,0.2318972427670502,0.23084541395360755,0.23004280114958808,0.22956584713280365,0.2281154056053774,0.22645730780958734,0.22603243331291792,0.058181820696684775,0.036599242735454486,0.027642872184667076,0.014673260067921107,0.025286986338167273,0.1274955664056667,0.22283533964103483,0.27040393255857115,0.35473929223949374,0.419891746675361,0.3855631533439643,0.2564769639398708,0.2507099158613171,0.18831906562204312,0.2167047713013142,0.2637854591950458,0.3319828118405801,0.31585074034957655,0.1650717388005315,0.14043886585332746,0.14918338371537798,0.16275045186385673,0.15683690488058333,0.08140572575655049
2009-05,12798.848011765838,11393.186295179396,7668.949351572412,2448.387701262654,2472.3273171052874,9191.789496122796,15168.321245818994,20520.67960729222,25195.606204301206,18898.560380161587,15730.626352968871,23879.00415739968,16731.849237700953,15468.843898490963,20472.997735416757,21679.313569925776,30606.427010975614,33238.15719533122,31809.520608812796,33538.86959575587,30204.989919656862,25904.144176235837,22734.168444111692,17749.65912616699,8.651523294559809,-27.125080558989737,-0.49288783134917935,-80.92699120703182,-24.613323982623058,15.862426192317855,-1.1397301785467278,1.4187625835569975,1.3360131952268546,-2.2166665267913004,0.22097213316129682,-5.100761283048939,-7.822295843713164,3.6498373354377804,1.0853120188545518,2.519014876328157,0.8917036937904186,3.3189664688971448,-4.917876245094732,-3.303615108073558,-4.872009603793572,-1.4951632679347995,4.121696144629539,0.010790023428228324,60.91979028350629,106.62808580243993,87.30965098768158,106.37312887028634,127.07964805006382,65.18697804194308,40.84341650261763,49.301984583445204,48.89407986279556,54.52929884429227,83.32649860065841,76.22346410003621,80.19793618616413,61.575893437226135,50.7778961748677,61.52489834589282,49.63102448134722,57.56218593510933,54.14139966485282,44.15059234591222,45.40775913118385,55.17887965938632,43.21120295079653,70.95586997244624,0.0681143396063158,0.06812595287919931,0.06868033073648731,0.06888701908465589,0.06898843198660008,0.06907863403839654,0.06893233698730424,0.06849843453095676,0.06797149383841038,0.06794526663586352,0.0688653226082125,0.0693791860605919,0.06897653412621443,0.0687041953900509,0.06817030910045509,0.06763153596542117,0.06788193843829568,0.0679871780801083,0.0676057758839113,0.06756487694036627,0.06750590113388417,0.06812969010851334,0.06893089762384216,0.06962675803060545,0.11458517902870835,0.10319053520360591,0.06871630655683982,0.021936108387395906,0.022153466870101828,0.08236391845325185,0.13591697792426713,0.1838770574054559,0.225762751860511,0.16934226473252567,0.14095543324584736,0.21389985249774962,0.1499269644791141,0.13860982379424222,0.1834559409736604,0.19425907655401692,0.27424970477752775,0.29783595886544584,0.2850255554558247,0.300526939132388,0.27065403154574236,0.2321136154282828,0.20370913512554545,0.15904718127389988
2009-06,10845.021640342333,6705.990956025658,5471.030477079507,1671.0009534681521,2090.2155886355313,10266.076386882245,20599.5326925295,23952.760099342322,23228.584073612517,24493.894452689336,27160.998172888005,21123.866105505265,15846.95930464705,18993.702397790497,19843.598676974747,25467.85575194921,30998.225931631707,25812.677056153854,17648.772254018786,23818.090857654486,18495.873908205474,18790.11203048235,16027.490746994146,15213.055133469388,1.9860101587263728,5.045322342857077,-6.224885895719126,-149.46057288355448,-177.28185421295078,22.575972270121014,6.2098134603714925,2.6249817904571557,-2.870287900333551,2.9216818711457506,3.8459459871205013,-8.554988883683848,-8.600138898132059,-2.2884343366410462,-5.526549146210527,7.529329080993932,0.423619950395846,1.4014948068267188,4.57080667500756,-4.1648559287518765,-1.8296735925711118,2.0727027543597387,-5.624523972277245,3.1849501406479988,64.33452272710205,89.39070923189836,94.03514422183603,122.42306079734179,141.3098209136718,73.90067312087102,39.16874848652755,37.502952390520136,43.35613376901624,37.682664518372604,46.899450981294606,79.17174715102755,62.91379338080481,59.11005433048872,56.00277307635835,45.97827854609532,40.82335887552691,46.50826147118227,57.11989156113188,42.987192544276475,45.596152736281155,43.01094190827456,55.348124269513235,45.747357421524455,0.05674629702187575,0.05658231430511856,0.05623030103131792,0.05618071785612255,0.05613721113019712,0.055967135636814075,0.05563899929686912,0.05534752237361852,0.05536838073968651,0.056158062306343785,0.0568434955222806,0.05689897851914505,0.056854777385610844,0.056736100073941434,0.0566185728860875,0.05620542183898452,0.05578411345699477,0.05555118019927311,0.05532036074136135,0.05480590000187134,0.0542191729680236,0.05359240122989702,0.053332663073561715,0.05316703694140668,0.10052126344317705,0.06136686821294129,0.050657471164212896,0.015472231043393025,0.01935384806312133,0.09505626280554441,0.1907351322784226,0.22178372975257546,0.2150786155137903,0.22679592642373614,0.2514907238098551,0.1955913528464689,0.14673110468421297,0.17586761480815916,0.18373757125282641,0.23581347918807113,0.28702061047079014,0.23900626902709918,0.16341736991985328,0.2205287804958019,0.17125809174818454,0.17398251876234758,0.14840269213188237,0.14086245428837807
2009-07,18062.972329843284,14809.783508771749,7213.100319070557,2634.1418192647334,1925.0906028031295,8241.442839278328,15496.989960429375,15933.597377043743,17196.358653531744,13440.793240205117,10129.926816308625,8874.541890554014,11594.548918243056,16188.56757089443,14314.199440482538,17639.66612520408,21373.809529767437,29161.544492808218,23892.259166055348,24075.78357026239,22673.07660826098,22113.452312834615,21618.13426047952,25713.11569575811,-0.14026177415294683,0.8319729918571568,-22.35610027197734,7.819059280075891,-149.69451529816507,-0.22256621364113016,-4.620601222680449,2.2452366100839356,1.75623578365321,-5.08944460364566,4.126942508023177,12.386136256789428,15.892751293087656,-10.380457240980633,2.887658573548947,2.103831841581581,3.9678834369152582,-1.2398527154145995,-3.393065549832045,-3.9141590355978337,2.3116674718826857,-6.3265157604012074,-0.8771546271569832,2.34512734436845,66.68451383347801,58.91182280418075,97.35512511650003,123.12247464511123,114.36240094609987,72.91378494233794,43.76669444133255,35.373573534236975,39.91765559934194,53.177315122557324,67.5028432635641,72.44051361791112,63.73557175251534,59.14476075217161,50.8612557081509,48.99004037125248,44.20267496669676,42.3825936914698,51.39307962943206,42.77394581200864,56.30002605700735,44.415376414662,49.036422639102724,52.20169005398603,0.009189103860628425,0.009387801602465405,0.009830805223018987,0.00995893634438831,0.009986275328760605,0.01006840094260012,0.010095000090596173,0.010088364592416365,0.010034424211232153,0.009875657414920708,0.009689211813027588,0.009535966826403357,0.009534373892634002,0.0081961313593776,0.00954875987790118,0.009327172263387497,0.009159786804611459,0.009067698763858389,0.008965283320221572,0.009037301326933578,0.009212744200620787,0.009308071189529544,0.009281727056647194,0.009177196199343167,0.16186484165852608,0.12580088247595078,0.06463512785051206,0.023603018273944253,0.017249915842540275,0.07384805157608619,0.13886191717749158,0.14277417004869203,0.15408923524853843,0.12043721542171057,0.09076962448845381,0.07952147772808173,0.10389304602863124,0.139519981970183,0.1282639895866146,0.1580615243951321,0.19152435305625815,0.26130569086095334,0.21408834376957708,0.21573282768095706,0.2031637688861541,0.1981480886447593,0.19371147323666843,0.2304036200930301
2009-08,21160.827749080552,19562.59277901282,11799.10608509081,2895.8822230292,2994.587072118075,10197.462033078256,15387.706463089056,17113.20808091141,17426.981828599623,11094.234227640045,8306.130689949401,6095.949000173961,6418.939350004873,6826.176324781711,11277.874151475797,20956.645019772404,28057.448495231536,24699.374599737755,24044.94827330126,20587.25429031444,24277.21267014186,22636.518164381778,17876.666583272006,19923.597943285138,0.6044066857160999,8.14329207413897,3.7678481383545943,22.980888903910568,-14.792866778323912,-3.415781424844255,0.4839066897117732,-4.007189183363579,2.70740870150442,10.388841201332411,18.016252010261354,12.868960831712258,-22.479391484216364,42.48158668616395,-4.746247354501378,3.291044323675635,1.1850670955163594,4.671526995750071,-2.7656883771772414,7.991878558043851,-1.8810797953433678,3.8048090322743917,10.549202194583643,0.8524285398907239,53.6830658018827,57.52693481256812,72.24221530193829,150.50949894096624,126.39452704244106,63.90645654501872,40.86101341831861,34.365317960168284,34.91864742351212,63.93988803801321,107.46908635796082,139.5062464780597,139.5407705236409,125.84735533152386,66.6109844489746,42.128581230948704,33.33760356243683,37.70862517877883,56.30287012547933,61.128794827867374,49.95309343252131,53.33416930155152,57.46441950181217,63.70394925609087,0.008332836278234345,0.00851772670766607,0.008690244556041983,0.008732515838607829,0.008751321117403569,0.008873125141624262,0.00903632030555525,0.009074764534470115,0.009015711484731128,0.008848163074727093,0.008634508199892943,0.008557314146188419,0.00844455583712169,0.008391173915567809,0.008328519857770248,0.008107211528559402,0.007635047764194868,0.007317687412083968,0.007353715960741246,0.007390086706246505,0.007421455139281166,0.007497153543903706,0.007747945077247764,0.007954934397513857,0.18969302909126196,0.1762314920657378,0.105726575951078,0.025948765473785936,0.026833498225503884,0.0913854396910467,0.13788267440376628,0.1533429158248862,0.1561578791533379,0.09941065461499049,0.07442836961197997,0.054623154840369136,0.05751737774120672,0.06160222587898533,0.1010564738535703,0.1877835575333609,0.2514119809870805,0.2213207941891237,0.21545596919021895,0.18447190327678295,0.2175377597906736,0.2028361507923895,0.16018437346502404,0.17852686328970252
2009-09,20099.05543984976,15770.539560114921,12148.087661330492,6351.048397172197,5793.569860367327,13508.941874976248,16506.410219307323,15235.608889065776,14745.199196420688,7021.923660471897,7514.254074013748,6199.293942676537,3732.829703663672,3136.988573537446,10239.202652266229,25756.72592531156,28778.868543154953,26233.483560642915,26464.603322531206,24200.33519214436,28921.883321309415,23364.957283425192,21318.3027465517,21754.068573964592,0.9085559556714884,5.9609427449474595,-12.035383055066745,12.89229172948535,13.057368520483664,13.112191829700862,-1.4694028513763158,5.433033619334793,-4.911877860440484,-3.4522638632087137,107.25829023164863,67.43462616154119,166.5009634940319,-117.173764097526,30.011200015717463,1.1139858795872328,0.6561691021520915,-1.6967535160162015,2.7012786679902376,-4.50685192812324,3.651372406524473,-0.27900524647910174,-2.6333766419719495,3.0942018133037834,61.349811247682325,69.89002710540828,81.2555140707463,98.49950531909201,88.2710384409998,57.93397408488174,40.75622931016392,44.367316574306685,51.382318816421474,82.77688183989396,125.18341714128196,146.06457494982556,130.64882478542296,133.57587923973426,93.54655610131755,52.6139183611979,31.651751700433316,43.143941263493,54.72208751336068,54.69730440741581,57.74065060411498,53.78605451369939,58.9003653425438,54.349047870791345,0.006576110565579337,0.006571407008865438,0.006606587353041224,0.006636189689333305,0.006647880878488076,0.006719327614619028,0.006782317425981022,0.006767769618281938,0.00677642678418441,0.006702928604251928,0.006690650328965088,0.006675790032552215,0.006686984042393405,0.005943493756554506,0.006723964069718749,0.0067331164202206525,0.006880045946230364,0.007087360062856505,0.007232192292053414,0.007379340661734251,0.007189306500067079,0.006960191896160128,0.006845564695281881,0.006653334125491586,0.18613832857833187,0.14458795983064285,0.11248140583587075,0.05880600367650487,0.053644165386888334,0.12507548174114572,0.15284136115413063,0.14107045268790275,0.1365296221802485,0.06501798254803151,0.06957620699822195,0.05732128369968858,0.03456322908414941,0.029605228468612445,0.09410488839718159,0.23849029342135936,0.26647100503116,0.24290286676587383,0.24504262497135323,0.22386497248466103,0.2677952159231696,0.21634219707746274,0.1973760530292278,0.20142570784467473
2009-10,26920.781207772565,17821.301719011328,13132.35368018107,9044.380494071318,17398.917668203463,25104.108391527174,23000.58198346132,20787.13130863962,17797.748950504036,14512.2085067556,6367.489546860256,3568.0652319317956,7611.984180422717,10173.154746026943,18359.93088094734,27551.83336533122,38814.588861600394,36510.030959982534,33293.84438060653,30962.031545262977,28815.564569538237,32010.940816855484,24494.9849559838,24505.648870663805,3.516224076507058,5.751572482094019,0.14965898795909993,-13.003372735173173,-13.147600475969028,10.081388044221228,5.436912845579087,-1.9591331810917154,-17.36947624080011,5.561445605619156,75.73051381579921,-114.20164438434277,-139.7371114569757,-154.490696664134,5.760801303366634,-2.255743864438159,1.07966673974488,7.230095924246854,-2.8052419156601047,-1.4750862385500056,-0.9696866488353066,-0.801698345326173,6.147465484223318,2.264631898388643,48.769557686637924,64.30590719092476,71.70671981606668,90.24097816098735,70.90178332539348,49.82298856964038,52.996262357023845,64.95812473419541,68.83316363471626,94.01942428688623,160.00858082912274,131.99367654749827,120.53439513608615,125.65363527141886,83.64162958346057,61.09199181668121,52.874679876291005,38.17942366023848,44.16890934967783,55.44333371642152,49.21078003272606,48.59492936041441,52.40104453989968,44.27644724471095,0.06007894327079393,0.05727893203445281,0.06188843788509583,0.0630221950427638,0.06302896341011656,0.06278300841972723,0.06268801098678296,0.06281963119039297,0.06355193591075899,0.06375809610138292,0.06401612710926663,0.06413538289612611,0.06433044527222367,0.06235460954626138,0.06405480330264737,0.06341685529545414,0.062036968813110875,0.06092950763250395,0.059829226492781405,0.058844105534471725,0.05825367308723778,0.05885315210223241,0.06025368387967388,0.06129525327468889,0.24149923362170345,0.16014191368709646,0.11482935925687938,0.08106639615652993,0.15590936784841344,0.22494720779329266,0.20610969825896763,0.18636284551735463,0.15947707826401414,0.1300278558081992,0.05705978297386861,0.03197191765007158,0.06820752503116477,0.08401957457597653,0.1657738227604737,0.2468774061434637,0.34780244370092,0.3271483144905317,0.29833193888591586,0.2774457771158506,0.2581632665328222,0.2868363872503897,0.21948911254110778,0.21958466728778367
2009-11,18355.89386518632,21186.776010972888,15112.491772311196,19585.465723115296,37499.66830781468,33790.38126116664,28527.001035020952,22808.724160029073,22020.53247312286,13579.974554256287,13132.782708279188,8890.545856312581,5549.506998128795,5638.829615293663,13472.684181008493,27265.527755927294,39372.61697733534,43481.437467816606,40129.028132518106,30974.412205107914,29222.69784648223,31919.03524479548,29775.281503163675,30905.741145002896,-3.433526368492693,-5.346343149704097,19.250376385056796,9.944468485659684,-10.255515799310558,-1.2640940633836237,3.8766907306851124,9.631885023920972,4.219668697232407,5.706869356649776,13.327168823309165,67.63707800257106,-61.079902649878306,106.14040634266655,22.908130418505777,3.173405407339942,4.29838345697388,-4.011047757695394,0.3105463067633423,1.7525475404286794,3.697277735147651,0.12482409945491213,3.504420676833263,-0.9766570902931733,76.07324458270405,84.89804854421395,107.0261456094391,88.19645453764264,35.60255763480167,36.78804351455074,45.23106673449387,57.328255960816556,74.50783370765546,101.05819673955729,114.77857837668854,136.10304975516325,146.4174218340296,126.43166768114703,102.82043127605678,66.76716562086449,42.33968241253672,36.28965106425437,29.389464843754585,41.215159455777304,47.70730865590517,47.30451583418018,44.32170659019788,51.7321411162094,0.06625165691843421,0.06611631453539214,0.0667128013274708,0.06753599052184442,0.06896561754570608,0.07091754533007776,0.071882034787259,0.07233486334672724,0.07274103905162413,0.07311937070580583,0.0729492515258011,0.07260541198886364,0.07252327908690909,0.07210957875325591,0.07241462108694155,0.07138186923507991,0.07064336670359556,0.07005263734415934,0.06984336601142348,0.06958604754985721,0.06847916598149006,0.06723684362006169,0.06716665161999463,0.06696636219846058,0.16999346508964927,0.1839169750945081,0.13993005661032015,0.1813468773637562,0.3472191510020676,0.3128747742169123,0.2641402118839757,0.21119068213914466,0.2038943473864921,0.12573874369396448,0.1216991668117454,0.08231497712432109,0.05142599110526087,0.05321411347976108,0.12473843413657996,0.2524585903450986,0.3645612683047375,0.40260590247378875,0.3715660287853113,0.2868015278645987,0.27058051249774095,0.2955466226057336,0.27569705094501307,0.2861663648181493
2009-12,23238.4740237232,14619.892652447668,13055.36411432124,19857.777438618145,38283.35749821015,41095.365105746925,34107.169528393526,25933.20842613202,21442.726215572624,17370.779008539266,24117.140764197644,14821.84083812088,13759.926622523626,12181.13664592427,10056.988659342574,19575.049530349334,31897.2396276689,40757.19198041155,32822.79724420353,23248.22291660159,18460.99694094519,24350.51934791498,25287.092574619917,24660.839588767227,3.629076140162937,-4.890839544590051,-20.49537286058481,6.896996626322476,-5.208418425923611,0.40652485609089695,3.1029817620550375,-1.5376390584009698,-2.634451499049703,-15.82326722834597,9.740851112670128,5.801072012456132,-0.11418451276929886,-26.21070474555256,-27.12692394526806,5.695197499909938,-1.5658638823331046,-0.11406883101022913,4.7321132769440055,-3.8302417550333416,3.580642668520028,1.4990003586774208,4.623050375542476,2.356282087508106,56.927615333532934,86.23919085751096,82.44706948484263,71.44538452651739,50.489526390693975,46.80296957823141,48.58123823550491,49.08939563756102,70.94603532532183,102.7352049867485,88.56224309962059,101.97781908705406,100.63371982178069,109.33695927723423,107.22815412469234,70.74382225676243,38.757476957588715,31.089086798262873,34.45839982759191,48.649680260801375,49.74210294845632,61.5773612449853,52.160457172377924,60.36735069732566,0.07367987007793927,0.07369775537604607,0.07375368207602455,0.07494954321366024,0.07671556863216467,0.07798822511001705,0.07911627509568632,0.07967792770552296,0.07950935223593113,0.07913395377697667,0.07825541565373455,0.07751604594119693,0.07726820081371409,0.07679025546380593,0.07686493465085989,0.07687800336205433,0.07598308599106474,0.0753840421410271,0.07565137585854505,0.07592279241771192,0.07593564816102638,0.07550563109981097,0.0749145453803223,0.07478552015467453,0.20828143446816258,0.13181378105674274,0.11055738187953977,0.17793790983730354,0.34304206649825164,0.3682367216267931,0.3056210974978433,0.23237641958738056,0.1921370874404085,0.15564282746685404,0.21610222391076153,0.1328175902982146,0.12329111318168116,0.10762190514463614,0.09013406799220909,0.1754036871999468,0.2858175593770001,0.3652078134258363,0.2941110864086265,0.20831740969806234,0.16543096619129666,0.21819461779160026,0.22658683484730693,0.22097526512964305
2010-01,4989.370101451894,4292.817581370309,4076.837724401854,4629.829041532519,15824.612114322068,24015.07797897912,29305.69735052792,32491.70343516276,35154.26949693599,38309.70018412754,35973.216707636195,28161.51388282629,23606.126741963293,25204.75402990479,27901.90888474826,25836.63706619514,25530.660846359722,30270.546703242137,20732.18983590915,8421.12848207472,8270.230005782812,9799.964545336581,7780.979429374701,6415.669419581935,-7.696080866698537,22.88052912214914,16.55478507735458,102.0519132094887,-2.0866269730707643,-6.151123591397209,-9.513890708035774,-6.040230054917913,0.14744309353713447,-10.132237017677625,4.522996647242763,4.547899686418276,-9.18825880814913,-15.93563302503236,-3.8407318533894284,0.43504656792845253,-5.98868482794569,6.033335988140237,-0.7437958540288037,5.099447415199251,-18.45632927673708,9.718474134859093,-4.300658532239453,18.916424429604803,95.5374094813622,123.40532138372139,127.23748867182451,168.63298580053893,72.46081728912468,42.846130038919924,47.25676093807324,45.39814955142475,53.01826357856488,52.08200064714897,55.3423802104575,59.86056518382738,66.81234858108087,62.092277601936566,60.943175874898714,55.111540712202824,46.493949359360826,49.54324376477031,44.17738178632639,58.834284656449235,64.01710579000127,64.68964984606421,59.1132678578572,87.08534048428378,0.13704671794614054,0.13604469739637579,0.13694909425564822,0.13665539213156747,0.13594829360502042,0.13555045301368127,0.1356174643621213,0.1350328828873615,0.13511253625468575,0.13570855148494151,0.13798500253354923,0.13859636498655928,0.13789105337770904,0.1368363426712157,0.135893364684331,0.1357091717527267,0.13595761422282956,0.1361613173133706,0.13623345896534783,0.13585222568874164,0.13566080533003352,0.13579725030337486,0.13617544712924692,0.13632190446556577,0.0447085418343452,0.03887399289927083,0.03652482124957623,0.04150431373185063,0.14178862714843973,0.21519203476194723,0.2625958543958766,0.29114684094699445,0.31497616175666593,0.34324033892331923,0.32234652942622793,0.2523357952971891,0.21152853246589226,0.2258706951568513,0.2500203847162564,0.23150832116022876,0.2287710623994808,0.27123808969192337,0.18577231036468567,0.0754580038396363,0.07410674713325405,0.08786455824620185,0.0697218426534055,0.057488373544589834
2010-02,7939.724765045597,5774.911112699794,2433.4483199387223,2288.8832479925427,6131.061326396964,21592.60020220386,22963.984812790663,20524.008491527384,23099.809208150215,18668.07569560722,21023.887883044194,18575.78290181595,15048.38184091338,16017.081151178085,17256.298426582794,20557.199471610398,26551.286670778452,24048.688688257105,16877.898727953925,11092.419781553708,10927.87314530631,10955.77618628762,10501.008252262476,10445.475507647952,-9.963852522030834,1.701740922247069,24.343411753508292,65.24985817586747,27.325801707067768,-4.289320983737639,4.696517673621457,1.920000117568435,-5.231617878644784,1.412480938396925,-3.869084416928473,-13.651167044974244,-16.345405563971866,-11.87435731828046,10.325802551329957,-5.957478328412293,11.795106700813164,-6.25109194155749,5.748795561072114,5.555787503078534,-6.875927654895008,1.2824451091557023,-13.290062160777552,-10.768439338372048,76.94520423183039,87.14047740894692,124.2136656130011,126.52924754841526,120.67464506797216,54.42501760244767,53.654216022099455,51.852665325624095,47.02929210558136,55.76679742483878,66.4014724408558,65.72727688535701,77.9646884066816,73.40071256622856,70.96703835471155,72.40047809000572,45.65758525138325,37.80588355757905,44.68890955172061,56.31654342793747,58.21648230502653,56.236541812404155,81.65497840840919,74.49537985571251,0.07859109608772458,0.07758133376725265,0.07895412138420758,0.07890072576536666,0.07891505606570351,0.0790245960357656,0.07883888382370793,0.07867708295415714,0.07926439292262077,0.07959856039467147,0.07972691861714108,0.07935443329847203,0.07926536949589422,0.07796393055995343,0.07937515583789294,0.07852959321980321,0.07755479454868104,0.07666392835591737,0.07603209296998699,0.07602873780381977,0.07662342758236117,0.0771344975015276,0.07747440610576135,0.07838267469743145,0.07875970092004098,0.05323102987164176,0.024140187512911453,0.022707657648110197,0.06082395035223716,0.21421471871772418,0.22782137921746384,0.203611195371708,0.22916295191485964,0.18516452429251173,0.20858046304430344,0.1842625248535757,0.14931320547488344,0.15866192356096917,0.1711934367563005,0.20393627319163438,0.2634065027351906,0.23857517308743173,0.16744751651845688,0.11004384705332375,0.10841320153854546,0.10868838788909325,0.10417837851078544,0.10362510144602753
2010-03,14424.42694172349,11826.047337761704,4744.897259246699,3039.083794533021,4422.795823176389,24548.447591514658,27283.56552611334,26400.569726656893,27818.094289443216,26983.985977155637,24939.14214008412,21753.44925067535,19823.090240653335,16341.45003429098,22532.45720565108,27932.13780682591,31429.427234897426,27689.911024820507,26071.817532360634,20680.411871921264,20844.044462555725,18807.276853636406,17806.87873679691,14143.1048857367,-4.961055594918605,-0.811025525668498,29.410868775021157,116.95330799097957,-59.2039153100676,-5.557235357849919,-2.996757566924856,-3.43203421334465,6.52142273140052,-7.012354490253784,-4.351418338496529,6.621944458490162,-4.228434997460511,0.8165261483732422,8.852526216557607,0.32247524447825526,-3.441073906842945,10.476947686517889,-4.333394589273183,3.171710890266894,2.795726374609245,-0.8479253512753928,2.535899103379677,1.1470396929291837,59.91215126477715,67.3983335501147,105.69526997999895,170.53649115672516,95.31888961118234,48.20832238494874,43.11911457491594,56.478907953152046,53.76593960183007,57.6026173838474,55.38426184577543,61.12988662248724,56.650322595969335,58.758779662609335,63.638304946948004,51.006421816255134,44.571206699807284,44.700648441822096,48.63293192058057,58.27907888826887,65.01368354836039,55.23284825419653,51.93396278792095,62.802102906731996,0.14836574304278688,0.14940252292399625,0.14898964965210143,0.14906717312445386,0.14917959425962896,0.1498972274017712,0.15138116935151838,0.15194576084581263,0.1527911339128428,0.15368017889582547,0.1537498932208162,0.15363531804923394,0.15348550935405567,0.15533197094891266,0.15366546296151187,0.15277746536453826,0.1510378049264595,0.1501850739006575,0.14899868655754916,0.14881525629334588,0.14840392290842236,0.1479163572299443,0.14742255764284723,0.14748910998771958,0.12929892838506865,0.11294829694815314,0.04047051710346986,0.027230493393552702,0.0396318850472898,0.21996816837491479,0.24447304674148862,0.23656424485883348,0.24926482538287395,0.24179411611250726,0.2234695533916577,0.19492330805215446,0.17762625662408293,0.1530583921614661,0.1784622387181541,0.25028797315214174,0.2816246310506205,0.24811748229856964,0.2336184366588736,0.18530835009613547,0.18677332210581665,0.1685241050821755,0.15955984530349487,0.12673033054279056
2010-04,10972.229200782342,8736.892247392781,8079.868623397586,4463.141471452124,7060.049976370306,16440.18889779154,19503.305599371022,27306.274838373232,33476.75784860029,30248.332963981018,40485.32069962874,20241.755230817937,21253.641796299795,17838.364487974944,20113.285012459863,22839.78417241797,30115.126008778218,34916.245103930276,29077.783354599735,24345.50124215752,20648.66207760692,17510.322253060665,15226.995399055939,15330.923025280692,-2.9442755206518143,-1.0178544571754173,10.913828672803817,-11.222468973420462,13.334589636705289,-7.616530031565475,-5.031270556836091,-0.4882702501901406,0.4148096211495442,1.3616024167560568,-2.540386879036163,5.163988020286041,-12.694314553805725,2.7208322234094737,-0.019599931018177585,-2.0224583028114296,1.7738955082355687,-0.6620971572305336,1.0832173154404359,4.196484030108309,-2.5664475392206327,-5.639254258776816,-2.0862954414878345,-1.3454561077580252,63.122286986338274,86.28386739742145,84.13626851493464,101.20988311896473,84.95685158360266,44.230039577594816,45.78206574707319,49.66018486468831,43.31406962011878,47.364410680154485,53.294803933244324,78.48749639593308,67.88588045891862,51.276849066200015,61.04726621873379,49.0785391709421,43.588718373243566,31.037368505695035,38.41590004426955,42.466457017036184,49.13521083513595,54.207189501378,53.35947009007313,60.1821991185573,0.10053852813960469,0.10460847333691081,0.10392152316558342,0.10413495663533014,0.10429372745890128,0.10455951534022308,0.10541456967538299,0.10659498486775586,0.10815612353337337,0.10936065016327386,0.10886986218113208,0.10772362514972539,0.10696045489374197,0.10992163099018484,0.10637465353793277,0.10642111216793883,0.10658817959449175,0.10625494797973355,0.10644822784723482,0.10682826858958888,0.10735058233903352,0.10864414784760551,0.10928153188427057,0.1095794003222796,0.11286221360111219,0.08350680399362094,0.08630049186120989,0.04767748890980759,0.07547946946756641,0.1755996844068337,0.20836866667590492,0.2917907425170937,0.3576358636623051,0.32293054291830775,0.32644492000391173,0.20826964113999638,0.21866116847314393,0.1850488739990729,0.2069216401899831,0.2349950492043471,0.3096597600761031,0.3592304428638331,0.29936103267280245,0.25052962486827435,0.21252842997438862,0.18021805856157175,0.15662146077902123,0.15771112748172128
2010-05,11748.900712003664,10094.519077042367,5180.080430927887,3636.2738933212595,5908.259116083094,14060.360349227676,23980.27994638911,30987.400041953708,31751.530680461306,24233.88530161243,23524.642828030705,22848.432347972943,14790.973324657982,16163.714177014137,16893.65853076658,24305.701311730667,24982.219490434745,28227.356423497433,25291.378919133083,18452.29630216956,16897.161081246835,16238.133472348209,14786.62266719632,16578.158991280303,5.371191482059459,13.444963880073658,2.0824091021227957,87.42808738171516,-25.305438515137183,-4.389783081891267,8.336648217248495,0.27084764247169346,-2.1663890203138294,-1.528713283110278,-5.259625975177187,4.922758275265494,-8.137104967307494,2.2733823374420297,0.2442182384746161,4.601940724099677,2.4567007839944495,2.1779942724115813,-1.3274771532277043,1.8430554728745392,2.8742984590899994,0.24969980611032838,-1.9345319436002342,7.775583047762268,70.80220947339329,71.52568675248412,97.21120597794358,104.87329383519224,104.03574015827226,48.6245262118642,41.93755749766945,42.37320725841031,45.56437412848885,59.0912049976521,60.72828898999445,47.089154074192834,72.56124485686907,73.1614988456198,55.80515161881601,41.827173560616224,33.81764243091518,34.17216740781554,39.289655095024855,47.364195133717836,48.235743029569576,47.53231409824126,54.73571945790369,61.63551870344765,0.35547439641007694,0.35848158044477857,0.35663252717740296,0.35624000230444053,0.35619655131366945,0.3562176171710823,0.3566266606467709,0.356845198758045,0.35874805290306805,0.3604255538713456,0.3601381848646944,0.35974541735372,0.35975419660408986,0.36188804571282435,0.3591583978171376,0.3578886823447425,0.35731999635515294,0.3576253993943315,0.35724288340350896,0.3574595783523967,0.3580299006546849,0.35834853045149784,0.35829177716296245,0.3582349728135282,0.10544204300776723,0.09478757894335252,0.04636792918828222,0.032575535842264566,0.05294155562471375,0.12600995580623595,0.21489870541827286,0.2776649346720831,0.2845068617040899,0.21713089182850748,0.21074416148147984,0.20479081149057954,0.13253598555199447,0.14615051353382155,0.15121525562397553,0.21786405717208926,0.22355310805134468,0.2524257046092628,0.22717848700698695,0.16558397645393783,0.15116511024559276,0.14560185754775037,0.13244418903950275,0.14862949005963458
2010-06,15645.117420602452,17186.015044604963,11057.093293909604,4931.888743985068,4100.207023819325,15481.628243567751,20258.71197218676,16903.253941377723,10677.65102827573,11494.889731616651,10626.986203248136,8132.459583674276,5734.76714278536,7962.491746858414,14010.89431296221,19486.86336991234,27383.827704882046,24356.134309855417,35218.170446561526,32365.81837267867,31031.647464963877,30211.666998097186,27819.42678197232,24326.764194074232,1.4220756605805036,4.49636364460693,3.046007082834194,3.601829384386832,25.380189211625122,-2.909026986489465,8.503535256329286,-6.86611373444714,3.8885898665465106,-3.591825881322677,-0.9793827468883762,14.780895159512909,-7.97929524960756,18.635535821938504,-6.3163682804939185,0.1025415608654896,2.0242377877189313,-1.4383098479202943,-1.2143499172236716,1.2702737917579725,3.756080635833257,1.1092959705039505,-4.362562987681457,3.7786683753481327,41.479908183711245,52.14036622410476,70.42557131077145,100.49424358331053,124.56924729826284,53.45337615743204,46.6744791771673,41.30429035993391,57.74998424079459,64.36139344329358,67.52925761597814,76.95090894534768,87.62731743863421,75.450712175367,51.81720141834256,31.43853806143021,30.94254992316392,48.41594705918308,36.750182202270736,47.707824483365705,44.02356749134946,39.30417564299726,43.47349152441673,33.51841974045304,0.12466043208006582,0.11912646726520268,0.1235305737815719,0.12323213178678563,0.12279257819345002,0.1222006421325339,0.1216682110808221,0.1208759532345707,0.12073691035137374,0.12061572338049611,0.12006366479442093,0.12002277303215304,0.12009974689474313,0.12463625984344301,0.11929292739081875,0.11848169064098932,0.11789500568080835,0.11739832665813754,0.11643508618335503,0.11520578761839559,0.11348264622617397,0.11274147167408402,0.11256712798669964,0.11152053233576607,0.14503420087546143,0.16530257815939495,0.10238057616353928,0.04566563658190048,0.037964879817369915,0.14334852610008988,0.18758100242217282,0.15651115520197584,0.09886713918844439,0.10643416419706585,0.09839802038921697,0.0753011117155477,0.053099741843762566,0.07492100699396574,0.1297305267008484,0.1804339408579145,0.2535540953452813,0.22552292183454112,0.3260941708165866,0.2996835034504079,0.2873323826574113,0.27973650048214077,0.25758728501772155,0.22524781660524595
2010-07,12940.865531490244,7521.570877619449,4640.767369429336,2470.9032010522587,2742.2280058986244,9676.991557104777,13537.277694303011,13128.472711764804,14448.742473522057,12135.66904298764,15791.884143441082,11222.682208652403,10724.992768436192,11167.705008746814,14636.125559301385,19944.802900699415,20157.429514187388,22698.40843369878,24265.38177130529,27705.26616960573,16766.79926577856,15875.85192726947,12352.24284058036,13811.504924847288,3.6856545393509634,-0.5986027119494111,18.28642073236648,114.50787272996644,-7.746005333619536,-10.39912378993344,6.920032141357154,0.7892462941529459,3.613575926160678,1.326473421181504,-0.25347981292500776,-9.699665048238188,6.349299350354784,-0.6370520728592339,2.9646339082773636,3.2456875523839415,-0.8514871364090482,5.230696608223127,3.4248007203894133,2.169250414727287,-2.299702947176314,2.1282090581484,4.434760971472201,11.823062303489053,51.49406411006387,52.5943636943154,79.53680835391609,139.0179740413313,136.74687652653645,60.12452878062612,42.03602754656865,45.41387084612444,35.406905593296194,48.49423412125569,63.38199837044264,68.04464684355167,83.94421635663477,75.21540927006208,63.04869881211434,42.87797782038862,37.45726983586121,43.09417380933242,48.96442875988263,42.58481291176835,53.34452885172204,39.34239340398089,52.87099134344422,40.267998907792176,0.03265390800156344,0.033488826343335526,0.03278499653202392,0.032868573430126474,0.03294094735984405,0.03315552697352344,0.03353148272197232,0.033932636824730876,0.0344607734387933,0.03484872580146138,0.03526460971245918,0.03573448767201819,0.03571108535292637,0.03684589673974439,0.03632323433902108,0.036658748982193415,0.03641342894384507,0.03580807786478717,0.034949843805900105,0.03418443138693597,0.03393319651911701,0.033835815654711436,0.03389490199959657,0.03372441722689813,0.11589670757002386,0.06702780799923276,0.04158393698758862,0.02214070972159616,0.024571935555724126,0.08671110792877945,0.12130177143874973,0.11763811650965673,0.1294694437384817,0.10874246155644873,0.14150371176245696,0.10056166858327625,0.09610208570781026,0.09670811255630307,0.1311481762833983,0.1787161784572235,0.18062304233606322,0.20339075657055272,0.21743083008546094,0.24825640006210872,0.1502389901165922,0.14225791081020417,0.1106831795760001,0.12376020396298977
2010-08,9193.394905229927,7773.744412510738,6615.2277905059855,2065.5363240168517,4811.75773365352,8781.4963409366,12815.159871680124,12464.063053767222,13218.844389923277,10712.972014186982,6851.140922221659,13839.354817537991,6358.338212759345,8005.482546786554,10695.93911462528,13386.13796019755,17475.57475721403,18587.598326468582,18935.31447355844,13828.455404721812,14762.00379130782,11120.978524383328,8390.584111127835,8233.012361615629,7.774744868149355,-0.3735223049400531,5.49031785653338,-86.15567732062014,23.38837986055387,7.284012123193179,-2.0245330928288467,2.985866622598479,0.7893568396726778,-3.2291560570087086,-0.4877921194041335,5.216587695401927,7.051734393480331,4.305567520282466,-0.12433553122471608,-4.775336050088185,-1.8336949789493815,12.019730858569574,6.759098556881327,-2.683297851679839,-4.85531289461602,2.3605961085987985,-0.6348008078191754,5.218287424937785,47.56872635002752,59.340009394707025,94.17373379407812,109.88238333965397,143.22538250406632,55.969830072797194,45.67529748705243,36.55556241855085,44.816626714373456,64.50374492687129,68.39714159156566,78.87075433264378,92.84780659317153,100.96602976360461,71.18222495105154,54.46942823397947,43.30435073499829,51.80409909280291,51.318912885708215,54.70302046265774,45.738010149024696,56.065127466600046,57.319712605047926,59.69470013422445,0.03295940917678879,0.0329908182433728,0.032487620657821556,0.03240280362411239,0.03226254106199175,0.032177211847378255,0.03214059250936081,0.032456419207765715,0.0330115147443358,0.03377972547835467,0.03389998373259693,0.03383834811574107,0.033910042840741464,0.03501645952464729,0.03558805047149019,0.03608521347425663,0.03591904595543103,0.03616651856829587,0.03480894449120441,0.03466496887511434,0.034607433199489286,0.03443047725205038,0.0346064137645759,0.03465669953604744,0.12161850497889659,0.1034529383690876,0.0875029906733931,0.02732188291106056,0.0636476689133968,0.11615735897289972,0.16951269672299896,0.1648685588897908,0.17485243899284164,0.1417059790779266,0.09062355719258167,0.18306024890802455,0.08410500285471018,0.10937153530476756,0.14855453225006515,0.18591858279393436,0.24271631609849906,0.2581610878678824,0.20636553927403475,0.1829160767904577,0.19526460044743563,0.14710377973611824,0.11098656230790777,0.1089057879632572
