individual,sex,wh,season,year,num_visits,avg_duration_hours,total_duration_hours,total_n_points,Latitude,Longitude
LA1,M,Waterhole_2,Hot-Wet,2010,1,1.0,1.0,4,-19.2134339,16.0591959
LA1,M,Waterhole_3,Hot-Wet,2010,1,0.67,0.67,3,-19.2053106,16.1932918
LA1,M,Waterhole_4,Hot-Wet,2010,3,1.89,5.67,20,-19.2388057,16.1310575
LA11,F,Waterhole_0,Hot-Dry,2010,1,7.67,7.67,24,-19.1048141,16.1102057
LA11,F,Waterhole_12,Cold-Dry,2010,9,1.41,12.67,47,-18.9766519,15.5035973
LA11,F,Waterhole_12,Hot-Dry,2010,1,0.67,0.67,3,-18.9766519,15.5035973
LA11,F,Waterhole_2,Cold-Dry,2010,21,0.9,19.0,78,-19.2134339,16.0591959
LA11,F,Waterhole_2,Hot-Dry,2010,31,1.05,32.67,129,-19.2134339,16.0591959
LA11,F,Waterhole_3,Cold-Dry,2010,1,5.67,5.67,18,-19.2053106,16.1932918
LA11,F,Waterhole_3,Hot-Wet,2010,1,0.33,0.33,2,-19.2053106,16.1932918
LA11,F,Waterhole_4,Cold-Dry,2010,16,2.69,43.02,145,-19.2388057,16.1310575
LA11,F,Waterhole_4,Hot-Dry,2010,6,4.22,25.33,82,-19.2388057,16.1310575
LA11,F,Waterhole_4,Hot-Wet,2010,1,2.67,2.67,9,-19.2388057,16.1310575
LA11,F,Waterhole_5,Cold-Dry,2010,3,4.44,13.33,43,-19.31571144,15.9411653
LA11,F,Waterhole_5,Hot-Dry,2010,1,2.67,2.67,9,-19.31571144,15.9411653
LA12,M,Waterhole_1,Hot-Dry,2010,1,0.67,0.67,3,-19.1239698,16.0699363
LA12,M,Waterhole_12,Cold-Dry,2010,10,2.7,27.0,91,-18.9766519,15.5035973
LA12,M,Waterhole_12,Hot-Dry,2010,2,0.5,1.0,5,-18.9766519,15.5035973
LA12,M,Waterhole_12,Hot-Wet,2010,1,0.67,0.67,3,-18.9766519,15.5035973
LA12,M,Waterhole_13,Cold-Dry,2010,29,1.76,51.0,182,-18.9691974,15.3276196
LA12,M,Waterhole_13,Hot-Wet,2010,5,1.0,5.0,20,-18.9691974,15.3276196
LA12,M,Waterhole_14,Cold-Dry,2010,1,0.67,0.67,3,-18.9777172,15.4094517
LA12,M,Waterhole_14,Hot-Wet,2010,4,1.17,4.67,18,-18.9777172,15.4094517
LA12,M,Waterhole_15,Cold-Dry,2010,27,4.31,116.33,376,-18.9881872,15.2597952
LA12,M,Waterhole_15,Hot-Wet,2010,4,1.67,6.67,24,-18.9881872,15.2597952
LA12,M,Waterhole_16,Cold-Dry,2010,1,0.67,0.67,3,-18.9768852,15.1603067
LA12,M,Waterhole_17,Cold-Dry,2010,1,0.33,0.33,2,-18.979759,15.0612313
LA12,M,Waterhole_18,Cold-Dry,2010,1,0.67,0.67,3,-18.97167749,14.95805816
LA12,M,Waterhole_19,Cold-Dry,2010,2,1.17,2.33,9,-18.96982556,14.85953195
LA12,M,Waterhole_2,Hot-Dry,2010,20,1.1,22.0,86,-19.2134339,16.0591959
LA12,M,Waterhole_20,Cold-Dry,2010,1,2.0,2.0,7,-18.96548921,14.76428896
LA12,M,Waterhole_28,Cold-Dry,2010,11,2.06,22.67,79,-19.1367584,14.656778
LA12,M,Waterhole_29,Cold-Dry,2010,7,1.0,7.0,28,-19.1531933,14.7799891
LA12,M,Waterhole_4,Hot-Dry,2010,4,3.92,15.67,51,-19.2388057,16.1310575
LA12,M,Waterhole_5,Hot-Dry,2010,1,2.67,2.67,9,-19.31571144,15.9411653
LA13,M,Waterhole_2,Hot-Wet,2010,3,1.56,4.67,17,-19.2134339,16.0591959
LA13,M,Waterhole_3,Hot-Wet,2010,1,1.0,1.0,4,-19.2053106,16.1932918
LA13,M,Waterhole_4,Hot-Wet,2010,2,1.33,2.67,10,-19.2388057,16.1310575
LA13,M,Waterhole_8,Hot-Dry,2010,2,1.5,3.0,11,-19.0695406,15.8166862
LA13,M,Waterhole_8,Hot-Wet,2010,1,5.33,5.33,17,-19.0695406,15.8166862
LA14,F,Waterhole_0,Hot-Dry,2010,1,7.33,7.33,23,-19.1048141,16.1102057
LA14,F,Waterhole_1,Hot-Dry,2010,1,0.67,0.67,3,-19.1239698,16.0699363
LA14,F,Waterhole_12,Cold-Dry,2010,10,1.4,14.0,52,-18.9766519,15.5035973
LA14,F,Waterhole_12,Hot-Dry,2010,1,0.67,0.67,3,-18.9766519,15.5035973
LA14,F,Waterhole_2,Cold-Dry,2010,20,0.93,18.67,76,-19.2134339,16.0591959
LA14,F,Waterhole_2,Hot-Dry,2010,28,1.12,31.35,122,-19.2134339,16.0591959
LA14,F,Waterhole_2,Hot-Wet,2010,1,0.33,0.33,2,-19.2134339,16.0591959
LA14,F,Waterhole_3,Hot-Wet,2010,1,0.33,0.33,2,-19.2053106,16.1932918
LA14,F,Waterhole_4,Cold-Dry,2010,17,3.08,52.33,174,-19.2388057,16.1310575
LA14,F,Waterhole_4,Hot-Dry,2010,7,3.9,27.33,89,-19.2388057,16.1310575
LA14,F,Waterhole_4,Hot-Wet,2010,2,1.67,3.33,12,-19.2388057,16.1310575
LA14,F,Waterhole_5,Cold-Dry,2010,10,2.1,21.0,73,-19.31571144,15.9411653
LA14,F,Waterhole_5,Hot-Dry,2010,1,2.33,2.33,8,-19.31571144,15.9411653
LA2,M,Waterhole_5,Hot-Wet,2010,1,2.33,2.33,8,-19.31571144,15.9411653
LA26,F,Waterhole_3,Cold-Dry,2010,8,2.75,22.0,74,-19.2053106,16.1932918
LA26,F,Waterhole_3,Hot-Dry,2010,11,1.52,16.67,61,-19.2053106,16.1932918
LA26,F,Waterhole_30,Hot-Dry,2010,2,0.5,1.0,5,-19.0527354,16.1928322
LA26,F,Waterhole_34,Hot-Dry,2010,3,0.67,2.0,9,-19.0367733,16.3421481
LA26,F,Waterhole_36,Hot-Dry,2010,6,1.22,7.33,28,-18.9912599,16.5574864
LA26,F,Waterhole_4,Cold-Dry,2010,32,1.39,44.33,165,-19.2388057,16.1310575
LA26,F,Waterhole_4,Hot-Dry,2010,6,0.78,4.67,20,-19.2388057,16.1310575
LA26,F,Waterhole_4,Hot-Wet,2010,1,0.33,0.33,2,-19.2388057,16.1310575
LA26,F,Waterhole_5,Cold-Dry,2010,43,2.36,101.67,348,-19.31571144,15.9411653
LA26,F,Waterhole_5,Hot-Dry,2010,3,3.78,11.33,37,-19.31571144,15.9411653
LA26,F,Waterhole_5,Hot-Wet,2010,4,0.92,3.67,15,-19.31571144,15.9411653
LA27,F,Waterhole_15,Cold-Dry,2010,3,1.22,3.67,14,-18.9881872,15.2597952
LA27,F,Waterhole_17,Cold-Dry,2010,1,0.33,0.33,2,-18.979759,15.0612313
LA27,F,Waterhole_17,Hot-Wet,2010,1,3.33,3.33,11,-18.979759,15.0612313
LA27,F,Waterhole_18,Cold-Dry,2010,4,1.5,6.0,22,-18.97167749,14.95805816
LA27,F,Waterhole_18,Hot-Wet,2010,1,1.33,1.33,5,-18.97167749,14.95805816
LA27,F,Waterhole_4,Hot-Wet,2010,1,2.33,2.33,8,-19.2388057,16.1310575
LA27,F,Waterhole_5,Cold-Dry,2010,4,0.67,2.67,12,-19.31571144,15.9411653
LA27,F,Waterhole_5,Hot-Wet,2010,3,0.56,1.67,8,-19.31571144,15.9411653
LA3,M,Waterhole_11,Cold-Dry,2010,1,3.67,3.67,12,-19.1252341,15.635345
LA3,M,Waterhole_13,Cold-Dry,2010,31,2.65,82.0,277,-18.9691974,15.3276196
LA3,M,Waterhole_14,Cold-Dry,2010,1,1.0,1.0,4,-18.9777172,15.4094517
LA3,M,Waterhole_15,Cold-Dry,2010,2,10.67,21.33,66,-18.9881872,15.2597952
LA7,F,Waterhole_12,Cold-Dry,2010,40,2.01,80.33,281,-18.9766519,15.5035973
LA7,F,Waterhole_12,Hot-Wet,2010,1,5.0,5.0,15,-18.9766519,15.5035973
LA7,F,Waterhole_13,Cold-Dry,2010,13,2.44,31.67,108,-18.9691974,15.3276196
LA7,F,Waterhole_13,Hot-Wet,2010,1,0.67,0.67,3,-18.9691974,15.3276196
LA7,F,Waterhole_15,Cold-Dry,2010,25,4.15,103.67,333,-18.9881872,15.2597952
LA7,F,Waterhole_15,Hot-Wet,2010,1,0.67,0.67,3,-18.9881872,15.2597952
LA7,F,Waterhole_16,Cold-Dry,2010,1,0.33,0.33,2,-18.9768852,15.1603067
LA7,F,Waterhole_17,Cold-Dry,2010,1,0.33,0.33,2,-18.979759,15.0612313
LA7,F,Waterhole_18,Cold-Dry,2010,6,1.11,6.67,26,-18.97167749,14.95805816
LA7,F,Waterhole_19,Cold-Dry,2010,9,1.41,12.67,47,-18.96982556,14.85953195
LA8,F,Waterhole_12,Cold-Dry,2010,45,1.81,81.33,289,-18.9766519,15.5035973
LA8,F,Waterhole_12,Hot-Wet,2010,2,0.83,1.67,7,-18.9766519,15.5035973
LA8,F,Waterhole_13,Cold-Dry,2010,23,1.39,32.0,119,-18.9691974,15.3276196
LA8,F,Waterhole_13,Hot-Wet,2010,2,0.83,1.67,7,-18.9691974,15.3276196
LA8,F,Waterhole_14,Cold-Dry,2010,2,0.67,1.33,6,-18.9777172,15.4094517
LA8,F,Waterhole_14,Hot-Wet,2010,2,1.5,3.0,11,-18.9777172,15.4094517
LA8,F,Waterhole_15,Cold-Dry,2010,27,3.96,107.0,347,-18.9881872,15.2597952
LA8,F,Waterhole_15,Hot-Wet,2010,4,0.58,2.33,11,-18.9881872,15.2597952
LA8,F,Waterhole_16,Hot-Wet,2010,1,0.33,0.33,2,-18.9768852,15.1603067
LA8,F,Waterhole_17,Cold-Dry,2010,4,2.58,10.33,35,-18.979759,15.0612313
LA8,F,Waterhole_17,Hot-Wet,2010,1,0.33,0.33,2,-18.979759,15.0612313
LA8,F,Waterhole_18,Cold-Dry,2010,2,1.17,2.33,9,-18.97167749,14.95805816
LA8,F,Waterhole_18,Hot-Wet,2010,2,1.17,2.33,9,-18.97167749,14.95805816
