date,Temp_C,Dew_C,Humidity,Wind_Kph,Pressure_Hg,Precip_mm
1/1/2010,23.51,20.31,85,6.41,31.88,13.47
1/2/2010,25.65,19.24,75,5.34,31.91,1.5
1/3/2010,26.72,18.17,66,6.41,31.91,1.5
1/4/2010,28.86,18.17,58,5.34,31.88,7.7
1/5/2010,26.72,20.31,76,6.41,31.91,20.09
1/6/2010,26.72,22.44,80,6.41,31.88,15.18
1/7/2010,25.65,20.31,80,8.55,31.88,8.23
1/8/2010,26.72,20.31,76,6.41,31.85,7.27
1/9/2010,24.58,21.38,85,8.55,31.88,15.71
1/10/2010,25.65,20.31,78,4.28,31.91,7.7
1/11/2010,27.79,19.24,69,6.41,31.88,3.31
1/12/2010,27.79,21.38,74,6.41,31.88,19.88
1/13/2010,24.58,21.38,85,9.62,31.91,24.26
1/14/2010,26.72,20.31,77,8.55,31.97,5.02
1/15/2010,28.86,18.17,60,7.48,31.94,0
1/16/2010,28.86,20.31,64,6.41,31.97,14.11
1/17/2010,27.79,20.31,70,5.34,31.97,9.94
1/18/2010,25.65,21.38,82,3.21,31.97,11.54
1/19/2010,25.65,19.24,73,7.48,31.91,13.15
1/20/2010,24.58,18.17,69,6.41,31.88,2.78
1/21/2010,26.72,20.31,77,4.28,31.88,21.38
1/22/2010,25.65,17.1,64,9.62,31.91,0.75
1/23/2010,27.79,13.89,50,8.55,31.88,0
1/24/2010,28.86,12.83,48,7.48,31.85,0
1/25/2010,27.79,9.62,38,7.48,31.81,0
1/26/2010,31,10.69,36,6.41,31.85,0
1/27/2010,31,8.55,31,7.48,31.88,0
1/28/2010,31,9.62,31,9.62,31.81,0
1/29/2010,31,11.76,37,7.48,31.78,0
1/30/2010,31,6.41,29,6.41,31.85,0
1/31/2010,31,2.14,20,7.48,31.91,0
2/1/2010,31,-2.14,16,8.55,31.91,0
2/2/2010,31,1.07,19,9.62,31.85,0
2/3/2010,29.93,1.07,20,8.55,31.88,0
2/4/2010,29.93,0,21,7.48,31.91,0
2/5/2010,31,7.48,31,6.41,31.88,0
2/6/2010,28.86,14.96,48,5.34,31.81,0.43
2/7/2010,23.51,20.31,78,6.41,31.88,23.73
2/8/2010,24.58,21.38,89,9.62,31.91,32.6
2/9/2010,26.72,21.38,78,9.62,31.91,7.16
2/10/2010,26.72,17.1,64,9.62,31.94,1.39
2/11/2010,26.72,18.17,64,8.55,31.94,3.74
2/12/2010,25.65,20.31,77,7.48,31.97,5.77
2/13/2010,28.86,19.24,66,4.28,31.97,0.11
2/14/2010,29.93,20.31,61,4.28,31.94,10.05
2/15/2010,28.86,19.24,62,8.55,31.91,4.38
2/16/2010,28.86,20.31,68,6.41,31.88,14
2/17/2010,26.72,13.89,51,8.55,31.91,0.43
2/18/2010,28.86,11.76,47,5.34,31.94,0
2/19/2010,29.93,13.89,45,7.48,31.94,0
2/20/2010,28.86,14.96,49,9.62,31.91,0
2/21/2010,27.79,19.24,66,10.69,31.88,5.24
2/22/2010,26.72,19.24,68,10.69,31.91,2.67
2/23/2010,26.72,19.24,70,7.48,31.91,6.09
2/24/2010,27.79,20.31,73,7.48,31.85,5.24
2/25/2010,25.65,21.38,81,8.55,31.81,12.29
2/26/2010,24.58,21.38,84,8.55,31.81,20.09
2/27/2010,20.31,19.24,92,7.48,31.91,11.76
2/28/2010,22.44,18.17,80,5.34,32,1.07
3/1/2010,26.72,19.24,72,4.28,31.97,1.28
3/2/2010,25.65,21.38,80,7.48,31.94,9.51
3/3/2010,27.79,19.24,71,7.48,31.91,2.57
3/4/2010,24.58,20.31,80,9.62,31.94,6.41
3/5/2010,24.58,19.24,79,10.69,31.97,0.64
3/6/2010,23.51,19.24,80,12.83,32,2.14
3/7/2010,24.58,19.24,79,13.89,32.04,2.03
3/8/2010,24.58,18.17,74,10.69,32.04,2.89
3/9/2010,25.65,17.1,66,8.55,31.97,2.89
3/10/2010,26.72,19.24,70,5.34,31.97,4.81
3/11/2010,27.79,19.24,71,6.41,31.97,6.31
3/12/2010,25.65,19.24,77,5.34,32,0.11
3/13/2010,28.86,14.96,51,8.55,31.97,0
3/14/2010,29.93,14.96,46,5.34,31.88,0
3/15/2010,29.93,16.03,50,5.34,31.88,0.43
3/16/2010,29.93,18.17,59,5.34,31.94,1.07
3/17/2010,27.79,20.31,69,7.48,31.91,13.47
3/18/2010,27.79,19.24,71,5.34,31.91,5.24
3/19/2010,25.65,21.38,79,6.41,31.97,20.31
3/20/2010,27.79,20.31,72,5.34,31.94,1.39
3/21/2010,27.79,17.1,62,8.55,31.94,1.39
3/22/2010,28.86,16.03,56,8.55,31.91,0.11
3/23/2010,28.86,16.03,51,9.62,31.85,0
3/24/2010,26.72,19.24,67,6.41,31.85,6.31
3/25/2010,25.65,20.31,78,6.41,31.88,5.56
3/26/2010,22.44,21.38,91,7.48,31.97,18.28
3/27/2010,26.72,21.38,82,4.28,31.97,6.84
3/28/2010,27.79,20.31,77,6.41,31.94,5.56
3/29/2010,25.65,21.38,80,7.48,31.97,13.04
3/30/2010,25.65,20.31,79,7.48,32,9.94
3/31/2010,25.65,20.31,80,6.41,31.97,7.7
4/1/2010,26.72,20.31,77,6.41,31.97,3.63
4/2/2010,25.65,21.38,82,7.48,31.97,17.74
4/3/2010,25.65,20.31,78,6.41,31.97,3.1
4/4/2010,24.58,20.31,84,6.41,31.94,12.72
4/5/2010,23.51,20.31,87,6.41,31.97,5.13
4/6/2010,25.65,20.31,80,4.28,31.94,8.76
4/7/2010,26.72,20.31,78,5.34,31.91,6.73
4/8/2010,25.65,20.31,77,7.48,31.97,7.8
4/9/2010,26.72,19.24,73,7.48,32,0.32
4/10/2010,26.72,18.17,67,9.62,32,0.43
4/11/2010,26.72,16.03,61,11.76,31.97,0
4/12/2010,24.58,19.24,80,11.76,32.04,9.19
4/13/2010,24.58,19.24,78,10.69,32.07,2.67
4/14/2010,25.65,18.17,70,10.69,32.04,2.57
4/15/2010,24.58,18.17,73,7.48,32,4.6
4/16/2010,25.65,18.17,74,7.48,32,3.74
4/17/2010,25.65,18.17,71,7.48,31.97,3.1
4/18/2010,26.72,18.17,66,5.34,31.97,0
4/19/2010,26.72,16.03,62,5.34,31.97,0
4/20/2010,26.72,11.76,47,5.34,32,0
4/21/2010,26.72,12.83,51,6.41,31.94,0
4/22/2010,26.72,13.89,54,6.41,31.94,0
4/23/2010,26.72,9.62,39,6.41,31.97,0
4/24/2010,26.72,16.03,60,7.48,32,0.64
4/25/2010,26.72,17.1,60,8.55,32,0
4/26/2010,25.65,16.03,64,7.48,32,0.86
4/27/2010,26.72,16.03,61,9.62,32.04,0.11
4/28/2010,26.72,16.03,57,9.62,32.04,0
4/29/2010,27.79,13.89,51,12.83,32.07,0
4/30/2010,26.72,12.83,51,11.76,32.07,0
5/1/2010,25.65,11.76,50,10.69,32.07,0
5/2/2010,25.65,11.76,49,8.55,32.04,0
5/3/2010,25.65,13.89,53,5.34,32,0
5/4/2010,28.86,10.69,40,6.41,31.91,0.11
5/5/2010,25.65,2.14,28,7.48,31.97,0
5/6/2010,26.72,2.14,29,4.28,31.97,0
5/7/2010,25.65,5.34,32,6.41,31.97,0
5/8/2010,26.72,11.76,43,6.41,32,0
5/9/2010,27.79,11.76,42,7.48,32.04,0
5/10/2010,28.86,12.83,42,4.28,32,0
5/11/2010,29.93,9.62,38,3.21,31.97,0
5/12/2010,26.72,5.34,31,7.48,32,0
5/13/2010,26.72,9.62,40,6.41,32.07,0
5/14/2010,25.65,10.69,44,9.62,32.07,0
5/15/2010,26.72,9.62,41,9.62,32.07,0
5/16/2010,23.51,7.48,41,12.83,32.13,0
5/17/2010,23.51,8.55,45,12.83,32.13,0
5/18/2010,23.51,6.41,40,12.83,32.13,0
5/19/2010,21.38,2.14,36,10.69,32.13,0
5/20/2010,21.38,5.34,44,11.76,32.13,0
5/21/2010,22.44,9.62,51,10.69,32.13,0
5/22/2010,23.51,9.62,50,10.69,32.13,0
5/23/2010,25.65,8.55,40,10.69,32.07,0
5/24/2010,24.58,7.48,41,10.69,32.07,0
5/25/2010,23.51,7.48,43,9.62,32.07,0
5/26/2010,23.51,6.41,43,8.55,32.07,0
5/27/2010,23.51,7.48,47,8.55,32.04,0
5/28/2010,22.44,6.41,47,6.41,31.97,0
5/29/2010,24.58,7.48,42,6.41,32,0
5/30/2010,24.58,9.62,46,8.55,32.04,0
5/31/2010,25.65,9.62,41,10.69,32.07,0
6/1/2010,24.58,8.55,39,17.1,32.16,0
6/2/2010,21.38,3.21,38,13.89,32.26,0
6/3/2010,19.24,4.28,47,10.69,32.26,0
6/4/2010,20.31,3.21,43,10.69,32.26,0
6/5/2010,20.31,1.07,38,10.69,32.26,0
6/6/2010,20.31,1.07,36,10.69,32.22,0
6/7/2010,21.38,2.14,40,9.62,32.19,0
6/8/2010,22.44,3.21,40,6.41,32.13,0
6/9/2010,22.44,2.14,40,6.41,32.1,0
6/10/2010,21.38,1.07,37,6.41,32.07,0
6/11/2010,21.38,1.07,36,6.41,32.07,0
6/12/2010,22.44,0,38,4.28,32.1,0
6/13/2010,23.51,2.14,40,5.34,32.1,0
6/14/2010,23.51,1.07,38,5.34,32.1,0
6/15/2010,22.44,-5.34,24,8.55,32.13,0
6/16/2010,18.17,-3.21,29,14.96,32.22,0
6/17/2010,16.03,-9.62,21,14.96,32.32,0
6/18/2010,14.96,-8.55,23,12.83,32.32,0
6/19/2010,18.17,3.21,49,13.89,32.26,0
6/20/2010,18.17,4.28,50,14.96,32.22,0
6/21/2010,18.17,2.14,43,12.83,32.22,0
6/22/2010,18.17,1.07,41,11.76,32.19,0
6/23/2010,18.17,-1.07,37,11.76,32.22,0
6/24/2010,19.24,0,37,14.96,32.22,0
6/25/2010,19.24,1.07,38,14.96,32.22,0
6/26/2010,20.31,4.28,46,12.83,32.19,0
6/27/2010,20.31,3.21,43,10.69,32.16,0
6/28/2010,20.31,2.14,38,10.69,32.19,0
6/29/2010,20.31,2.14,41,11.76,32.19,0
6/30/2010,19.24,1.07,39,12.83,32.19,0
7/1/2010,19.24,4.28,46,14.96,32.22,0
7/2/2010,20.31,4.28,46,12.83,32.19,0
7/3/2010,20.31,5.34,50,10.69,32.19,0
7/4/2010,20.31,7.48,53,12.83,32.19,0
7/5/2010,20.31,7.48,51,13.89,32.19,0
7/6/2010,20.31,6.41,51,12.83,32.16,0
7/7/2010,20.31,6.41,50,13.89,32.16,0
7/8/2010,20.31,4.28,44,16.03,32.19,0
7/9/2010,19.24,2.14,41,12.83,32.22,0
7/10/2010,19.24,0,41,8.55,32.13,0
7/11/2010,21.38,0,40,5.34,32.07,0
7/12/2010,18.17,-3.21,30,11.76,32.13,0
7/13/2010,18.17,-1.07,33,13.89,32.19,0
7/14/2010,20.31,-3.21,30,8.55,32.1,0
7/15/2010,20.31,-4.28,26,6.41,32.07,0
7/16/2010,20.31,-4.28,25,14.96,32.1,0
7/17/2010,19.24,-4.28,26,13.89,32.16,0
7/18/2010,19.24,-4.28,24,11.76,32.22,0
7/19/2010,20.31,-3.21,26,11.76,32.26,0
7/20/2010,20.31,0,34,12.83,32.22,0
7/21/2010,19.24,-1.07,35,13.89,32.19,0
7/22/2010,19.24,2.14,43,10.69,32.19,0
7/23/2010,20.31,5.34,49,8.55,32.19,0
7/24/2010,21.38,4.28,43,10.69,32.16,0
7/25/2010,21.38,4.28,40,10.69,32.1,0
7/26/2010,23.51,3.21,32,13.89,32.16,0
7/27/2010,21.38,5.34,44,13.89,32.22,0
7/28/2010,21.38,6.41,47,12.83,32.19,0
7/29/2010,22.44,6.41,47,9.62,32.13,0
7/30/2010,22.44,5.34,43,8.55,32.07,0
7/31/2010,22.44,2.14,35,11.76,32.07,0
8/1/2010,23.51,3.21,37,12.83,32.1,0
8/2/2010,22.44,4.28,38,13.89,32.16,0
8/3/2010,22.44,3.21,39,13.89,32.19,0
8/4/2010,22.44,3.21,40,10.69,32.13,0
8/5/2010,23.51,2.14,36,9.62,32.07,0
8/6/2010,24.58,2.14,32,9.62,32.1,0
8/7/2010,24.58,1.07,30,11.76,32.13,0
8/8/2010,24.58,1.07,31,10.69,32.13,0
8/9/2010,23.51,-2.14,25,11.76,32.1,0
8/10/2010,21.38,-3.21,26,17.1,32.19,0
8/11/2010,20.31,-5.34,23,17.1,32.32,0
8/12/2010,20.31,3.21,39,18.17,32.32,0
8/13/2010,19.24,-1.07,35,16.03,32.32,0
8/14/2010,19.24,-3.21,30,13.89,32.29,0
8/15/2010,20.31,-5.34,25,12.83,32.22,0
8/16/2010,22.44,-6.41,20,11.76,32.16,0
8/17/2010,23.51,-9.62,16,11.76,32.1,0
8/18/2010,24.58,-7.48,19,9.62,32.07,0
8/19/2010,24.58,-8.55,16,8.55,32.04,0
8/20/2010,26.72,-10.69,15,7.48,32.07,0
8/21/2010,25.65,-8.55,19,7.48,32.07,0
8/22/2010,26.72,-7.48,17,7.48,32,0
8/23/2010,26.72,-5.34,22,7.48,32.04,0
8/24/2010,25.65,-6.41,19,8.55,32.04,0
8/25/2010,26.72,-6.41,18,9.62,32.07,0
8/26/2010,25.65,-4.28,20,8.55,32.07,0
8/27/2010,25.65,-5.34,19,9.62,32.04,0
8/28/2010,25.65,-4.28,19,10.69,32,0
8/29/2010,26.72,-3.21,21,10.69,32,0
8/30/2010,26.72,-1.07,26,8.55,32.04,0
8/31/2010,26.72,-5.34,19,8.55,32,0
9/1/2010,25.65,-5.34,18,10.69,32.04,0
9/2/2010,26.72,-7.48,16,11.76,32.07,0
9/3/2010,28.86,-1.07,22,8.55,32,0
9/4/2010,28.86,0,23,8.55,31.94,0
9/5/2010,29.93,0,22,8.55,31.94,0
9/6/2010,29.93,-1.07,20,9.62,31.97,0
9/7/2010,29.93,-3.21,18,10.69,31.94,0
9/8/2010,28.86,-3.21,19,7.48,31.94,0
9/9/2010,27.79,4.28,34,11.76,31.97,0
9/10/2010,27.79,-2.14,20,11.76,31.97,0
9/11/2010,28.86,-3.21,18,11.76,31.97,0
9/12/2010,28.86,0,21,16.03,32.04,0
9/13/2010,26.72,2.14,26,12.83,32.04,0
9/14/2010,29.93,0,23,8.55,31.97,0
9/15/2010,31,1.07,24,6.41,31.91,0
9/16/2010,29.93,-1.07,23,7.48,31.88,0
9/17/2010,31,1.07,25,6.41,31.91,0
9/18/2010,31,3.21,28,7.48,31.91,0
9/19/2010,28.86,4.28,30,10.69,31.88,0
9/20/2010,28.86,1.07,24,11.76,31.85,0
9/21/2010,24.58,-11.76,17,10.69,31.94,0
9/22/2010,28.86,-14.96,8,7.48,31.94,0
9/23/2010,29.93,-8.55,12,9.62,31.94,0
9/24/2010,29.93,-7.48,13,11.76,31.91,0
9/25/2010,31,-4.28,16,9.62,31.88,0
9/26/2010,31,-2.14,19,7.48,31.91,0
9/27/2010,31,-1.07,20,11.76,31.91,0
9/28/2010,32.06,-2.14,16,14.96,31.91,0
9/29/2010,32.06,-3.21,15,14.96,31.91,0
9/30/2010,31,-3.21,15,12.83,31.94,0
10/1/2010,31,-2.14,17,11.76,31.91,0
10/2/2010,31,-1.07,18,9.62,31.88,0
10/3/2010,33.13,-1.07,18,7.48,31.85,0
10/4/2010,32.06,-2.14,16,8.55,31.85,0
10/5/2010,33.13,-2.14,18,6.41,31.81,0
10/6/2010,33.13,-2.14,15,10.69,31.88,0
10/7/2010,32.06,-4.28,15,11.76,31.94,0
10/8/2010,33.13,-6.41,12,10.69,31.97,0
10/9/2010,34.2,-1.07,18,6.41,31.91,0
10/10/2010,33.13,-3.21,15,10.69,31.85,0
10/11/2010,33.13,-5.34,13,9.62,31.85,0
10/12/2010,35.27,-4.28,12,8.55,31.85,0
10/13/2010,31,-5.34,14,12.83,31.88,0
10/14/2010,29.93,-6.41,16,10.69,31.88,0
10/15/2010,29.93,-12.83,9,9.62,31.88,0
10/16/2010,31,-12.83,8,9.62,31.91,0
10/17/2010,31,-9.62,11,7.48,31.91,0
10/18/2010,33.13,-11.76,9,8.55,31.88,0
10/19/2010,33.13,-2.14,15,7.48,31.85,0
10/20/2010,34.2,1.07,19,7.48,31.81,0.64
10/21/2010,33.13,1.07,19,8.55,31.81,0.21
10/22/2010,31,1.07,20,12.83,31.85,0.86
10/23/2010,31,4.28,27,9.62,31.81,0
10/24/2010,31,0,22,10.69,31.81,0
10/25/2010,32.06,-5.34,14,8.55,31.85,0
10/26/2010,33.13,-5.34,13,6.41,31.85,0
10/27/2010,33.13,7.48,32,6.41,31.88,0.53
10/28/2010,33.13,2.14,19,7.48,31.85,0
10/29/2010,33.13,9.62,33,8.55,31.85,0
10/30/2010,34.2,9.62,32,6.41,31.88,1.6
10/31/2010,34.2,10.69,31,7.48,31.94,2.46
11/1/2010,34.2,8.55,29,7.48,31.85,0.21
11/2/2010,35.27,2.14,19,6.41,31.75,0.96
11/3/2010,31,-3.21,16,10.69,31.78,0
11/4/2010,29.93,-1.07,21,9.62,31.85,0
11/5/2010,31,1.07,21,8.55,31.85,0
11/6/2010,34.2,2.14,21,7.48,31.85,0
11/7/2010,36.34,-1.07,15,6.41,31.81,0
11/8/2010,32.06,-1.07,17,8.55,31.75,0
11/9/2010,29.93,-1.07,20,8.55,31.81,0
11/10/2010,31,-5.34,13,7.48,31.91,0
11/11/2010,33.13,-4.28,12,6.41,31.85,0
11/12/2010,32.06,6.41,26,7.48,31.75,0.21
11/13/2010,31,13.89,43,9.62,31.78,2.35
11/14/2010,27.79,13.89,49,12.83,31.91,2.03
11/15/2010,27.79,18.17,64,13.89,31.97,5.88
11/16/2010,25.65,18.17,70,10.69,31.97,3.63
11/17/2010,27.79,18.17,66,4.28,31.85,10.37
11/18/2010,28.86,18.17,64,6.41,31.85,6.2
11/19/2010,28.86,19.24,64,4.28,31.88,9.94
11/20/2010,29.93,18.17,59,4.28,31.88,1.6
11/21/2010,28.86,19.24,66,6.41,31.81,23.62
11/22/2010,25.65,20.31,75,6.41,31.78,6.63
11/23/2010,26.72,19.24,70,8.55,31.81,6.52
11/24/2010,26.72,18.17,66,10.69,31.85,1.39
11/25/2010,26.72,19.24,69,8.55,31.85,6.09
11/26/2010,25.65,19.24,74,9.62,31.88,17.1
11/27/2010,24.58,20.31,84,8.55,31.91,27.47
11/28/2010,26.72,21.38,80,4.28,31.91,19.35
11/29/2010,24.58,21.38,84,5.34,31.88,9.3
11/30/2010,27.79,21.38,77,5.34,31.85,23.94
12/1/2010,28.86,20.31,73,3.21,31.78,4.7
12/2/2010,25.65,21.38,82,3.21,31.78,6.41
12/3/2010,25.65,17.1,67,7.48,31.81,2.89
12/4/2010,26.72,11.76,46,7.48,31.81,0
12/5/2010,28.86,12.83,44,7.48,31.81,0.11
12/6/2010,28.86,17.1,55,6.41,31.81,3.42
12/7/2010,28.86,17.1,61,8.55,31.78,4.49
12/8/2010,27.79,17.1,60,8.55,31.85,3.95
12/9/2010,27.79,17.1,61,12.83,31.91,0.86
12/10/2010,29.93,16.03,54,10.69,31.88,0
12/11/2010,31,14.96,46,7.48,31.78,0.11
12/12/2010,29.93,16.03,51,6.41,31.72,1.92
12/13/2010,28.86,17.1,58,8.55,31.75,6.09
12/14/2010,24.58,19.24,76,8.55,31.81,9.19
12/15/2010,26.72,18.17,69,7.48,31.85,3.21
12/16/2010,26.72,12.83,49,8.55,31.78,0
12/17/2010,26.72,12.83,48,6.41,31.81,0.32
12/18/2010,32.06,14.96,48,3.21,31.88,0.64
12/19/2010,29.93,10.69,35,8.55,31.85,0
12/20/2010,31,9.62,31,8.55,31.78,0.11
12/21/2010,29.93,18.17,55,6.41,31.78,9.3
12/22/2010,29.93,18.17,58,6.41,31.75,3.95
12/23/2010,29.93,18.17,56,5.34,31.75,9.94
12/24/2010,29.93,18.17,57,5.34,31.81,7.16
12/25/2010,27.79,19.24,63,5.34,31.85,12.08
12/26/2010,31,17.1,53,5.34,31.81,3.74
12/27/2010,28.86,19.24,63,9.62,31.78,19.99
12/28/2010,25.65,21.38,82,9.62,31.78,13.68
12/29/2010,24.58,19.24,76,10.69,31.85,2.46
12/30/2010,26.72,18.17,71,5.34,31.88,3.21
12/31/2010,28.86,19.24,64,4.28,31.81,10.15
1/1/2011,27.79,20.31,71,4.28,31.75,10.15
1/2/2011,27.79,20.31,71,5.34,31.78,18.81
1/3/2011,25.65,21.38,81,8.55,31.81,15.6
1/4/2011,26.72,20.31,78,10.69,31.88,4.7
1/5/2011,26.72,19.24,72,8.55,31.88,7.05
1/6/2011,27.79,20.31,71,5.34,31.81,5.77
1/7/2011,25.65,20.31,78,7.48,31.78,16.78
1/8/2011,25.65,19.24,75,8.55,31.78,3.1
1/9/2011,26.72,18.17,70,7.48,31.85,7.27
1/10/2011,28.86,19.24,66,5.34,31.85,1.92
1/11/2011,28.86,18.17,59,6.41,31.85,5.56
1/12/2011,28.86,17.1,56,10.69,31.81,0.53
1/13/2011,26.72,20.31,71,8.55,31.78,14
1/14/2011,27.79,18.17,66,6.41,31.72,2.35
1/15/2011,27.79,18.17,62,6.41,31.81,1.92
1/16/2011,22.44,17.1,74,9.62,31.88,9.94
1/17/2011,22.44,18.17,79,8.55,31.78,6.73
1/18/2011,22.44,19.24,85,9.62,31.78,6.2
1/19/2011,23.51,17.1,74,7.48,31.78,0.43
1/20/2011,23.51,17.1,73,6.41,31.78,0.53
1/21/2011,21.38,18.17,87,10.69,31.78,26.4
1/22/2011,24.58,18.17,74,5.34,31.85,0.43
1/23/2011,26.72,17.1,67,6.41,31.81,0.32
1/24/2011,26.72,17.1,63,7.48,31.81,0
1/25/2011,27.79,17.1,61,8.55,31.81,0.21
1/26/2011,27.79,16.03,57,7.48,31.78,0
1/27/2011,25.65,16.03,59,8.55,31.78,0
1/28/2011,26.72,14.96,58,6.41,31.88,0
1/29/2011,28.86,10.69,39,6.41,31.94,0
1/30/2011,28.86,14.96,49,6.41,31.91,0
1/31/2011,28.86,14.96,52,7.48,31.88,4.49
2/1/2011,27.79,11.76,44,8.55,31.88,0
2/2/2011,28.86,12.83,46,7.48,31.88,0.96
2/3/2011,25.65,19.24,74,8.55,31.88,14.54
2/4/2011,22.44,19.24,83,11.76,31.85,11.44
2/5/2011,23.51,21.38,90,11.76,31.88,65.09
2/6/2011,24.58,20.31,84,5.34,31.91,4.38
2/7/2011,25.65,19.24,77,7.48,31.91,3.74
2/8/2011,26.72,19.24,70,6.41,31.88,2.24
2/9/2011,26.72,18.17,68,7.48,31.85,6.73
2/10/2011,26.72,18.17,66,7.48,31.85,0.86
2/11/2011,28.86,17.1,59,6.41,31.85,1.07
2/12/2011,27.79,18.17,66,5.34,31.91,9.83
2/13/2011,26.72,19.24,72,7.48,31.91,4.49
2/14/2011,26.72,19.24,73,8.55,31.91,1.18
2/15/2011,27.79,14.96,59,9.62,31.88,0.64
2/16/2011,27.79,12.83,50,9.62,31.88,0
2/17/2011,27.79,14.96,51,8.55,31.88,0
2/18/2011,28.86,16.03,51,7.48,31.81,1.39
2/19/2011,29.93,17.1,57,4.28,31.78,2.35
2/20/2011,28.86,18.17,61,5.34,31.85,4.38
2/21/2011,28.86,19.24,67,5.34,31.88,10.05
2/22/2011,26.72,19.24,74,5.34,31.85,5.99
2/23/2011,25.65,20.31,78,7.48,31.85,8.66
2/24/2011,25.65,20.31,78,6.41,31.91,10.79
2/25/2011,26.72,19.24,73,5.34,31.85,8.02
2/26/2011,24.58,20.31,82,5.34,31.81,25.65
2/27/2011,27.79,17.1,66,9.62,31.88,2.24
2/28/2011,23.51,19.24,82,8.55,31.91,1.28
3/1/2011,25.65,18.17,72,9.62,31.91,0.86
3/2/2011,25.65,17.1,67,9.62,31.88,2.14
3/3/2011,27.79,17.1,60,9.62,31.88,1.6
3/4/2011,27.79,18.17,63,10.69,31.91,4.06
3/5/2011,26.72,18.17,65,11.76,31.91,1.71
3/6/2011,26.72,18.17,66,11.76,31.91,2.89
3/7/2011,26.72,19.24,70,5.34,31.85,0.32
3/8/2011,28.86,18.17,62,5.34,31.88,0.96
3/9/2011,28.86,19.24,67,5.34,31.85,8.66
3/10/2011,25.65,20.31,81,8.55,31.88,22.12
3/11/2011,25.65,20.31,81,10.69,31.88,2.35
3/12/2011,25.65,18.17,72,7.48,31.85,0
3/13/2011,27.79,17.1,62,5.34,31.85,0
3/14/2011,27.79,18.17,64,4.28,31.88,3.53
3/15/2011,26.72,20.31,73,7.48,31.88,9.08
3/16/2011,24.58,21.38,85,9.62,31.88,15.71
3/17/2011,25.65,20.31,81,8.55,31.88,28.54
3/18/2011,25.65,19.24,75,8.55,31.88,1.6
3/19/2011,25.65,19.24,74,8.55,31.88,8.76
3/20/2011,25.65,19.24,74,7.48,31.81,16.35
3/21/2011,24.58,20.31,79,8.55,31.81,29.93
3/22/2011,23.51,19.24,83,8.55,31.91,5.88
3/23/2011,25.65,20.31,78,5.34,31.91,12.08
3/24/2011,26.72,20.31,78,4.28,31.88,10.26
3/25/2011,26.72,20.31,75,5.34,31.88,11.12
3/26/2011,25.65,20.31,77,5.34,31.91,21.8
3/27/2011,24.58,20.31,84,8.55,31.94,7.7
3/28/2011,23.51,21.38,90,9.62,31.97,3.21
3/29/2011,24.58,21.38,87,7.48,32,2.35
3/30/2011,25.65,19.24,78,9.62,31.97,11.33
3/31/2011,25.65,17.1,67,8.55,31.97,0
4/1/2011,26.72,16.03,60,8.55,31.97,0
4/2/2011,26.72,17.1,65,7.48,31.97,5.56
4/3/2011,25.65,18.17,68,6.41,31.97,2.78
4/4/2011,25.65,17.1,64,8.55,31.94,0.86
4/5/2011,26.72,17.1,63,8.55,31.97,0
4/6/2011,25.65,18.17,70,7.48,31.97,2.99
4/7/2011,23.51,20.31,88,8.55,31.97,35.91
4/8/2011,23.51,20.31,88,9.62,32.04,19.35
4/9/2011,23.51,19.24,82,11.76,32.07,0.32
4/10/2011,24.58,18.17,77,11.76,32.07,0.11
4/11/2011,25.65,17.1,70,8.55,32,0
4/12/2011,25.65,17.1,65,8.55,31.97,0
4/13/2011,24.58,12.83,55,9.62,32,0
4/14/2011,24.58,11.76,52,9.62,32,0
4/15/2011,25.65,11.76,50,8.55,31.91,0
4/16/2011,26.72,11.76,47,6.41,31.88,0
4/17/2011,25.65,16.03,66,8.55,31.94,8.98
4/18/2011,24.58,17.1,71,7.48,31.97,3.95
4/19/2011,24.58,17.1,72,8.55,31.94,4.28
4/20/2011,24.58,18.17,77,9.62,31.94,3.1
4/21/2011,24.58,19.24,77,5.34,31.94,11.22
4/22/2011,24.58,18.17,79,8.55,31.94,4.28
4/23/2011,24.58,18.17,74,7.48,31.91,6.09
4/24/2011,24.58,18.17,73,6.41,31.94,1.28
4/25/2011,23.51,19.24,78,3.21,31.94,3.85
4/26/2011,24.58,20.31,82,6.41,31.91,12.08
4/27/2011,26.72,20.31,77,3.21,31.94,2.14
4/28/2011,25.65,19.24,75,8.55,31.94,5.02
4/29/2011,24.58,19.24,77,8.55,31.97,2.89
4/30/2011,25.65,18.17,75,9.62,31.97,1.28
5/1/2011,25.65,17.1,71,9.62,32.07,0.96
5/2/2011,25.65,17.1,69,10.69,32.1,0
5/3/2011,24.58,16.03,68,10.69,32.1,0
5/4/2011,23.51,13.89,63,10.69,32.1,0
5/5/2011,23.51,11.76,59,9.62,32.07,0
5/6/2011,23.51,11.76,57,8.55,32.07,0
5/7/2011,24.58,11.76,56,8.55,32.07,0
5/8/2011,24.58,11.76,54,9.62,32.04,0
5/9/2011,23.51,9.62,48,11.76,32.04,0
5/10/2011,24.58,9.62,44,14.96,32.04,0
5/11/2011,24.58,9.62,46,13.89,32,0
5/12/2011,24.58,9.62,43,14.96,31.97,0
5/13/2011,25.65,7.48,38,9.62,31.97,0
5/14/2011,25.65,5.34,32,6.41,31.94,0
5/15/2011,25.65,2.14,26,8.55,31.91,0
5/16/2011,24.58,3.21,30,10.69,31.88,0
5/17/2011,24.58,10.69,46,12.83,31.94,1.07
5/18/2011,23.51,8.55,43,8.55,31.97,0
5/19/2011,22.44,10.69,52,13.89,32.07,0
5/20/2011,23.51,9.62,48,14.96,32.1,0
5/21/2011,23.51,9.62,47,16.03,32.13,0
5/22/2011,23.51,9.62,48,14.96,32.1,0
5/23/2011,23.51,8.55,44,11.76,32.1,0
5/24/2011,24.58,8.55,42,7.48,32.1,0
5/25/2011,24.58,6.41,36,7.48,32.1,0
5/26/2011,21.38,4.28,36,17.1,32.16,0
5/27/2011,19.24,3.21,40,16.03,32.19,0
5/28/2011,21.38,7.48,46,8.55,32.13,0
5/29/2011,23.51,7.48,42,11.76,32.04,0
5/30/2011,24.58,2.14,30,11.76,32,0
5/31/2011,23.51,-3.21,20,9.62,32.1,0
6/1/2011,20.31,-1.07,26,19.24,32.19,0
6/2/2011,18.17,-2.14,30,16.03,32.22,0
6/3/2011,18.17,-3.21,28,13.89,32.19,0
6/4/2011,20.31,4.28,40,12.83,32.16,0
6/5/2011,22.44,6.41,44,12.83,32.1,0
6/6/2011,22.44,5.34,38,11.76,32.04,0
6/7/2011,21.38,2.14,34,17.1,31.97,0
6/8/2011,14.96,-6.41,24,9.62,32.1,0
6/9/2011,18.17,-5.34,23,8.55,32.1,0
6/10/2011,20.31,-2.14,26,10.69,32.07,0
6/11/2011,21.38,1.07,32,9.62,32.1,0
6/12/2011,21.38,1.07,31,13.89,32.13,0
6/13/2011,21.38,1.07,31,19.24,32.19,0
6/14/2011,21.38,3.21,35,14.96,32.16,0
6/15/2011,22.44,4.28,37,9.62,32.13,0
6/16/2011,23.51,2.14,31,8.55,32.1,0
6/17/2011,22.44,3.21,33,12.83,32.1,0
6/18/2011,22.44,3.21,34,13.89,32.1,0
6/19/2011,21.38,1.07,32,12.83,32.13,0
6/20/2011,21.38,2.14,33,12.83,32.13,0
6/21/2011,21.38,2.14,35,11.76,32.13,0
6/22/2011,21.38,2.14,35,9.62,32.13,0
6/23/2011,21.38,3.21,35,7.48,32.07,0
6/24/2011,21.38,0,29,9.62,32.1,0
6/25/2011,18.17,-1.07,31,19.24,32.22,0
6/26/2011,16.03,-10.69,20,16.03,32.29,0
6/27/2011,21.38,-3.21,27,11.76,32.16,0
6/28/2011,18.17,-6.41,22,7.48,32.1,0
6/29/2011,20.31,-5.34,21,7.48,32.1,0
6/30/2011,21.38,-3.21,24,8.55,32.13,0
7/1/2011,21.38,-5.34,21,13.89,32.16,0
7/2/2011,21.38,-7.48,18,7.48,32.1,0
7/3/2011,22.44,-8.55,16,6.41,32,0
7/4/2011,22.44,-9.62,14,8.55,32.04,0
7/5/2011,23.51,-6.41,17,8.55,32.1,0
7/6/2011,19.24,-2.14,25,20.31,32.22,0
7/7/2011,18.17,-6.41,22,18.17,32.22,0
7/8/2011,18.17,-4.28,26,16.03,32.19,0
7/9/2011,19.24,3.21,41,17.1,32.19,0
7/10/2011,19.24,3.21,41,17.1,32.22,0
7/11/2011,18.17,3.21,43,18.17,32.22,0
7/12/2011,18.17,3.21,43,19.24,32.22,0
7/13/2011,18.17,3.21,44,17.1,32.22,0
7/14/2011,19.24,3.21,42,17.1,32.19,0
7/15/2011,19.24,1.07,36,16.03,32.19,0
7/16/2011,19.24,1.07,34,14.96,32.22,0
7/17/2011,19.24,-2.14,29,16.03,32.22,0
7/18/2011,19.24,-3.21,27,16.03,32.22,0
7/19/2011,19.24,-4.28,24,11.76,32.19,0
7/20/2011,21.38,-3.21,25,7.48,32.16,0
7/21/2011,21.38,-4.28,22,11.76,32.13,0
7/22/2011,22.44,-3.21,23,14.96,32.16,0
7/23/2011,22.44,-3.21,22,14.96,32.16,0
7/24/2011,22.44,-4.28,20,13.89,32.1,0
7/25/2011,19.24,-7.48,25,14.96,32.04,0
7/26/2011,19.24,-14.96,12,8.55,32.04,0
7/27/2011,20.31,-7.48,19,12.83,32.04,0
7/28/2011,20.31,-4.28,24,11.76,32.04,0
7/29/2011,20.31,-6.41,20,19.24,32.1,0
7/30/2011,19.24,-7.48,20,22.44,32.19,0
7/31/2011,17.1,-11.76,16,20.31,32.22,0
8/1/2011,19.24,-7.48,21,14.96,32.19,0
8/2/2011,21.38,0,32,14.96,32.16,0
8/3/2011,21.38,1.07,32,16.03,32.16,0
8/4/2011,21.38,0,29,10.69,32.13,0
8/5/2011,23.51,0,27,8.55,32.1,0
8/6/2011,23.51,-3.21,22,13.89,32.1,0
8/7/2011,23.51,-2.14,23,18.17,32.16,0
8/8/2011,23.51,-3.21,23,16.03,32.19,0
8/9/2011,23.51,-2.14,22,13.89,32.13,0
8/10/2011,23.51,-4.28,20,12.83,32.1,0
8/11/2011,24.58,-5.34,17,12.83,32.1,0
8/12/2011,24.58,-7.48,15,11.76,32.07,0
8/13/2011,24.58,-9.62,13,7.48,31.97,0
8/14/2011,24.58,-4.28,19,10.69,31.97,0
8/15/2011,24.58,-6.41,16,14.96,32.07,0
8/16/2011,23.51,-6.41,16,19.24,32.1,0
8/17/2011,23.51,-2.14,23,19.24,32.1,0
8/18/2011,23.51,1.07,28,16.03,32.1,0
8/19/2011,23.51,-2.14,22,13.89,32.07,0
8/20/2011,24.58,-3.21,21,10.69,32.04,0
8/21/2011,24.58,-3.21,20,9.62,31.97,0
8/22/2011,25.65,-5.34,17,19.24,31.91,0
8/23/2011,18.17,-1.07,41,12.83,32.07,0
8/24/2011,23.51,-8.55,15,13.89,32.1,0
8/25/2011,23.51,-8.55,15,16.03,32.13,0
8/26/2011,24.58,-8.55,14,14.96,32.1,0
8/27/2011,26.72,-6.41,14,14.96,32.07,0
8/28/2011,27.79,-1.07,19,17.1,32.07,0
8/29/2011,26.72,0,22,19.24,32.1,0
8/30/2011,25.65,-1.07,22,16.03,32.13,0
8/31/2011,25.65,-4.28,18,14.96,32.1,0
9/1/2011,26.72,-5.34,16,11.76,32.07,0
9/2/2011,27.79,-5.34,16,13.89,32.07,0
9/3/2011,28.86,-5.34,14,21.38,32.04,0
9/4/2011,28.86,-6.41,13,18.17,32.04,0
9/5/2011,28.86,-7.48,12,18.17,32.04,0
9/6/2011,28.86,-3.21,16,17.1,32.07,0
9/7/2011,28.86,-4.28,16,17.1,32.07,0
9/8/2011,27.79,-6.41,15,17.1,32.04,0
9/9/2011,27.79,-9.62,11,16.03,32.04,0
9/10/2011,27.79,-10.69,10,16.03,32.04,0
9/11/2011,27.79,-11.76,10,12.83,32.04,0
9/12/2011,28.86,-11.76,9,8.55,31.97,0
9/13/2011,26.72,-6.41,16,16.03,31.94,0
9/14/2011,27.79,-8.55,12,12.83,31.97,0
9/15/2011,27.79,-10.69,10,13.89,32,0
9/16/2011,28.86,-11.76,9,16.03,32,0
9/17/2011,29.93,-9.62,11,16.03,32,0
9/18/2011,28.86,-5.34,14,12.83,31.97,0
9/19/2011,31,2.14,21,11.76,31.94,0
9/20/2011,31,-2.14,16,11.76,31.94,0
9/21/2011,31,-7.48,10,16.03,31.94,0
9/22/2011,32.06,-7.48,10,16.03,31.94,0
9/23/2011,32.06,-6.41,10,18.17,31.94,0
9/24/2011,32.06,-2.14,14,17.1,31.94,0
9/25/2011,33.13,-1.07,16,18.17,31.97,0
9/26/2011,31,-1.07,16,20.31,32,0
9/27/2011,31,3.21,22,19.24,31.97,0
9/28/2011,29.93,-3.21,17,16.03,31.94,0
9/29/2011,28.86,-9.62,9,11.76,31.91,0
9/30/2011,31,-2.14,16,13.89,31.91,0
10/1/2011,31,3.21,23,18.17,31.88,0
10/2/2011,28.86,-1.07,20,18.17,31.91,0
10/3/2011,27.79,-9.62,14,17.1,31.94,0
10/4/2011,29.93,-11.76,9,12.83,31.94,0
10/5/2011,29.93,-10.69,9,11.76,31.91,0
10/6/2011,29.93,-7.48,11,17.1,31.97,0
10/7/2011,29.93,2.14,22,23.51,31.97,0
10/8/2011,29.93,5.34,27,17.1,31.94,0
10/9/2011,28.86,-2.14,18,18.17,31.97,0
10/10/2011,29.93,-5.34,15,18.17,31.97,0
10/11/2011,29.93,-4.28,14,17.1,31.94,0
10/12/2011,31,-6.41,12,17.1,31.88,0
10/13/2011,31,-6.41,12,16.03,31.81,0
10/14/2011,31,-5.34,12,12.83,31.85,0
10/15/2011,32.06,-1.07,16,16.03,31.85,0
10/16/2011,33.13,0,15,12.83,31.81,0
10/17/2011,35.27,0,15,10.69,31.75,0
10/18/2011,32.06,0,16,18.17,31.75,0
10/19/2011,29.93,-5.34,13,19.24,31.81,0
10/20/2011,31,-5.34,13,11.76,31.85,0
10/21/2011,32.06,-4.28,13,10.69,31.81,0
10/22/2011,33.13,1.07,18,12.83,31.78,0
10/23/2011,33.13,6.41,22,7.48,31.78,0.32
10/24/2011,34.2,7.48,24,7.48,31.81,0.53
10/25/2011,33.13,7.48,23,9.62,31.75,0.96
10/26/2011,32.06,3.21,20,13.89,31.75,0
10/27/2011,28.86,6.41,26,18.17,31.88,0
10/28/2011,28.86,8.55,31,12.83,31.88,1.71
10/29/2011,31,12.83,41,9.62,31.85,2.78
10/30/2011,27.79,14.96,49,10.69,31.88,26.4
10/31/2011,31,12.83,36,8.55,31.85,1.82
11/1/2011,29.93,14.96,48,14.96,31.91,3.1
11/2/2011,32.06,13.89,39,8.55,31.88,0
11/3/2011,32.06,7.48,23,12.83,31.85,0
11/4/2011,29.93,7.48,26,17.1,31.88,0.21
11/5/2011,31,8.55,30,11.76,31.88,0.53
11/6/2011,31,-3.21,13,12.83,31.88,0
11/7/2011,32.06,-4.28,12,12.83,31.88,0
11/8/2011,32.06,6.41,22,11.76,31.88,0
11/9/2011,32.06,13.89,37,8.55,31.85,1.92
11/10/2011,33.13,12.83,33,9.62,31.78,0.86
11/11/2011,33.13,8.55,25,10.69,31.75,1.07
11/12/2011,34.2,6.41,20,8.55,31.81,0.11
11/13/2011,33.13,4.28,18,10.69,31.81,0
11/14/2011,33.13,-1.07,13,13.89,31.75,0
11/15/2011,33.13,-2.14,12,12.83,31.75,0
11/16/2011,31,4.28,22,14.96,31.78,1.71
11/17/2011,28.86,17.1,51,14.96,31.88,6.73
11/18/2011,28.86,17.1,53,17.1,31.88,6.95
11/19/2011,28.86,17.1,53,21.38,31.85,3.95
11/20/2011,27.79,19.24,63,9.62,31.88,3.74
11/21/2011,27.79,19.24,63,8.55,31.88,30.35
11/22/2011,27.79,19.24,65,9.62,31.88,17.21
11/23/2011,29.93,13.89,50,12.83,31.81,4.06
11/24/2011,29.93,8.55,32,9.62,31.81,0.21
11/25/2011,29.93,13.89,42,8.55,31.85,4.38
11/26/2011,29.93,12.83,38,7.48,31.85,3.1
11/27/2011,31,13.89,40,11.76,31.81,2.67
11/28/2011,31,17.1,47,13.89,31.85,6.31
11/29/2011,28.86,18.17,55,16.03,31.88,8.98
11/30/2011,27.79,19.24,63,14.96,31.88,16.14
12/1/2011,26.72,19.24,64,12.83,31.91,18.6
12/2/2011,26.72,19.24,67,8.55,31.91,9.73
12/3/2011,28.86,19.24,60,11.76,31.81,10.26
12/4/2011,27.79,19.24,64,16.03,31.81,29.5
12/5/2011,26.72,20.31,71,13.89,31.88,29.07
12/6/2011,26.72,20.31,73,7.48,31.94,4.28
12/7/2011,27.79,18.17,61,8.55,31.88,2.99
12/8/2011,29.93,17.1,48,9.62,31.78,0.21
12/9/2011,29.93,16.03,47,9.62,31.75,9.94
12/10/2011,28.86,9.62,32,13.89,31.75,0
12/11/2011,29.93,14.96,44,7.48,31.78,1.92
12/12/2011,31,12.83,37,7.48,31.78,2.35
12/13/2011,29.93,4.28,24,16.03,31.81,0
12/14/2011,28.86,2.14,21,14.96,31.85,0
12/15/2011,29.93,3.21,21,11.76,31.85,0
12/16/2011,31,3.21,21,12.83,31.88,0
12/17/2011,31,8.55,26,16.03,31.85,0
12/18/2011,27.79,18.17,59,14.96,31.85,41.15
12/19/2011,25.65,20.31,75,13.89,31.88,92.99
12/20/2011,25.65,20.31,81,16.03,31.88,116.93
12/21/2011,24.58,19.24,73,17.1,31.88,11.86
12/22/2011,26.72,17.1,60,14.96,31.88,0.64
12/23/2011,28.86,12.83,43,14.96,31.85,2.03
12/24/2011,28.86,10.69,34,12.83,31.85,0
12/25/2011,29.93,16.03,49,9.62,31.88,1.18
12/26/2011,31,18.17,55,8.55,31.88,0.75
12/27/2011,29.93,19.24,57,6.41,31.91,25.86
12/28/2011,29.93,17.1,52,9.62,31.88,3.31
12/29/2011,29.93,8.55,29,8.55,31.85,0
12/30/2011,28.86,10.69,35,11.76,31.85,0.11
12/31/2011,29.93,11.76,39,10.69,31.88,0.11
1/1/2012,32.06,16.03,43,11.76,31.85,1.71
1/2/2012,32.06,16.03,42,9.62,31.85,0.75
1/3/2012,32.06,14.96,42,9.62,31.88,2.78
1/4/2012,33.13,12.83,35,10.69,31.85,3.42
1/5/2012,33.13,14.96,35,9.62,31.85,1.39
1/6/2012,34.2,12.83,32,13.89,31.85,0
1/7/2012,29.93,12.83,39,10.69,31.85,0.64
1/8/2012,31,16.03,43,7.48,31.88,13.89
1/9/2012,28.86,12.83,44,10.69,31.85,1.07
1/10/2012,31,16.03,43,9.62,31.85,4.81
1/11/2012,31,16.03,45,11.76,31.85,2.89
1/12/2012,31,16.03,44,9.62,31.85,7.27
1/13/2012,29.93,16.03,46,9.62,31.85,5.66
1/14/2012,28.86,17.1,54,9.62,31.85,10.37
1/15/2012,28.86,19.24,60,5.34,31.85,5.02
1/16/2012,27.79,19.24,68,12.83,31.78,7.16
1/17/2012,25.65,20.31,78,8.55,31.75,24.15
1/18/2012,21.38,19.24,83,17.1,31.81,35.59
1/19/2012,21.38,18.17,85,21.38,31.85,81.12
1/20/2012,23.51,18.17,74,14.96,31.88,2.46
1/21/2012,25.65,14.96,58,13.89,31.85,0
1/22/2012,26.72,14.96,53,14.96,31.85,0
1/23/2012,27.79,14.96,51,16.03,31.85,0
1/24/2012,28.86,14.96,48,13.89,31.85,0.21
1/25/2012,24.58,16.03,62,14.96,31.88,1.71
1/26/2012,28.86,12.83,44,5.34,31.88,0
1/27/2012,29.93,11.76,35,8.55,31.81,0
1/28/2012,29.93,16.03,48,13.89,31.81,0.53
1/29/2012,29.93,16.03,51,12.83,31.78,2.67
1/30/2012,28.86,16.03,51,12.83,31.78,2.78
1/31/2012,27.79,19.24,63,10.69,31.78,9.08
2/1/2012,24.58,16.03,62,14.96,31.85,7.59
2/2/2012,24.58,9.62,43,9.62,31.91,0
2/3/2012,28.86,7.48,31,6.41,31.91,0
2/4/2012,31,8.55,28,5.34,31.88,0
2/5/2012,31,9.62,30,8.55,31.81,0
2/6/2012,27.79,19.24,66,11.76,31.81,21.16
2/7/2012,25.65,20.31,76,11.76,31.81,13.79
2/8/2012,25.65,18.17,69,8.55,31.85,8.55
2/9/2012,28.86,18.17,59,9.62,31.81,0.53
2/10/2012,27.79,10.69,41,14.96,31.78,0.11
2/11/2012,26.72,9.62,38,11.76,31.81,0
2/12/2012,27.79,10.69,37,8.55,31.81,0
2/13/2012,29.93,12.83,41,4.28,31.85,0
2/14/2012,29.93,16.03,47,6.41,31.81,0.96
2/15/2012,28.86,16.03,51,9.62,31.81,10.15
2/16/2012,25.65,19.24,71,9.62,31.85,35.06
2/17/2012,25.65,19.24,74,10.69,31.81,21.38
2/18/2012,23.51,18.17,75,14.96,31.81,16.14
2/19/2012,23.51,17.1,68,11.76,31.85,0.75
2/20/2012,24.58,19.24,76,6.41,31.91,6.73
2/21/2012,24.58,20.31,80,7.48,31.88,10.37
2/22/2012,28.86,19.24,64,5.34,31.81,5.02
2/23/2012,26.72,20.31,69,10.69,31.81,14.11
2/24/2012,27.79,20.31,69,8.55,31.81,7.27
2/25/2012,26.72,19.24,69,6.41,31.85,2.67
2/26/2012,26.72,19.24,68,10.69,31.85,1.92
2/27/2012,27.79,19.24,66,12.83,31.81,3.1
2/28/2012,28.86,18.17,62,7.48,31.85,12.93
2/29/2012,28.86,19.24,62,8.55,31.85,13.79
3/1/2012,26.72,19.24,69,10.69,31.85,9.08
3/2/2012,27.79,18.17,63,11.76,31.85,11.22
3/3/2012,27.79,18.17,62,10.69,31.85,12.08
3/4/2012,27.79,18.17,62,10.69,31.85,13.15
3/5/2012,28.86,16.03,52,8.55,31.85,1.18
3/6/2012,29.93,17.1,54,9.62,31.81,6.2
3/7/2012,27.79,18.17,61,12.83,31.88,2.35
3/8/2012,27.79,17.1,60,13.89,31.88,10.69
3/9/2012,27.79,14.96,54,12.83,31.91,5.02
3/10/2012,28.86,13.89,48,16.03,31.94,0.53
3/11/2012,27.79,16.03,55,14.96,31.91,2.99
3/12/2012,27.79,16.03,53,14.96,31.88,0
3/13/2012,27.79,17.1,56,14.96,31.91,0.75
3/14/2012,24.58,20.31,78,11.76,31.94,42.32
3/15/2012,26.72,19.24,70,5.34,31.94,2.03
3/16/2012,28.86,14.96,51,5.34,31.91,1.82
3/17/2012,28.86,10.69,38,6.41,31.94,0
3/18/2012,27.79,6.41,30,11.76,31.94,0
3/19/2012,28.86,11.76,38,12.83,31.94,0
3/20/2012,28.86,12.83,43,14.96,31.94,0
3/21/2012,28.86,14.96,46,18.17,31.91,0
3/22/2012,28.86,16.03,53,18.17,31.91,0.53
3/23/2012,27.79,17.1,59,16.03,31.94,1.71
3/24/2012,25.65,19.24,70,11.76,31.94,20.52
3/25/2012,26.72,18.17,69,13.89,31.91,22.02
3/26/2012,24.58,19.24,73,13.89,31.88,17.74
3/27/2012,26.72,19.24,69,13.89,31.85,6.73
3/28/2012,26.72,16.03,59,10.69,31.91,0.96
3/29/2012,26.72,12.83,46,8.55,31.94,0
3/30/2012,27.79,8.55,36,8.55,31.91,0
3/31/2012,26.72,9.62,37,7.48,31.94,0
4/1/2012,26.72,9.62,38,12.83,31.97,0
4/2/2012,25.65,9.62,42,16.03,32.04,0
4/3/2012,25.65,8.55,41,17.1,32.07,0
4/4/2012,25.65,11.76,48,16.03,32.04,0
4/5/2012,24.58,10.69,44,17.1,32.04,0
4/6/2012,25.65,10.69,42,13.89,32,0
4/7/2012,25.65,10.69,43,11.76,31.94,0
4/8/2012,26.72,9.62,42,10.69,31.88,0
4/9/2012,27.79,9.62,38,10.69,31.91,0
4/10/2012,27.79,10.69,38,13.89,31.91,0
4/11/2012,28.86,10.69,38,17.1,31.97,0
4/12/2012,27.79,8.55,35,17.1,32,0
4/13/2012,26.72,8.55,36,14.96,32,0
4/14/2012,26.72,12.83,46,14.96,31.94,0.11
4/15/2012,26.72,12.83,49,14.96,31.94,0.43
4/16/2012,26.72,12.83,47,18.17,31.97,0
4/17/2012,26.72,9.62,40,12.83,32.04,0.53
4/18/2012,26.72,8.55,37,17.1,32.04,0
4/19/2012,26.72,8.55,36,18.17,32,0
4/20/2012,26.72,7.48,36,17.1,32.04,0
4/21/2012,26.72,7.48,36,10.69,32.04,0
4/22/2012,26.72,7.48,33,10.69,31.97,0
4/23/2012,27.79,8.55,34,9.62,31.94,0
4/24/2012,28.86,7.48,31,13.89,31.97,0
4/25/2012,26.72,6.41,32,19.24,32.04,0
4/26/2012,25.65,8.55,39,18.17,32.07,0
4/27/2012,26.72,11.76,47,12.83,32.04,0
4/28/2012,27.79,12.83,46,12.83,32,0
4/29/2012,26.72,6.41,34,14.96,32.04,0
4/30/2012,26.72,4.28,30,11.76,32.04,0
5/1/2012,26.72,3.21,27,10.69,32.04,0
5/2/2012,26.72,1.07,25,10.69,32.04,0
5/3/2012,26.72,1.07,25,9.62,32.04,0
5/4/2012,26.72,2.14,25,10.69,32,0
5/5/2012,26.72,4.28,29,13.89,32.04,0
5/6/2012,26.72,3.21,28,14.96,32.07,0
5/7/2012,25.65,2.14,27,19.24,32.1,0
5/8/2012,24.58,5.34,34,18.17,32.1,0
5/9/2012,23.51,4.28,34,18.17,32.07,0
5/10/2012,22.44,4.28,36,18.17,32.13,0
5/11/2012,22.44,3.21,33,18.17,32.13,0
5/12/2012,23.51,1.07,29,17.1,32.13,0
5/13/2012,23.51,2.14,31,12.83,32.07,0
5/14/2012,23.51,3.21,31,12.83,32.04,0
5/15/2012,23.51,0,26,14.96,32.1,0
5/16/2012,23.51,1.07,27,17.1,32.13,0
5/17/2012,23.51,4.28,33,12.83,32.1,0
5/18/2012,24.58,4.28,33,12.83,32.07,0.11
5/19/2012,23.51,-1.07,25,10.69,32.07,0
5/20/2012,24.58,-1.07,24,8.55,32.04,0
5/21/2012,24.58,-1.07,23,10.69,32.07,0
5/22/2012,23.51,0,26,16.03,32.13,0
5/23/2012,23.51,-1.07,25,13.89,32.1,0
5/24/2012,23.51,3.21,33,12.83,32.1,0
5/25/2012,24.58,4.28,34,9.62,32.07,0
5/26/2012,23.51,3.21,33,13.89,32.1,0
5/27/2012,23.51,2.14,31,13.89,32.16,0
5/28/2012,22.44,1.07,30,13.89,32.13,0
5/29/2012,22.44,3.21,34,13.89,32.16,0
5/30/2012,22.44,3.21,33,17.1,32.19,0
5/31/2012,22.44,4.28,38,17.1,32.22,0
6/1/2012,22.44,5.34,40,17.1,32.19,0
6/2/2012,22.44,6.41,43,20.31,32.22,0
6/3/2012,20.31,0,31,20.31,32.26,0
6/4/2012,20.31,0,32,20.31,32.22,0
6/5/2012,19.24,1.07,35,12.83,32.22,0
6/6/2012,20.31,2.14,37,12.83,32.19,0
6/7/2012,21.38,1.07,34,8.55,32.13,0
6/8/2012,21.38,0,31,8.55,32.07,0
6/9/2012,21.38,-4.28,22,7.48,32.1,0
6/10/2012,19.24,-3.21,25,19.24,32.19,0
6/11/2012,16.03,-6.41,28,21.38,32.29,0
6/12/2012,16.03,-7.48,24,17.1,32.26,0
6/13/2012,18.17,-1.07,33,14.96,32.16,0
6/14/2012,19.24,0,34,13.89,32.13,0
6/15/2012,20.31,3.21,41,14.96,32.13,0
6/16/2012,20.31,2.14,38,16.03,32.07,0
6/17/2012,21.38,-2.14,31,13.89,32.04,0
6/18/2012,20.31,-3.21,26,10.69,32.07,0
6/19/2012,21.38,-1.07,28,14.96,32.07,0
6/20/2012,21.38,2.14,34,10.69,32.07,0
6/21/2012,21.38,0,30,12.83,32,0
6/22/2012,21.38,-1.07,28,10.69,32.04,0
6/23/2012,21.38,-2.14,27,10.69,32.1,0
6/24/2012,20.31,-7.48,19,9.62,32.07,0
6/25/2012,21.38,-8.55,18,6.41,32.07,0
6/26/2012,21.38,-5.34,20,10.69,32.13,0
6/27/2012,22.44,-3.21,23,13.89,32.19,0
6/28/2012,21.38,-7.48,18,13.89,32.19,0
6/29/2012,22.44,-3.21,23,13.89,32.13,0
6/30/2012,22.44,1.07,30,11.76,32.1,0
7/1/2012,22.44,2.14,33,10.69,32.1,0
7/2/2012,22.44,-1.07,28,10.69,32.07,0
7/3/2012,22.44,-2.14,24,12.83,32.07,0
7/4/2012,22.44,0,28,9.62,32.04,0
7/5/2012,22.44,-1.07,26,16.03,32.04,0
7/6/2012,22.44,1.07,28,13.89,32.04,0
7/7/2012,21.38,5.34,39,17.1,32.1,0
7/8/2012,18.17,-5.34,24,17.1,32.16,0
7/9/2012,16.03,-4.28,30,20.31,32.22,0
7/10/2012,16.03,-6.41,26,12.83,32.22,0
7/11/2012,20.31,-3.21,26,9.62,32.13,0
7/12/2012,21.38,2.14,34,12.83,32.1,0
7/13/2012,22.44,2.14,33,9.62,32.07,0
7/14/2012,22.44,-1.07,26,8.55,32.04,0
7/15/2012,17.1,-6.41,22,20.31,32.19,0
7/16/2012,17.1,-6.41,25,21.38,32.29,0
7/17/2012,16.03,-10.69,19,17.1,32.35,0
7/18/2012,18.17,-5.34,27,17.1,32.29,0
7/19/2012,19.24,-6.41,23,14.96,32.19,0
7/20/2012,20.31,-4.28,25,8.55,32.13,0
7/21/2012,21.38,-3.21,24,7.48,32.13,0
7/22/2012,22.44,-4.28,23,7.48,32.13,0
7/23/2012,22.44,-7.48,18,9.62,32.1,0
7/24/2012,22.44,-7.48,18,12.83,32.1,0
7/25/2012,21.38,-9.62,15,18.17,32.19,0
7/26/2012,21.38,-6.41,21,20.31,32.26,0
7/27/2012,20.31,-1.07,30,17.1,32.22,0
7/28/2012,21.38,0,32,14.96,32.13,0
7/29/2012,12.83,0,40,14.96,32.13,0
7/30/2012,22.44,-1.07,29,10.69,32.07,0
7/31/2012,23.51,-1.07,27,7.48,32,0
8/1/2012,24.58,-2.14,22,8.55,31.97,0
8/2/2012,25.65,0,24,13.89,32,0
8/3/2012,23.51,-3.21,21,11.76,32.07,0
8/4/2012,24.58,-2.14,22,10.69,32.07,0
8/5/2012,25.65,-1.07,23,8.55,32,0
8/6/2012,25.65,-3.21,21,14.96,32.04,0
8/7/2012,21.38,-16.03,9,11.76,32.04,0
8/8/2012,22.44,-4.28,23,12.83,32.1,0
8/9/2012,18.17,-9.62,18,12.83,32.16,0
8/10/2012,21.38,-4.28,22,11.76,32.1,0
8/11/2012,23.51,0,27,9.62,32.1,0
8/12/2012,24.58,1.07,30,16.03,32.07,0
8/13/2012,23.51,-4.28,21,14.96,32.07,0
8/14/2012,24.58,-3.21,22,9.62,32,0
8/15/2012,23.51,3.21,32,13.89,32,0
8/16/2012,23.51,-1.07,25,12.83,32.07,0
8/17/2012,25.65,1.07,26,14.96,32.04,0
8/18/2012,26.72,0,22,17.1,32,0
8/19/2012,25.65,-2.14,21,13.89,32,0
8/20/2012,25.65,-1.07,23,11.76,32.04,0
8/21/2012,25.65,-2.14,20,12.83,32.04,0
8/22/2012,26.72,0,23,8.55,32,0
8/23/2012,27.79,2.14,26,5.34,32,0
8/24/2012,28.86,2.14,22,11.76,32,0
8/25/2012,28.86,5.34,27,9.62,31.97,0
8/26/2012,29.93,-1.07,18,14.96,31.97,0
8/27/2012,29.93,-1.07,17,12.83,31.94,0
8/28/2012,29.93,2.14,23,14.96,31.97,0
8/29/2012,27.79,0,20,9.62,32,0
8/30/2012,28.86,-1.07,19,9.62,31.97,0
8/31/2012,29.93,-1.07,18,7.48,31.97,0
9/1/2012,28.86,-2.14,18,14.96,32,0
9/2/2012,28.86,-4.28,15,16.03,32.04,0
9/3/2012,29.93,-6.41,13,14.96,32.07,0
9/4/2012,28.86,-7.48,12,10.69,32.04,0
9/5/2012,28.86,-6.41,13,14.96,32,0
9/6/2012,27.79,-16.03,6,14.96,32,0
9/7/2012,24.58,-16.03,8,13.89,32.04,0
9/8/2012,26.72,-16.03,8,9.62,32.04,0
9/9/2012,26.72,-5.34,19,10.69,32,0
9/10/2012,27.79,-7.48,15,11.76,32,0
9/11/2012,28.86,-13.89,8,10.69,32,0
9/12/2012,28.86,-10.69,10,13.89,32,0
9/13/2012,28.86,-6.41,14,13.89,32,0
9/14/2012,29.93,-7.48,11,11.76,31.94,0
9/15/2012,33.13,-2.14,14,13.89,31.94,0
9/16/2012,32.06,-2.14,15,18.17,31.97,0
9/17/2012,29.93,-2.14,17,19.24,32,0
9/18/2012,28.86,-3.21,16,14.96,31.97,0
9/19/2012,28.86,-1.07,18,9.62,31.94,0
9/20/2012,32.06,-1.07,15,9.62,31.88,0
9/21/2012,29.93,1.07,22,14.96,31.88,0
9/22/2012,28.86,-2.14,18,16.03,31.94,0
9/23/2012,29.93,-8.55,11,13.89,31.94,0
9/24/2012,29.93,-5.34,12,13.89,31.94,0
9/25/2012,29.93,-8.55,11,12.83,31.94,0
9/26/2012,29.93,-11.76,9,9.62,31.91,0
9/27/2012,31,-3.21,17,17.1,31.91,0
9/28/2012,27.79,-4.28,19,13.89,31.97,0
9/29/2012,27.79,-16.03,6,16.03,32,0
9/30/2012,28.86,-9.62,10,17.1,32,0
10/1/2012,29.93,-13.89,7,13.89,32,0
10/2/2012,32.06,-4.28,13,14.96,31.97,0
10/3/2012,32.06,7.48,27,11.76,31.91,6.2
10/4/2012,34.2,1.07,15,10.69,31.85,0
10/5/2012,33.13,-2.14,13,8.55,31.81,0
10/6/2012,33.13,-2.14,14,9.62,31.78,0
10/7/2012,31,2.14,20,12.83,31.78,0
10/8/2012,29.93,2.14,20,14.96,31.85,0
10/9/2012,32.06,3.21,20,14.96,31.85,0
10/10/2012,33.13,2.14,18,14.96,31.85,0
10/11/2012,33.13,1.07,15,20.31,31.88,0
10/12/2012,33.13,5.34,20,16.03,31.88,0
10/13/2012,35.27,6.41,21,10.69,31.85,1.07
10/14/2012,32.06,-1.07,14,12.83,31.85,0
10/15/2012,33.13,0,14,7.48,31.85,0
10/16/2012,34.2,0,14,10.69,31.85,0.21
10/17/2012,33.13,-2.14,13,14.96,31.81,0
10/18/2012,31,-9.62,9,14.96,31.78,0
10/19/2012,28.86,-4.28,17,16.03,31.78,0
10/20/2012,28.86,-1.07,18,12.83,31.81,0
10/21/2012,31,-2.14,14,8.55,31.85,0
10/22/2012,32.06,-5.34,11,9.62,31.85,0
10/23/2012,34.2,-7.48,9,12.83,31.81,0
10/24/2012,33.13,-4.28,11,9.62,31.81,0
10/25/2012,32.06,1.07,16,13.89,31.85,0
10/26/2012,33.13,13.89,36,11.76,31.85,3.42
10/27/2012,29.93,14.96,44,12.83,31.88,11.76
10/28/2012,32.06,13.89,40,9.62,31.91,0.86
10/29/2012,32.06,13.89,38,7.48,31.91,1.82
10/30/2012,32.06,11.76,34,6.41,31.85,5.45
10/31/2012,32.06,3.21,20,10.69,31.75,0
11/1/2012,31,1.07,17,16.03,31.81,0
11/2/2012,31,8.55,27,12.83,31.88,0
11/3/2012,29.93,13.89,41,14.96,31.88,0.53
11/4/2012,31,14.96,43,10.69,31.88,8.98
11/5/2012,32.06,12.83,35,7.48,31.88,0.21
11/6/2012,32.06,11.76,32,11.76,31.88,0
11/7/2012,33.13,11.76,30,8.55,31.88,2.99
11/8/2012,35.27,7.48,21,10.69,31.81,0.21
11/9/2012,34.2,5.34,19,11.76,31.75,0
11/10/2012,33.13,4.28,17,9.62,31.78,1.28
11/11/2012,26.72,13.89,44,17.1,31.94,15.82
11/12/2012,32.06,13.89,39,7.48,31.88,2.57
11/13/2012,33.13,12.83,33,6.41,31.88,0.86
11/14/2012,34.2,12.83,33,6.41,31.88,4.49
11/15/2012,33.13,13.89,34,10.69,31.85,1.5
11/16/2012,32.06,14.96,39,9.62,31.88,0.32
11/17/2012,33.13,16.03,39,10.69,31.85,0.11
11/18/2012,31,16.03,43,10.69,31.88,2.89
11/19/2012,31,17.1,46,10.69,31.91,4.6
11/20/2012,27.79,17.1,54,14.96,31.97,6.09
11/21/2012,28.86,16.03,51,9.62,31.91,0.32
11/22/2012,28.86,17.1,56,9.62,31.88,4.81
11/23/2012,28.86,17.1,55,12.83,31.88,0.64
11/24/2012,28.86,16.03,50,10.69,31.85,0
11/25/2012,31,11.76,35,11.76,31.85,0
11/26/2012,32.06,13.89,39,18.17,31.88,0.86
11/27/2012,31,16.03,45,22.44,31.94,0.53
11/28/2012,25.65,18.17,64,26.72,31.97,5.24
11/29/2012,23.51,18.17,74,11.76,31.97,19.02
11/30/2012,24.58,19.24,77,9.62,31.88,37.73
12/1/2012,27.79,17.1,60,10.69,31.81,0.96
12/2/2012,28.86,14.96,47,10.69,31.88,0
12/3/2012,31,12.83,38,9.62,31.88,0
12/4/2012,31,13.89,38,9.62,31.81,0.43
12/5/2012,31,14.96,42,11.76,31.81,2.46
12/6/2012,31,16.03,43,14.96,31.85,1.6
12/7/2012,27.79,17.1,54,9.62,31.91,1.5
12/8/2012,29.93,17.1,50,9.62,31.88,7.59
12/9/2012,28.86,18.17,54,7.48,31.85,11.12
12/10/2012,29.93,17.1,49,8.55,31.81,3.53
12/11/2012,31,10.69,34,11.76,31.78,0
12/12/2012,28.86,2.14,21,12.83,31.78,0
12/13/2012,29.93,4.28,23,10.69,31.81,0
12/14/2012,31,4.28,21,10.69,31.81,0
12/15/2012,31,8.55,27,11.76,31.85,0
12/16/2012,31,12.83,35,12.83,31.81,0
12/17/2012,31,16.03,45,12.83,31.81,2.57
12/18/2012,29.93,17.1,53,17.1,31.81,5.99
12/19/2012,27.79,18.17,61,17.1,31.85,3.1
12/20/2012,27.79,17.1,58,12.83,31.85,0.32
12/21/2012,27.79,17.1,55,8.55,31.85,0.75
12/22/2012,28.86,18.17,57,9.62,31.85,6.84
12/23/2012,28.86,19.24,59,6.41,31.85,9.83
12/24/2012,29.93,18.17,54,7.48,31.88,5.13
12/25/2012,31,17.1,47,11.76,31.85,6.63
12/26/2012,31,18.17,47,12.83,31.81,5.02
12/27/2012,28.86,19.24,59,11.76,31.85,19.99
12/28/2012,28.86,19.24,60,6.41,31.85,6.95
12/29/2012,31,17.1,49,10.69,31.81,1.82
12/30/2012,31,18.17,49,12.83,31.81,4.38
12/31/2012,28.86,18.17,56,10.69,31.78,8.55
1/1/2013,25.65,19.24,73,13.89,31.81,6.2
1/2/2013,28.86,17.1,56,11.76,31.81,0.32
1/3/2013,31,14.96,42,12.83,31.85,0.11
1/4/2013,31,12.83,35,11.76,31.81,0
1/5/2013,29.93,16.03,46,9.62,31.81,7.27
1/6/2013,29.93,16.03,50,10.69,31.85,2.67
1/7/2013,29.93,19.24,56,16.03,31.88,20.84
1/8/2013,26.72,20.31,68,14.96,31.85,33.56
1/9/2013,26.72,20.31,74,16.03,31.85,28.64
1/10/2013,26.72,17.1,58,11.76,31.91,0
1/11/2013,28.86,17.1,57,8.55,31.85,1.39
1/12/2013,29.93,13.89,41,9.62,31.81,0
1/13/2013,32.06,12.83,35,10.69,31.78,0.21
1/14/2013,31,14.96,41,12.83,31.78,0
1/15/2013,31,17.1,47,9.62,31.78,0.32
1/16/2013,32.06,17.1,46,8.55,31.78,3.21
1/17/2013,27.79,19.24,65,19.24,31.85,40.08
1/18/2013,28.86,17.1,53,11.76,31.85,20.2
1/19/2013,28.86,18.17,56,11.76,31.85,5.99
1/20/2013,29.93,14.96,43,10.69,31.81,0.43
1/21/2013,31,11.76,33,10.69,31.88,0.11
1/22/2013,33.13,10.69,29,8.55,31.88,0
1/23/2013,33.13,13.89,36,9.62,31.88,0.53
1/24/2013,32.06,14.96,41,16.03,31.88,0.11
1/25/2013,32.06,11.76,35,14.96,31.85,0
1/26/2013,32.06,13.89,39,11.76,31.85,0
1/27/2013,32.06,13.89,37,11.76,31.85,0
1/28/2013,31,14.96,42,14.96,31.88,0
1/29/2013,28.86,18.17,58,17.1,31.94,3.53
1/30/2013,29.93,17.1,57,7.48,31.94,5.77
1/31/2013,32.06,16.03,44,8.55,31.85,2.99
