elephant_id,year,season,date,waterhole,lon,lat,start_time_str,end_time_str,stay_duration_hours,temp_c,humidity_percent
02me,2010,Hot-Wet,2010-02-03,Olifantsbad Waterhole,16.1310575,-19.2388057,2010-02-03 15:00:00,2010-02-03 16:20:00,1.3333333333333333,29.93,20.0
02me,2010,Hot-Wet,2010-02-04,Gemsbokvlakte,16.0591959,-19.2134339,2010-02-04 18:00:00,2010-02-04 20:00:00,2.0,29.93,21.0
02me,2010,Hot-Wet,2010-02-05,Olifantsbad Waterhole,16.1310575,-19.2388057,2010-02-05 17:20:00,2010-02-05 18:40:00,1.3333333333333333,31.0,31.0
02me,2010,Hot-Wet,2010-02-06,Gemsbokvlakte,16.0591959,-19.2134339,2010-02-06 16:00:00,2010-02-06 17:00:00,1.0,28.86,48.0
02me,2010,Hot-Wet,2010-02-07,Gemsbokvlakte,16.0591959,-19.2134339,2010-02-07 07:40:00,2010-02-07 09:20:00,1.6666666666666667,23.51,78.0
02me,2010,Hot-Wet,2010-02-09,Aus Fountain,16.1932918,-19.2053106,2010-02-09 10:00:00,2010-02-09 11:00:00,1.0,26.72,78.0
02me,2010,Hot-Wet,2010-04-14,Leeubron,15.8166862,-19.0695406,2010-04-14 20:00:00,2010-04-14 23:40:00,3.6666666666666665,25.65,70.0
02me,2010,Hot-Wet,2010-04-15,Leeubron,15.8166862,-19.0695406,2010-04-15 00:00:00,2010-04-15 01:20:00,1.3333333333333333,24.58,73.0
02me,2010,Hot-Dry,2010-11-20,Leeubron,15.8166862,-19.0695406,2010-11-20 18:20:00,2010-11-20 19:20:00,1.0,29.93,59.0
02me,2010,Hot-Dry,2010-11-28,Leeubron,15.8166862,-19.0695406,2010-11-28 11:00:00,2010-11-28 13:00:00,2.0,26.72,80.0
