,PC1,PC2,PC3,PC4,PC5,PC6,PC7,PC8,PC9
step_sum_00,0.400548063872646,-0.8407977568554014,0.1378762916306253,-0.015661886412998566,-0.0024535938442999837,0.023779972306699086,-0.1704585641318974,0.09670804171452795,-0.09317901049665536
step_sum_01,0.3762547459914776,-0.8805188301322932,0.0731055267497196,-0.08700382155999464,-0.09798232755379994,0.03223519800008117,-0.11289372851846079,0.09467403146478369,-0.11259951939579597
step_sum_02,0.2651099713997012,-0.8434774769951259,0.025492790847868,-0.1484653028508542,-0.21897242994861774,0.15128111869094393,-0.08542826553509507,0.01123230690668827,-0.19347831392449025
step_sum_03,0.20339502403293638,-0.8728250547475802,-0.016856621124542413,-0.1645049154955304,-0.24421303645561945,0.1547776070870584,-0.0502510390371278,-0.0420495414567255,-0.10925213232965539
step_sum_04,-0.06212505087003876,-0.9238332232261013,-0.06999625380804406,-0.172115595298756,-0.15466660528511747,0.1863354052610525,0.016402117334124753,-0.05442300450201946,0.07873675615035065
step_sum_05,-0.5085643345602046,-0.7956753340542284,0.0021034183343112333,-0.19651819471182258,-0.03302601263635269,0.08409656283022583,-0.016116681707247896,-0.03102120528020014,0.046425589582445144
step_sum_06,-0.7386108569446803,-0.5738038748995133,0.07983111318140576,-0.2066983609896135,0.04283925433275447,0.003197776798383583,-0.08774979354257686,-0.006153656645556782,-0.014338157500891086
step_sum_07,-0.5497074166261378,-0.049706240316064174,0.10927804932923957,-0.0051037455744634376,-0.14679309967814363,-0.017589883769618314,-0.06872557220191869,0.03702395623709696,-0.27580956886584906
step_sum_08,-0.8154604269148734,0.049917563735255105,0.2754151513694582,-0.2867699900296489,-0.024449819189871682,-0.0534612326930389,0.08010379128832353,0.08178388246310131,0.04368399885207246
step_sum_09,-0.7375790925419772,0.1612824535668021,0.3545991039154315,-0.2542819188772159,-0.1094403228793314,-0.07173038990683539,0.18871430251296997,0.08360032470547586,0.18625767173727945
step_sum_10,-0.7933917999396298,0.22236595624898828,0.31972004721036384,-0.18021480827747594,-0.09583453138591207,-0.0678843055829092,0.1136477162241598,-0.13053620077336434,0.11122726223566823
step_sum_11,-0.7415724102557033,0.2805708582909716,0.342936834023328,-0.1897272860586353,-0.056571251290183325,-0.07538835564392637,0.056703879767250075,-0.17748405288680316,0.040319586143027455
step_sum_12,-0.7553138964826355,0.2728912243847719,0.3224931221651847,-0.1829668333548119,0.14511113572976392,-0.15518803886533453,0.11454941411611014,-0.049643485295793426,-0.04998421339272879
step_sum_13,-0.8208713852120731,0.20733960638649662,0.26123852699219713,-0.27144435675520684,0.17139456893743077,-0.08797747385326017,0.0718150048396337,-0.05518276979227786,-0.10506393908973066
step_sum_14,-0.77144274498272,-0.05740957965656799,0.3939603139265694,-0.32687302197190804,0.16989075173334509,-0.03344820891178241,0.010845565008570875,0.04359792706487053,-0.13132886071876707
step_sum_15,-0.33408259323878864,-0.31016453350693807,0.5987012650707175,-0.47838899985088784,0.03281248423550365,-0.11940278316756112,-0.03747793892126867,-0.03850971407530332,-0.24548018290658347
step_sum_16,-0.019990824066093156,-0.5666730602816606,0.6156527030287796,-0.34688884705828305,-0.07216678974601569,-0.14428426070676778,-0.05310808212885007,-0.06720781005546538,-0.165491430966147
step_sum_17,0.11742032670122265,-0.589178967300953,0.5571332213769216,-0.24703917928292962,0.05889481360670032,-0.24100745720427952,0.10867468235160983,-0.05677811662706884,0.04763956135919322
step_sum_18,0.3207010261182039,-0.6782588159859366,0.414995789110354,-0.04841847770105168,0.11960828933981622,-0.3271112601474626,0.22981152980557346,-0.06594010858829982,-0.0631409711666837
step_sum_19,0.47318788131505535,-0.5735607686316535,0.4354769184860785,0.0238447296357049,0.2041915325994452,-0.34318849351791575,0.11415279668802246,0.043585862061042466,-0.03814842408557725
step_sum_20,0.48597818217027,-0.6433130233347447,0.3692651328706238,0.030307762997345097,0.19316668147317162,-0.27808374634057065,0.07103056876392744,-0.10965304777711839,-0.05329509872331647
step_sum_21,0.47085967245251326,-0.6537916319375366,0.32471593910082414,0.04351854736568464,0.23316234296173813,-0.12043932432262472,-0.08222092420363514,-0.09014754986110453,-0.01243890451758385
step_sum_22,0.4956314561888352,-0.7105752237713372,0.32331017647142574,0.016237227534617323,0.18507949973007168,-0.12572136483239568,-0.16241503391528342,0.04207888922034592,-0.005303748602730055
step_sum_23,0.44076319560627714,-0.777435023222335,0.20251924368668658,-0.13022465822788018,0.023044553160996812,-0.0510770137495288,-0.1271240008974016,0.008842539549801158,-0.08148613272552088
turn_mean_00,0.35798044827604003,0.10519524196378624,-0.3605990933609714,0.10633651046400663,-0.25466958436431236,-0.1882009935017887,-0.39929067057703893,0.0470893087717604,0.08591718813244148
turn_mean_01,-0.20778533668520394,0.04712226642472891,0.03785397531582496,-0.18914491060949903,0.15075234077399607,0.07608523370988199,0.4996407063598604,-0.03655261322097034,-0.2875374335220729
turn_mean_02,0.04865886567122867,0.09578657489938641,0.0014668169681368369,0.0140038649084511,-0.23165492448177538,0.2029225543650219,-0.37420358202262305,-0.27266901209202365,0.11576534364235541
turn_mean_03,0.11578094878326181,0.2268502144167701,0.12439834926580783,-0.012310350967880938,-0.45081407907990445,-0.19140768945238726,-0.22559168871208984,-0.12485726191406826,-0.05306677787910019
turn_mean_04,-0.16931666886728128,0.15338199636917635,-0.030877880211838106,0.10263487943382531,-0.03284149227303959,0.03579926436498811,0.12653637181092647,-0.1053047066071945,-0.5550801086524781
turn_mean_05,-0.1524461455105463,-0.19937679682344808,0.5375857259075533,0.1730057297752775,-0.02785214821912149,0.25078772653038767,0.10315690634669583,0.1483113532667835,0.08036941231764286
turn_mean_06,-0.1753154918972466,-0.19767592836635733,0.5993478499175083,0.143148303170715,-0.28352965217091086,0.05873149785763697,-0.07975979390949277,-0.2358055897720534,0.023292600867710615
turn_mean_07,0.0546214377595819,-0.323865250196482,0.12536402319265466,0.12026509401013775,-0.31189775988115115,0.07391729974455281,0.7212712016945708,-0.14636142699921256,0.1591031878071264
turn_mean_08,-0.0710813070501944,0.13239238236133824,0.3908484866790564,0.11417589084400781,0.3062019963513815,0.1431373611640653,0.06602898577789523,0.5175696258588481,-0.09098897715375931
turn_mean_09,0.0916974389086153,0.20958009188781998,-0.10252990572323016,-0.5340477469224147,0.0944683272555985,-0.026369258586066074,-0.17339404099247124,0.20651319838626553,0.05215075897568502
turn_mean_10,0.028077653332873646,-0.22288392605402396,-0.02723050909686878,-0.28136880623083627,-0.4392812397308152,0.22545117883103016,0.26650776910764357,-0.29518728533311955,-0.1906105483105257
turn_mean_11,0.25154863230446856,-0.5446601701073739,-0.09778618940940503,0.0943182304263052,-0.40023756894049783,0.0004937605393640519,0.13788309656960118,0.06524642465334543,-0.03426083369460059
turn_mean_12,0.027752825553830907,-0.42392898729139444,0.48961301633503296,0.27364321589012036,-0.13053901350231295,-0.07151009250711715,0.19943794610930907,-0.009149802373767049,0.08473898878072446
turn_mean_13,0.29188760129845187,-0.2949768122337076,-0.21046880573972707,-0.1265576071807211,0.030686368231509557,0.13629278898062916,0.1964428085785913,-0.46646384655165885,0.27463870190946116
turn_mean_14,0.3672397167359606,0.1635515907864153,-0.7891568220269473,-0.2530540814526247,0.010824785136005216,-0.06654454697255952,0.14363870302936932,-0.08248770222030773,0.11471403318756075
turn_mean_15,-0.22403030605393862,-0.32929564545607776,0.7804045106866708,0.29251106852325487,-0.061521332484370035,0.06199609358026577,-0.11404185052029513,0.06777908726069037,-0.13810354859421087
turn_mean_16,0.0810209903349304,-0.34149178128748653,0.694069858172548,0.1761582752185389,-0.1465024420486647,0.07132246962755422,-0.04972923436813056,0.09411131024077507,0.006301648764533069
turn_mean_17,0.04956845808602053,-0.2396144972531599,0.17726682293485577,-0.14446561800029276,0.1137222732564287,0.3475895612876955,0.07676461144032727,0.5070438843277945,0.03319539314098063
turn_mean_18,-0.38763331951384,-0.22093729446162935,0.574178941311969,0.3449641337910755,0.2091533212312485,0.16835409258005224,0.05127086811927485,-0.06275690218837597,0.21205612704498783
turn_mean_19,0.44417565822778793,0.10050011692939853,-0.6138595931289218,-0.23821718254566154,0.15429360109248536,-0.04629284746475402,0.009782357546966094,0.08396611072092577,-0.09049429308152583
turn_mean_20,-0.4818319913063143,-0.012828080511486524,0.05797620001604177,-0.05524981770263527,0.11113722609751069,0.4852559725447823,0.09510376412336058,0.19101171538972228,0.16045553013471583
turn_mean_21,-0.3606562102768796,-0.08226375141113011,0.3064547443402198,-0.11699289197741664,0.25268243713272553,0.312906653318627,-0.06720179312639601,-0.18091555188136263,0.31411820645293026
turn_mean_22,0.3531604811294449,0.17467219611090873,0.11915168529909861,0.02665901372521042,-0.28515662192889224,0.10342441130583786,0.2732081341436857,0.16986953136426927,-0.44975564080692815
turn_mean_23,-0.01821308925976673,-0.16536547502673787,-0.3216641169621772,0.03457748737548809,0.18844780977224773,-0.07970846413277087,0.49847756784746644,0.46883388791465425,-0.10728162442937375
turn_std_00,-0.7564157990286003,0.23570342355933427,0.44556404686695517,0.03684046713542587,-0.015695388149409083,0.1309652748543936,0.019505678989752844,-0.1464859523891639,0.040247847978791065
turn_std_01,-0.7361489466561345,0.3741814556900299,0.3983543609715795,-6.910478240036423e-05,-0.008892187425257613,0.02801018523262421,0.04056725699265103,-0.0444735294966047,0.023975194531363538
turn_std_02,-0.6075179578657666,0.2508350112274739,0.49968917440111715,0.11717587869858474,0.10033883729133956,-0.09037994683077541,-0.013331147247087333,-0.15197775337966463,0.09866719335594286
turn_std_03,-0.1269548997028925,0.24528685762810856,0.6496205828491942,0.0867811081217068,0.34785684286951396,-0.043281946855171734,-0.19558507419865018,-0.2927439912123465,0.13938232884099022
turn_std_04,-0.07920275399454152,0.5632397558214189,0.5227242908413243,0.17094016198539863,0.01002188582234642,-0.2269695347643082,0.013170807216206913,0.019044232028247524,-0.12864655398968744
turn_std_05,0.06833682651070642,0.41950865107285806,0.39174483343966643,0.008149735220978305,0.055846412711897095,-0.19604231909757872,-0.29876049930311643,-0.14126476341447392,-0.26338262721034844
turn_std_06,0.018853246753281806,0.020382565865486653,-0.6414541549913715,-0.37644877021691847,0.015200747923951501,-0.12267120186483949,0.19932923559279478,-0.4240661775964718,-0.04431459986549568
turn_std_07,0.0891696048693332,-0.6453878067987441,0.135489043320306,0.1008963206618474,0.11262527978781753,0.14854570128567873,0.15406457481570554,-0.4035267254307345,-0.05859274922267375
turn_std_08,0.158283297320285,-0.817777454279937,0.07736679997157503,0.04519920195709188,0.17560341214568936,0.054507559035706504,0.06667366081352222,-0.28533769119990793,-0.028136995341817548
turn_std_09,0.29618830986363937,-0.7769736919207152,0.1538544891023463,0.0795881160007043,0.17510866409722614,0.18836151389968026,-0.07602691729382952,-0.09128533878745193,-0.0575547431241929
turn_std_10,0.4571626775997883,-0.6480546004366607,0.29085390132365113,0.14467903886628014,0.25184156954529285,0.09785930333669121,-0.015002330040133184,0.21565930628298163,-0.04101552345696568
turn_std_11,0.46493313217245474,-0.7356404732583676,0.19948762812266332,0.1806472132437995,-0.017731858048321576,0.0593001256081265,0.19126218000137,-0.02812639880604602,0.04810518090558488
turn_std_12,0.6113482961249956,-0.5910238073390456,0.07024355283185092,0.15193200565953324,-0.06057863858145646,0.06900209563889459,0.238900801727889,0.004974646572898973,0.1963369540294728
turn_std_13,0.5483512666844561,-0.5519092134995965,0.08985179627319272,0.1939044986623624,0.08398468993697174,0.07689081036451992,0.19789741479048722,0.12346855445297428,0.18021803799404285
turn_std_14,0.24447463738024225,-0.5984830721801276,0.08066100427963588,0.32641109065184537,0.08345304647347956,0.1107859603185374,0.0816501478876907,-0.09153542810804494,0.09277494982091483
turn_std_15,-0.42528009595338134,-0.3213110058125292,-0.5053884695671724,0.21055508562586064,0.2536721917296736,0.23571903759097104,-0.13130333205534808,-0.16126534075874888,0.1299313843770438
turn_std_16,-0.56634229464874,0.0587975025666974,-0.45165054917525843,-0.013387727559804925,0.45957483728814874,0.1295654062142506,-0.02695769431280744,-0.15675792911820124,-0.07537382315915866
turn_std_17,-0.4508736363845509,-0.15940515162306973,-0.08548190632362138,0.048159144607362925,0.3778792425392026,0.2410356396330584,-0.0019702347091773162,-0.35232371958487446,-0.43111886167296565
turn_std_18,-0.397657508916969,0.10471474735461947,-0.6188207786543046,-0.1829324417639032,0.2975270801980444,0.296646951466318,0.08216601846315887,-0.1123507391147294,-0.20248811711023265
turn_std_19,-0.4676066062726245,-0.16961543986231115,-0.15383681214542586,-0.18963773665608363,0.29993640125919363,0.4334656374708848,-0.021532187620851108,-0.09889765708519874,-0.2143672096552946
turn_std_20,-0.6259635115626523,-0.06726656905201514,0.15502389938167,0.059735529728577964,0.17842774352175217,0.286813304174854,-0.11997262147346423,0.11494178447549402,0.006207866348279859
turn_std_21,-0.718518057771037,-0.1971045004535367,0.17995521461140626,0.12729890760879042,-0.04243102725435045,0.14439054874000123,-0.07266719484876352,0.10761700819707727,-0.16514269017947422
turn_std_22,-0.8073093186332962,-0.07024025219129207,0.2223780664061416,0.03747629853026192,-0.20515599880896285,0.12338612940743576,-0.039407370152753106,0.14638640720348126,-0.12966822722947666
turn_std_23,-0.7808048526369153,0.15670096991497093,0.36943435076427233,-0.004388336401562017,-0.06483725533396593,0.23281152286479317,0.14719186159109426,-0.0029285842177355936,0.03448106162110743
nsd_mean_00,-0.8935209790692545,-0.36191260873065084,-0.22685771282030376,0.1474036282662646,-0.015261664195852648,-0.11430672255510811,-0.0060626514925230185,0.006484528094561728,-0.01685687949765073
nsd_mean_01,-0.893083712581069,-0.3624811329820368,-0.22721742457147398,0.14724075051147756,-0.014642014644711572,-0.11510659431345314,-0.0070640845495431835,0.0055740308348141065,-0.01743651890037999
nsd_mean_02,-0.8933303305096183,-0.36199763844503796,-0.22751540453394464,0.14773394280825775,-0.01500336646560658,-0.1140360023651905,-0.008305578838561778,0.007659391997955845,-0.014824883887122723
nsd_mean_03,-0.8939610056640571,-0.35952306631372316,-0.2274353015617082,0.14817999560563117,-0.016656668663661865,-0.11482852397776572,-0.010219247473885633,0.008102701390576216,-0.011645736575312643
nsd_mean_04,-0.8944010122927918,-0.3591090326396469,-0.2275015738303699,0.14724425768935512,-0.016948607470892475,-0.11332811377180342,-0.01164521023295398,0.008629950237436419,-0.010109933870289625
nsd_mean_05,-0.8952292238194658,-0.3597445878298058,-0.2276784783656226,0.14395671463412454,-0.01568560739530384,-0.10941704149869051,-0.016679475246117993,0.007953525479721054,-0.009118353115647876
nsd_mean_06,-0.8959184566611156,-0.3614878383049967,-0.22762194436153363,0.14027309782790148,-0.01306661692819511,-0.1042011312827283,-0.019371566288685964,0.008499786145694249,-0.007879723460100005
nsd_mean_07,-0.8960413400736886,-0.3641050012835008,-0.2281710422007358,0.13603405966303117,-0.011197988926477291,-0.09773789368589104,-0.019076671352600973,0.011687800934194331,-0.006121397551415048
nsd_mean_08,-0.8955605070918407,-0.3663548523317855,-0.22901924608823973,0.13382171863117953,-0.009952544173631497,-0.09433712816535003,-0.01581889646685905,0.014770336200318944,-0.007454104053412521
nsd_mean_09,-0.8957828227914465,-0.3668716114183934,-0.22971882613402375,0.1307054557741526,-0.010616042333511417,-0.09347113832722805,-0.012487646651854624,0.014833488394180784,-0.010952978865634117
nsd_mean_10,-0.8954318578549725,-0.3701049305232774,-0.23004815649343868,0.12589488185355022,-0.00983998951936134,-0.09180517303832332,-0.011104995058550384,0.015034948835676118,-0.010808157241335617
nsd_mean_11,-0.895671713887437,-0.3706384754550123,-0.2302351886194055,0.12337673546071018,-0.009017168453119928,-0.09118736402745274,-0.010207391742318822,0.01374980939130743,-0.009834491877341318
nsd_mean_12,-0.895597176791459,-0.37058654449990375,-0.22972098177486197,0.1223946652250124,-0.008557291777250113,-0.0916902464888953,-0.008553764316367882,0.015882757267950215,-0.008785527738813638
nsd_mean_13,-0.895673901024749,-0.36951370010198414,-0.22932909832422904,0.12192409173985636,-0.009241060082631735,-0.0946724766551005,-0.008239753957419372,0.019567856413713156,-0.006177046580963113
nsd_mean_14,-0.8952297988654929,-0.369911311241095,-0.22935974660128614,0.12225044770854367,-0.009947589678070589,-0.09839419623732301,-0.005926506234305053,0.021447061185104976,-0.006394362160744851
nsd_mean_15,-0.8947431310802142,-0.3707245030642981,-0.2293318838960502,0.1236795512527847,-0.010934959834642094,-0.10109290323340166,-0.0035889634049968,0.02080111551368645,-0.007515546704901204
nsd_mean_16,-0.8956379672208572,-0.36838150820798904,-0.22839884705280258,0.1258911302592514,-0.013010715304923069,-0.10271375054152619,-0.0013016331204517176,0.01952122314054828,-0.011598455169762899
nsd_mean_17,-0.8958479338729775,-0.36713569808421886,-0.2276485904254015,0.1285450766943531,-0.01648159075634592,-0.10436767503688464,-0.00210955617444737,0.01849600102187585,-0.01346100855760199
nsd_mean_18,-0.8942347809719132,-0.36686316422112397,-0.228901148351734,0.1338652181862804,-0.019531177735722795,-0.10858415017959136,-0.0022782863812612067,0.01761977323211466,-0.015306651219448516
nsd_mean_19,-0.8930549683956128,-0.3663903867600604,-0.23176707244546152,0.13545224329336794,-0.02179071085228364,-0.10980927044570306,-0.0016398400368519365,0.018733205438481008,-0.015657490613138383
nsd_mean_20,-0.8919784733097695,-0.3670627639774234,-0.23332345697564247,0.13727800611980606,-0.02063546232051981,-0.11004453684205655,-0.0012324967518913316,0.019297600246451444,-0.013638267526379111
nsd_mean_21,-0.8913303090206656,-0.36736976724094395,-0.23478325267427766,0.1373386038935767,-0.019992015672026183,-0.11013070119983663,-0.0013928066244118693,0.01900523704286705,-0.011646475530284623
nsd_mean_22,-0.8905389133664693,-0.3687929582318023,-0.23666219080769582,0.13660282443404168,-0.018887594494184468,-0.1093115958126822,-0.0015615191858343786,0.014709967152590254,-0.010260325909767647
nsd_mean_23,-0.8896683465369737,-0.36783646925769947,-0.2427155994378131,0.1337890066432349,-0.017208202331641158,-0.10937824798196359,-0.0014351135814659325,0.009300082894496634,-0.00949509842499261
speed_mean_00,0.3452990122922402,-0.8641854503801049,0.08279447068341252,0.0013971491881219795,-0.05182074209182236,0.07937244124917228,-0.18595641443361646,0.13502318825953868,-0.022181750582129987
speed_mean_01,0.4923187709788498,-0.5119639871064765,-0.6242790069257158,-0.24241637555542142,-0.07734374688205545,0.03774096302752088,-0.07409338197926466,0.10709073632014601,-0.007423719121463753
speed_mean_02,0.4033572165692388,-0.6688631729015289,-0.4736529711202835,-0.2597872497538877,-0.16866769768055445,0.12517122805677894,-0.06321025834679272,0.04041577777320209,-0.1290022825133178
speed_mean_03,0.23244532122103775,-0.85784832692556,-0.14209213980983276,-0.17479670469197015,-0.24000821753487975,0.18037759521008329,-0.06010148709452695,-0.02844227000721963,-0.06177712731286316
speed_mean_04,-0.05721106579216029,-0.8883863897865215,-0.18201978792647824,-0.16875840383272553,-0.14719547569956562,0.23724510201226437,-0.004270845088922464,-0.032603622460722036,0.1402416810396551
speed_mean_05,-0.5071583117038355,-0.7601426295089015,-0.06266682440260042,-0.1670561668026955,-0.04214436114052026,0.14303210400988237,-0.06333934650817329,0.021025758771178425,0.12982954705168726
speed_mean_06,-0.7012307506529313,-0.5387411350260474,-0.07792826335022807,-0.20050682756993046,0.019920665970763612,0.0849499223863721,-0.1337042083090657,0.058985041653730856,0.10907458272286867
speed_mean_07,-0.7272139371658272,-0.04248441811361854,-0.3575759766564627,-0.397728017613955,-0.020198578692083354,0.06593029992537137,-0.15710252794091017,0.12721900220798255,0.20416116718287222
speed_mean_08,-0.8159433949074657,0.1348690785181622,0.011637533940943239,-0.33765736394149465,-0.06123525210653062,0.007474210235689612,0.038577594547286195,0.1719661641843624,0.17306340922133312
speed_mean_09,-0.75870186330837,0.1728951320087009,0.2530176268151628,-0.222899495728494,-0.13353222642656543,-0.0020157302915635327,0.14594643884967007,0.17044423688498336,0.2908051799353281
speed_mean_10,-0.8054944741842535,0.2653699161672859,0.17545113722642816,-0.1727167138365562,-0.1286700079768576,0.0023823812646340996,0.06510426438996687,-0.06968079043353022,0.24078157143715073
speed_mean_11,-0.7600923826869166,0.3188245546901175,0.29901846464609266,-0.2260944331126111,-0.08596345011321187,-0.05984569294828305,0.001100996098186344,-0.1090507943304372,0.13808609092497343
speed_mean_12,-0.8482249389848872,0.28004598957445576,0.1446575545555529,-0.19785311676087913,0.09728246940212992,-0.13955060890647564,0.046326767798570555,0.01584822235106672,-0.02035982512248884
speed_mean_13,-0.8158424398222267,0.3377671472981132,-0.07182738329756744,-0.3488747037550871,0.14335790211532284,-0.03803027548547433,0.050929234434512284,0.024559293700021384,-0.0007077821305687654
speed_mean_14,-0.7767096145383553,-0.023527750642470133,0.25359887739202575,-0.31745232445241467,0.11033256584419293,0.06790724345329809,-0.06581406809620605,0.13602193160396742,-0.01261007856122761
speed_mean_15,-0.34863575896045645,-0.3402275445545574,0.5363324667265474,-0.5317609568060507,-0.019265796882296647,-0.08195655982802758,-0.1271229498809264,0.03398442951106103,-0.0981781073903494
speed_mean_16,-0.002163292363048927,-0.5929953183910334,0.5136241458322962,-0.35236272507258337,-0.1325798787457567,-0.05158230665496958,-0.15248194396131579,0.03572776389387213,0.013098289089127316
speed_mean_17,0.15320635993975926,-0.6925947017264303,0.4352736711696571,-0.2597960673770014,0.1127182379520755,-0.13429910590403576,0.06905768910625068,0.022742321703638463,0.19107684116697293
speed_mean_18,0.5750147747399489,-0.4841911569848869,-0.2613478347558365,-0.2500299228116704,0.09243573954523586,-0.3636110948064336,0.22162873574715883,0.011716802156687224,0.05345403368633195
speed_mean_19,0.700052550164762,-0.319440395657766,-0.31650510119449776,-0.11434980939550717,0.17678408610044075,-0.3375044945880944,0.13125716020341843,0.08458462984296379,0.10225716928409183
speed_mean_20,0.7128481324869641,-0.5400477782494124,-0.18028277488047373,-0.07677700267954556,0.19437073418291897,-0.24119057735244134,0.0583701650899505,-0.01455418382430281,0.06298443919425847
speed_mean_21,0.6440791286607345,-0.5528280270211148,-0.03932416889151873,-0.029491565500171915,0.24557972344617424,-0.14757422553146052,-0.12782777605297502,-0.043736981729810116,0.09746396398952117
speed_mean_22,0.6347147544957965,-0.6466932954207297,-0.04871963782362512,-0.016623367315497715,0.1952021416004381,-0.0939780489251511,-0.1869090567749767,0.05268326362909133,0.13004626636921662
speed_mean_23,0.4552299440033395,-0.09867025947818849,-0.8223582544321374,-0.2789870538951409,0.029060181483492938,-0.013662667789372382,-0.01600115431595916,0.03130284492350161,0.045969466617221774
