1.752039378287699947e+04,1.131184503302799931e+04,8.304488414995999847e+03,6.607840076331000091e+03,1.830998471780099862e+04,3.049666882943000019e+04,2.293958883597499880e+04,2.120532366650900076e+04,2.320223934283400013e+04,2.209557713498800149e+04,2.532635503648099984e+04,1.735288971267500165e+04,1.652384656658400127e+04,1.842814773150800102e+04,2.284255734673700135e+04,2.207976689199500106e+04,2.672647883504899801e+04,3.170345883510999920e+04,2.607686615944100049e+04,2.617341681723899819e+04,2.200338931386200056e+04,1.905197672781599977e+04,1.519819066734700027e+04,2.101491765442799806e+04,3.692096250589315787e+00,-1.522964943123986359e+01,4.237119909447955024e+00,-2.714919499689261784e+01,-8.869778002576310882e+00,-4.732917708019954262e+00,-7.277573282275682232e+00,-3.105124521286683148e+00,-8.469441690085716345e+00,1.601293586519261680e+00,-2.752000010270904795e+00,1.291446681926672113e+01,9.464928420613318849e-01,4.171861342875445189e+00,-5.351725551913688150e+00,9.137140484169719912e+00,-3.762476893607981765e+00,4.571564181261692283e+00,6.171586637266528896e+00,2.797697629370333061e+00,-5.957894207895321870e+00,-6.600800300194634929e+00,-2.960655559691815597e+00,6.264292425615934690e+00,7.089485211767023998e+01,7.256824198796297765e+01,1.042810028431811986e+02,1.238753764082632358e+02,7.558214556700669107e+01,5.448697453928829759e+01,4.757670232499358320e+01,5.925824897043796824e+01,4.996387383243023805e+01,7.434427061999390673e+01,6.368363672837799783e+01,8.457244193870189974e+01,7.914948301656978913e+01,7.634333976319923920e+01,7.862554845233516687e+01,5.581912276461702760e+01,5.054468644903319330e+01,4.665906429683604983e+01,4.955588665579347207e+01,4.706767561418833168e+01,5.832607621577390944e+01,6.496817704961648587e+01,6.861497699159885144e+01,6.426287308563800593e+01,4.676092871406153373e-01,4.669226859976103872e-01,4.677180903806473222e-01,4.686635099658116310e-01,4.703200645778798372e-01,4.710304491917571279e-01,4.716493825579468613e-01,4.730759350167766941e-01,4.754520151119456806e-01,4.759787628185736530e-01,4.761602179819579561e-01,4.762051680149188004e-01,4.760360926887572952e-01,4.752859312839414763e-01,4.755677683781848741e-01,4.751549479890210814e-01,4.744987386004680952e-01,4.749288572939042163e-01,4.757025577365591174e-01,4.756960697209093314e-01,4.755158371412325224e-01,4.744448926445682391e-01,4.724404158783179764e-01,4.702567053825706944e-01,1.570377807634408540e-01,1.013723661935483911e-01,7.440206454838708960e-02,5.917249232258064290e-02,1.640671347311827843e-01,2.731123870752688032e-01,2.055296468924731335e-01,1.899470877526881762e-01,2.079127161182795780e-01,1.979406878602150421e-01,2.268833838064516217e-01,1.555499703655914001e-01,1.480931517526881680e-01,1.651387036881720449e-01,2.046754260967741934e-01,1.978988978064516180e-01,2.393737728817204313e-01,2.841190573548387222e-01,2.338082835268817106e-01,2.345470545483870906e-01,1.971923218602150696e-01,1.706839036451613112e-01,1.361863986774193569e-01,1.883392460752688069e-01
1.049953407367600084e+04,9.139640838339000766e+03,7.446292842996000218e+03,4.941079524635999405e+03,1.057973338063600022e+04,2.619287719228300193e+04,2.167067167079800129e+04,1.774006502945100146e+04,1.844747654170999886e+04,1.229623068086900093e+04,1.362230372422300024e+04,1.649911609743300141e+04,1.890261327775600148e+04,1.641260353334200045e+04,1.624780490785000075e+04,2.176290866071599885e+04,2.436979405274500095e+04,2.159638759131000188e+04,1.642915562644999955e+04,1.424967538041899934e+04,1.269859223584299980e+04,1.453636823704500057e+04,1.046103854714699992e+04,9.231676263449000544e+03,9.167822437515582124e+00,8.346948215687802985e+00,1.749017985524659480e+00,3.214382800981852029e+01,1.069966478180873537e+00,-5.334590504903189867e+00,2.367471967961421342e+00,-9.281063016181775538e+00,-2.086381809211076188e+00,-1.506747379364617245e+01,1.607923127331460478e+01,3.540031561324440190e+00,5.927142825989335506e+00,5.900049496840864549e+00,-1.222580413744935868e-01,-2.041836511778569729e-01,1.763737194575554668e+00,4.057748733666244334e-01,9.525294554729185847e+00,-2.164910746578044609e+00,-2.890649239028448392e+00,1.048645697856665038e+01,-5.918972252474731022e+00,-7.560648175590500841e+00,7.089810593423796092e+01,8.646233761908688109e+01,7.469195771303094489e+01,1.232096261475008419e+02,9.558863685302004853e+01,5.078075051025950870e+01,6.071452828722682682e+01,5.826032603163315571e+01,7.942568295065329664e+01,8.000743230782752846e+01,9.212192928196273556e+01,7.639792397933243251e+01,8.899324411728748885e+01,8.428320544079153365e+01,7.882751134013099659e+01,7.177722813444276539e+01,5.802055912329389997e+01,5.096795462285253819e+01,4.701294710031005764e+01,6.090495892144902967e+01,5.728615044443647975e+01,5.345914035652590002e+01,6.084045040688397421e+01,5.622601094675060551e+01,4.865094250495396455e-01,4.851811913107798580e-01,4.837796973527825894e-01,4.826648101815386172e-01,4.814480975001018681e-01,4.779397347065435508e-01,4.750253083881040839e-01,4.763303745846423909e-01,4.791438265621730808e-01,4.810950517790273939e-01,4.829832952142612545e-01,4.866919791418263253e-01,4.912302902330082377e-01,4.933493780364658909e-01,4.929026283179500645e-01,4.939726819066432295e-01,4.956403057430441850e-01,4.979632099965677350e-01,4.990220563612876026e-01,4.993773815250522885e-01,4.984049648374689889e-01,4.957239510602862720e-01,4.930929725812543962e-01,4.913809980214537410e-01,1.040520232738095241e-01,9.066089629761904523e-02,7.387822183333334070e-02,4.902690791666666770e-02,1.049920290000000006e-01,2.598565154285714662e-01,2.149724938928571638e-01,1.759343846904762032e-01,1.829964078452381016e-01,1.219813796904761771e-01,1.352169513690476277e-01,1.636616530714285755e-01,1.875271787380952404e-01,1.628246138690476186e-01,1.611713710595238103e-01,2.158919442619047502e-01,2.417963769166666665e-01,2.142752201190476213e-01,1.628918017857142742e-01,1.413514168690476192e-01,1.259140182976190570e-01,1.441626257261904853e-01,1.037873916428571353e-01,9.157029395238096281e-02
8.150319911866000439e+03,6.225203817988000083e+03,5.334325965910999912e+03,2.400307289706000120e+03,4.636047610038999665e+03,1.620093744361400059e+04,2.328383127486000012e+04,2.185201870431999851e+04,2.275712842045900106e+04,1.691846856137199939e+04,1.803996033263600111e+04,2.030773557399600031e+04,1.436139891372800048e+04,1.449547992053700000e+04,1.508801389878900045e+04,1.856803488704399933e+04,2.379482782380099889e+04,2.419844109323000157e+04,2.046171465824099869e+04,1.484747442446899913e+04,1.815526839955299874e+04,1.196902452323000034e+04,1.052956085038600031e+04,1.021164058814999953e+04,-1.540344012469859081e+00,-4.852795084267143011e+00,-3.864702380490408018e+01,-3.905848182385511791e+01,2.573630293049149032e+00,1.096116024851767179e+00,-4.631716109886184540e+00,-6.143883796151442311e+00,6.409440183674064428e-02,6.434715276884872992e+00,-1.542957523604434300e+01,-5.501199659206918113e+00,-6.506186206158389496e+00,4.081913457544402490e+00,-1.441613324514975147e+00,6.607059911422112464e+00,1.606638117031877755e-01,-8.249616694749221324e+00,2.493829535781912909e+00,-2.074242376919130493e+00,-2.009937419548663229e+00,-1.654277380412395360e+00,-1.945793617805196618e+01,-1.717125420335079866e+01,8.499693753434016230e+01,9.996624214766217165e+01,1.298025800955076647e+02,1.493042414869792651e+02,1.558919949923478896e+02,6.725265672214149504e+01,5.191531470911412072e+01,5.214941751599950237e+01,5.608237697060674520e+01,6.895974179474079335e+01,7.430785360180264831e+01,7.045239935713527757e+01,7.219265919400926634e+01,7.121405613298038872e+01,5.084840477821025218e+01,4.735540357335477069e+01,4.970215076865476789e+01,4.201167562463830052e+01,4.271249426113679704e+01,5.192000947551210288e+01,5.589818174920132066e+01,6.575611198425656312e+01,7.136192550808618762e+01,6.854515724291155720e+01,4.471319295141303884e-01,4.472142810783363842e-01,4.472762654664280135e-01,4.472841216005689069e-01,4.471340834808864573e-01,4.463052522342798589e-01,4.457450350502228376e-01,4.467424575975063594e-01,4.485266193441491689e-01,4.493604628953761781e-01,4.518843472926592497e-01,4.536964459930647453e-01,4.543646340634322489e-01,4.552845993824104487e-01,4.552692828159518035e-01,4.558460804888925244e-01,4.557325172154876314e-01,4.552098141422289412e-01,4.556222489296733458e-01,4.553948062895276649e-01,4.533952556716852600e-01,4.523387800754956056e-01,4.520682639071431641e-01,4.513539322753873373e-01,7.298257347311827570e-02,5.576613113978495101e-02,4.779305601075269083e-02,2.150843312903225751e-02,4.157541866666666919e-02,1.451756653655913998e-01,2.086503163763440971e-01,1.957673312473118266e-01,2.039850866666666762e-01,1.515630203225806494e-01,1.616322042580645157e-01,1.820020410430107649e-01,1.286834666021505480e-01,1.299625743763440922e-01,1.352204518279570000e-01,1.664029305268817094e-01,2.132321687849462188e-01,2.168580941720430200e-01,1.833747828172042904e-01,1.330434748709677373e-01,1.626761844731182682e-01,1.072357467849462398e-01,9.438153647311828265e-02,9.150452396774193253e-02
8.376113461054999789e+03,5.561505004632999771e+03,2.930267580284999895e+03,1.680794068723000009e+03,9.129312579985999037e+03,1.517400790379600039e+04,1.818612471848399946e+04,1.541650808173000041e+04,1.383813862514900029e+04,1.523813106637300007e+04,1.055895423507899977e+04,1.427407077162200039e+04,1.515524317266400067e+04,1.414044946983199952e+04,1.589542361307399915e+04,1.882052429498199854e+04,2.258455086931099868e+04,1.808192264763099956e+04,1.720215379518199916e+04,1.409608000171399908e+04,9.948278886692000015e+03,9.653244158151999727e+03,1.212374034406499959e+04,1.173379179087800003e+04,1.530792250484876149e+01,4.093827380572520269e+01,1.733184155196833558e+02,9.972114739897949676e+01,-9.304199508441030275e+00,-3.977033600475294861e+00,4.768099788844608611e+00,-4.744625176002955413e+00,-1.219232822839987307e+01,1.332529198584552432e+00,-3.769888274395754024e+00,-9.260191038417247000e+00,5.303983465093779159e+00,1.314340569151880800e+01,-5.352352103822596519e+00,-3.955682267558756848e+00,7.933831150663195331e-02,-3.145981792108557329e+00,1.811432388959246964e+00,-1.294954231086583718e+01,-6.847273428425495467e+00,-3.438011851079522785e+00,-4.135291485192368555e+00,-9.129563340179288389e+00,8.230006311653278317e+01,1.289119149618644826e+02,1.732092624862351045e+02,1.276257640027123728e+02,9.915862514109669235e+01,5.790660173245275644e+01,5.480548241469883664e+01,6.509682652083591847e+01,7.137899305620314294e+01,7.719147597749905287e+01,9.066665826396125283e+01,9.517890082034224974e+01,8.810392487125342598e+01,8.187715947298447361e+01,6.538995820666242764e+01,6.514351237132663641e+01,4.650842273451711861e+01,5.524699751928243074e+01,5.153342064863161198e+01,5.771786652140139040e+01,6.529451587832295445e+01,7.493618225026256141e+01,7.376463024691007320e+01,6.671937263989590861e+01,4.208930860524463524e-01,4.203397927838997128e-01,4.201560130330732057e-01,4.200704972470072907e-01,4.249465505513182473e-01,4.241100258462097705e-01,4.246316997900414503e-01,4.246211703620949018e-01,4.282401895322094920e-01,4.311419264791361838e-01,4.329363131693983457e-01,4.337612491078812749e-01,4.274995079472577175e-01,4.273779397788836643e-01,4.257788569741126627e-01,4.244558311636298376e-01,4.243728360049787707e-01,4.246126622633888958e-01,4.249743296871931197e-01,4.253225009599650441e-01,4.225323117625809921e-01,4.211114130442431547e-01,4.213881847281441551e-01,4.206760340225502715e-01,7.746285334444444337e-02,5.147455736666665949e-02,2.712955879999999834e-02,1.556334094444444642e-02,7.782489416129032000e-02,1.360016173118279437e-01,1.629683023978494572e-01,1.381688753655913870e-01,1.267462053736263805e-01,1.410831441222222260e-01,9.777756428888889628e-02,1.321845322222222063e-01,1.328949185268817335e-01,1.266777771182795720e-01,1.421947354516129025e-01,1.686414448817204204e-01,2.023755531397849472e-01,1.620298468924731006e-01,1.541146912365591315e-01,1.263085911505376357e-01,9.115010519780220033e-02,8.935529714444444271e-02,1.122644645222222182e-01,1.086652771888888813e-01
6.079370642103000137e+03,3.801138760589999947e+03,2.035248828519999961e+03,7.606519566069999883e+02,1.694862305383000148e+03,1.048560161723700003e+04,1.600476846438000030e+04,1.340560414713099999e+04,1.263518832813900008e+04,9.963079759201000343e+03,9.786840453049000644e+03,1.314255318021600033e+04,2.809409285004500271e+04,1.452204704216599930e+04,1.386126220163800099e+04,2.499911395800999890e+04,2.121519324646899986e+04,1.743825044672999866e+04,1.100758574949799913e+04,9.195960439624999708e+03,1.026995637853700100e+04,7.914165882993999730e+03,7.864424644554999759e+03,8.533941435769000236e+03,-1.934875977204501396e+01,-4.532991805844949340e+01,-1.680756860565547584e+02,1.653003123566844579e+02,-1.611158041772075080e+02,-1.078850684958484862e+01,7.843062502429148708e+00,1.015055722627010937e+00,1.199918729394482853e+00,3.949467546999045453e+00,-1.540225047425650473e+01,-6.008072072181477097e+00,-1.182865229512668748e+01,-4.319990560576059124e+00,2.608178769547379261e+00,-2.025480830034987889e+01,-6.027502650080919011e+00,9.097995293989697529e+00,1.991583905684706224e+01,-6.502014371205660836e+00,-1.428196898966695016e+01,-1.951205015938995757e+01,-4.269818125846916246e+01,-1.594702890758500757e+01,1.077747120520050998e+02,1.075624190235503193e+02,1.207698531122562002e+02,1.050291776442082892e+02,1.202668820650364836e+02,6.735446547726692756e+01,6.415375812527079802e+01,6.291038817327473964e+01,6.670735865369638873e+01,7.046619775306419342e+01,9.146218482255417825e+01,8.353634078075178593e+01,7.699071205099279780e+01,7.640854157206081254e+01,7.207260681934778290e+01,5.768811722523171426e+01,5.827933761854697536e+01,6.263575860848025201e+01,8.330482385800094391e+01,8.012011648758367244e+01,7.491907231495684982e+01,8.611912803240633707e+01,9.919975938542943084e+01,9.042676030960659261e+01,2.507126445558893191e-01,2.457609615253786295e-01,2.452459458465009456e-01,2.452923107728646746e-01,2.453833463897406031e-01,2.466638463997209429e-01,2.489230812910296076e-01,2.483556964353372531e-01,2.479825382156803926e-01,2.474200825215863708e-01,2.467896628141607596e-01,2.467212072016806701e-01,2.446717178705071771e-01,2.431815134882857887e-01,2.433303617284300058e-01,2.374588044003090037e-01,2.347455069274317352e-01,2.344153266331377439e-01,2.344523935391870095e-01,2.347911994803282831e-01,2.344515911703241029e-01,2.322055420874340470e-01,2.297016522617051359e-01,2.327490990939874993e-01,7.669445869696969731e-02,5.028858090476190368e-02,2.691596769841269818e-02,1.005348787301587297e-02,2.241103255555555729e-02,1.315478890781250076e-01,2.020639712272727373e-01,1.692762490909091033e-01,1.595197569090909262e-01,1.258710299242424280e-01,1.235353076515151582e-01,1.659603671060606023e-01,1.679229989411764878e-01,1.753486611014492824e-01,1.674314294637681000e-01,2.098132954788732296e-01,2.456553378472222382e-01,2.018650219861111150e-01,1.273646488888889039e-01,1.064294033888888991e-01,1.188689895833333204e-01,9.287405549295774110e-02,9.637590141176470560e-02,1.077637857575757530e-01
2.365525031249699896e+04,1.666155907157099864e+04,1.692103754027700052e+04,1.423860176811500060e+04,1.709916309587399883e+04,3.418882128768000257e+04,3.733281229342000006e+04,3.424087884898199991e+04,3.157565241831000094e+04,3.461923650785099744e+04,2.945297840129800170e+04,2.901112633819600160e+04,3.509403609054000117e+04,2.962977586290000181e+04,2.650913463394300197e+04,3.613902467996699852e+04,3.587011134269699687e+04,3.737338337987600244e+04,3.305071943054100120e+04,3.029724105535800118e+04,2.553546491447999870e+04,1.990040082323599927e+04,1.512933878814099990e+04,1.776265134966700134e+04,-4.968193249612454565e+00,-2.052588716375802846e+01,-3.160340397286432790e+01,-2.885902833386256816e+01,-1.196669189560743405e+02,-3.928866921506426024e+00,-6.903596303314031957e+00,-2.652112133732742905e+00,-2.441173583505957367e+00,-6.602789888096566528e+00,1.569866623313060927e+00,-6.661633272684355234e-01,-1.272472397430789215e+00,-6.978772478785543854e+00,-1.005994975855600160e+00,6.020860034618038981e+00,5.928707132832101934e+00,-7.968679923772242546e+00,5.358669843982198699e+00,2.947761762343958480e+00,-5.036242531813002188e-01,-4.798800263858197468e+00,4.161144988633537878e+00,1.036408585072393862e+01,9.181959519425207361e+01,1.180919075554928668e+02,1.217933769887586806e+02,9.762745415790804770e+01,1.313527085081682344e+02,5.657187580661412341e+01,4.681030118090025383e+01,5.529707887471583660e+01,5.454307067946312770e+01,6.043862130014039735e+01,6.734362666524876317e+01,5.619476528690695716e+01,5.957304029488311414e+01,6.333076956753435383e+01,5.809981241976424116e+01,6.497219451113939215e+01,5.267948609848912866e+01,4.477255333679317317e+01,4.062309474606583137e+01,4.492726473233103945e+01,5.856178650227951721e+01,6.073107193233343537e+01,5.445409991045471543e+01,6.305668737526498546e+01,3.031965738603863425e-01,3.055753297890964060e-01,3.083060176736683866e-01,3.103823117028248757e-01,3.119851894702587169e-01,3.125096061501889677e-01,3.119974066986140326e-01,3.100415400386087317e-01,3.085961857661871366e-01,3.013853324773291820e-01,2.955309891944876144e-01,2.931795727647399374e-01,2.859802563546853249e-01,2.826228798327403702e-01,2.841457764779885542e-01,2.848195756150702085e-01,2.919268161918630589e-01,2.978277045020728542e-01,3.000819200122260000e-01,3.026005974612048233e-01,2.997765514562740763e-01,2.986880488343291451e-01,2.993429064206268864e-01,3.006162866107495724e-01,1.589750454482758424e-01,1.596077249195402281e-01,1.620745405172413778e-01,1.364133255862068905e-01,1.637678287356321982e-01,3.274562609425287207e-01,3.577174182413793146e-01,3.278053814137931177e-01,3.022193048620689382e-01,2.724897917865168884e-01,2.726674572111110750e-01,2.686388947222221879e-01,2.429407465217391093e-01,2.654789233440860152e-01,2.374814351827956860e-01,3.238422308602150190e-01,3.285111119340659025e-01,3.461316250222222224e-01,3.057573200444444472e-01,2.805178917444444697e-01,2.474606884767441839e-01,1.973793215000000101e-01,1.501055333095238087e-01,1.762606012738095473e-01
1.814150182307599971e+04,1.500643892769500053e+04,1.309301175599700036e+04,7.806447460339999452e+03,9.456352289649999875e+03,2.573510796448000110e+04,3.225383727127000020e+04,2.494174801549000040e+04,2.092393436224100151e+04,2.070906247497900040e+04,2.021057296135900106e+04,2.543807078664299843e+04,2.922310321951000151e+04,2.227403080455899908e+04,2.718581356022199907e+04,3.324657985579100205e+04,3.236426843052000186e+04,3.763756566213000042e+04,3.184242686527000114e+04,3.109640222496899878e+04,2.811640805447100138e+04,2.296622305643900108e+04,2.471092031996399965e+04,2.764245946930699938e+04,9.580417884379215820e+00,-3.896095260730618293e+00,-1.583712218561800000e+00,-9.718774632142880421e+01,5.331859021897207640e+01,1.546261133723191961e+00,-1.693266058012738995e+00,-3.044386574153691072e+00,-9.103637012298406717e-01,-1.182980133445454385e+00,-1.682813614468159358e-02,-6.766149742016239088e+00,-4.477749871913943025e+00,4.056909566498489994e+00,-3.305634608226569071e+00,-2.570274079717478344e+00,-4.536205301747202157e+00,-1.715621605989355203e+00,-4.035985522969127715e+00,-9.416107639918891437e-01,2.603994583648841399e+00,7.383137026319843699e-01,-1.098573385416159454e-01,8.641107247377135536e-01,7.164371374547346250e+01,7.836360636650395861e+01,8.924101177856634592e+01,1.189633737451790410e+02,1.062174649345166699e+02,5.662410851351788921e+01,5.255558800634948824e+01,5.284059096289573887e+01,5.724506130600425990e+01,5.639185520733713730e+01,7.553647031586949367e+01,7.180243862868795190e+01,6.027992457078593702e+01,6.217983151994114621e+01,6.549655802058441623e+01,5.945362214138999235e+01,4.785728073258432147e+01,4.472334038008750667e+01,4.641909147731737306e+01,4.047653523677796272e+01,4.247954382709119159e+01,4.629447375801780140e+01,4.814222082892649013e+01,4.692216033764572813e+01,3.475462369294705089e-01,3.459858054277775707e-01,3.403792645534366446e-01,3.383309495819339374e-01,3.382636689403973884e-01,3.377539456187299560e-01,3.463737655330385024e-01,3.452265041323377970e-01,3.484995965375609073e-01,3.462889158309581106e-01,3.456447009197622378e-01,3.444028008802302865e-01,3.434753871510891621e-01,3.427938978128776126e-01,3.423296116361475017e-01,3.405092360283272779e-01,3.371372537219727850e-01,3.378805677123952189e-01,3.396869800167898190e-01,3.407036527544168303e-01,3.394513492501185503e-01,3.386980593297638786e-01,3.390003446968872236e-01,3.377918256353175663e-01,1.677334782444444283e-01,1.389151523000000110e-01,1.239941931363636313e-01,7.477529555172414411e-02,9.058333097701148917e-02,2.464894228965517076e-01,2.904897680555555417e-01,2.308950926888888866e-01,2.004238146896551998e-01,1.983737493333333213e-01,1.936144160459770114e-01,2.436561960689655193e-01,2.799604548275862470e-01,2.133207227701149067e-01,2.604187373103448166e-01,2.763969002500000216e-01,2.996908391555555551e-01,3.485088049111111363e-01,2.947822841111111258e-01,2.879147121333333059e-01,2.603302962111110896e-01,2.126426658444444673e-01,2.287804252666666704e-01,2.559394710333333101e-01
2.474365686391000054e+04,1.897058964941099839e+04,1.479782076066199988e+04,1.070953117098499933e+04,1.854905642996299866e+04,3.237392968936800025e+04,3.123970826958500038e+04,3.407539951882400055e+04,2.615255597009900157e+04,3.815511330695999641e+04,3.570075528130499879e+04,3.691477693777099921e+04,3.955518066348299908e+04,3.612139735112500057e+04,3.834438017624599888e+04,4.054863894255000196e+04,4.533284103534000315e+04,4.713398098208999727e+04,4.249854548729000089e+04,3.128028484398200089e+04,3.592721473207500094e+04,2.682949183948100108e+04,2.746155185926199920e+04,4.066711803794700245e+04,-4.135027923055417887e+00,7.403751519950873217e+00,-8.356668898836232984e+00,3.083447843184669068e+01,-1.721243493513250655e+01,4.537453788736399929e+00,-7.439053520037020917e+00,4.034407353894096104e-01,-4.378791084203271566e+00,3.147561314617576045e+00,-4.287696754390282194e+00,1.642642917928327506e+00,1.681160758475783723e+00,4.822566005109820253e+00,-5.865133098770741071e+00,-8.873166638491852609e+00,3.948535071291530585e+00,5.451199424816138617e+00,-3.453143465578222049e+00,1.355094975009052405e+00,-6.171035930930884206e+00,4.286036778500488253e+00,-3.062926422971287366e+00,-7.197358243492544716e+00,6.441433133811491984e+01,9.283777012874644186e+01,8.874384596889011334e+01,1.298854497964513541e+02,8.633625949141803346e+01,5.490308868774926054e+01,4.887484950654374671e+01,5.481007855359148095e+01,6.236467012619995387e+01,6.384266295654631307e+01,5.740430787432840987e+01,5.773418262146662272e+01,4.809998421267861346e+01,5.727947639298652405e+01,4.603848624081233254e+01,4.612660407548889197e+01,4.126961386701348999e+01,4.321409418029556093e+01,4.665545266998330476e+01,4.314971105114595673e+01,4.904786922551746642e+01,5.483610552117720971e+01,5.556833452543711616e+01,5.877749938291307785e+01,2.475643599963477937e-01,2.470499669389233655e-01,2.461827837256149176e-01,2.453675839017078752e-01,2.444757841739749193e-01,2.438228400864999590e-01,2.449832488865053004e-01,2.464447625250888452e-01,2.476021848187828778e-01,2.509688665554774545e-01,2.529071841047139113e-01,2.532884916467933456e-01,2.512491211533264823e-01,2.510637256956138597e-01,2.501706023434691617e-01,2.485651491211203490e-01,2.467377412230626343e-01,2.449137732458396000e-01,2.444854952149881633e-01,2.442882853050942493e-01,2.435302432185839083e-01,2.432685515996879655e-01,2.435220139383268978e-01,2.441268600087712348e-01,2.291667406444444499e-01,1.756533588333333284e-01,1.370419505444444574e-01,9.922481158888887820e-02,1.718016195888888986e-01,2.997914789555555792e-01,2.892153588999999969e-01,3.154559794222221991e-01,2.421447739888889228e-01,3.533984696888888832e-01,3.305462344777777561e-01,3.418819215888889151e-01,3.662412085777778104e-01,3.343877100000000047e-01,3.550247956777777825e-01,3.754388396444444664e-01,4.198096445222221917e-01,4.364443183888888633e-01,3.934779934333333395e-01,2.928641251573034232e-01,3.441559467471264622e-01,2.570153614827586086e-01,2.629992227586206988e-01,2.714770272134831575e-01
2.712762180536100277e+04,1.050538516091599922e+04,1.072388386690799962e+04,1.438688001178599916e+04,3.309087197867000214e+04,3.221219844403000025e+04,3.081916453364799963e+04,2.733174782834899815e+04,2.596016294935200131e+04,2.116889927903400167e+04,2.615015962093399867e+04,2.041789135354500104e+04,1.694828722794200075e+04,1.811326006194699949e+04,2.391983849588700105e+04,2.786970368085399969e+04,2.908935323733000041e+04,2.834235008591700171e+04,2.153710065581800154e+04,2.420200319677700099e+04,2.597241458035500182e+04,1.898480282154000088e+04,1.319417580848999933e+04,1.166244084946200019e+04,-8.365369024059702951e+00,4.495458913654573507e+00,-1.908926232276400015e+01,-1.876927353903076323e+01,3.699336489817596885e+00,-2.488955639494008665e+00,-4.366559221306857808e+00,5.540715353026001821e+00,-5.710734311635690119e+00,5.631144687421823392e+00,8.770782526096752463e+00,1.828538866744850111e+00,-1.010932254615275383e+01,-1.886477835663191627e+01,-2.653260924588863645e+00,4.368273459822944460e+00,5.639398635239501800e+00,1.010496783037439172e+00,-2.008543720582594005e+00,2.145435902014298790e+00,3.990094837492762281e+00,6.785731051633945299e+00,-1.032350892144535237e+00,1.622088608487842976e+00,8.228105405084166080e+01,1.022182092878574622e+02,1.163520197857943685e+02,1.114402903892444954e+02,4.727900066720973626e+01,4.662619436757569247e+01,4.886954796613933638e+01,5.780241569543135682e+01,7.256559511998069922e+01,8.302040615771986154e+01,6.672541704763587234e+01,6.034482370960537168e+01,7.923983174427092990e+01,7.401434824476233132e+01,6.378525162906274204e+01,4.328470680063445286e+01,5.336008380971753695e+01,5.482959135746173018e+01,5.478382925050016183e+01,5.212315304370871871e+01,4.966642479273016875e+01,4.652142808062750845e+01,7.208884564547672369e+01,7.708663773437270095e+01,4.178776087931405647e-01,4.108920990870514878e-01,4.087032000392233355e-01,4.054985536926770662e-01,4.014308796906825849e-01,3.969894297475480283e-01,3.970679431454041675e-01,3.984779876977754265e-01,4.034297632321903748e-01,4.064882366827072269e-01,4.064135137039124324e-01,4.064411811593421908e-01,4.033538931668012584e-01,4.028272618941977634e-01,4.018840623633563314e-01,4.013407026463756688e-01,4.029267241038241298e-01,4.050679316480693126e-01,4.071688248816223710e-01,4.088417498859214794e-01,4.172315807847259972e-01,4.215822878570109622e-01,4.223879348110652909e-01,4.221182185176791113e-01,1.016957013647058899e-01,1.042053221666666696e-01,1.063965470952380893e-01,1.427503062976190618e-01,3.283481690595237978e-01,3.197604109642857573e-01,3.056511137857143012e-01,2.712034607619047688e-01,2.638770200487804973e-01,2.177528498148148250e-01,2.690405683209876608e-01,2.100899585925925794e-01,1.498840550238095259e-01,1.796695986071428497e-01,2.372309784761904572e-01,2.764998393214285755e-01,2.886135262500000298e-01,2.811521777619047646e-01,2.136859983928571238e-01,2.401238114404761759e-01,1.895081835465116105e-01,1.818136065517241273e-01,1.263806065057471173e-01,1.117075895632183846e-01
1.296166878459799955e+04,9.607618217082999763e+03,7.006746288823000214e+03,6.716454186429000401e+03,2.040881549558800180e+04,2.468399628871599998e+04,1.939378453616299885e+04,1.714346912115699888e+04,1.406929541640900061e+04,1.521534850829400057e+04,1.738462293860999853e+04,1.857284896122799910e+04,1.388648917046200040e+04,1.208380963508700006e+04,1.180088635677899947e+04,1.847666757125599906e+04,2.572166583479999827e+04,2.536250712465399920e+04,2.338966962055999829e+04,1.485330984727000032e+04,1.420068606606399953e+04,1.348683103603999916e+04,1.457369565566799974e+04,1.248554448332100037e+04,6.651392954620973796e-01,-5.398591758878438895e+00,-7.758881947210961982e+01,6.315662055835630895e+01,-5.663211371679722106e+00,1.300079444955900954e+01,-4.175089987331915609e+00,1.534612540315436036e+00,3.420111403855429444e+00,3.189392152607126718e+00,4.504369001686967522e+00,-6.539230790283028227e+00,2.967942038964395124e-01,9.530460456681595360e+00,6.563906682936277548e+00,-9.040730684671359541e+00,1.065718626868033425e+00,-3.164449981002434242e+00,-5.660379036060504632e+00,4.944231316959076139e+00,-8.654521557161388046e+00,1.310634589927644811e+00,1.165829800047367826e+01,2.127718962279686821e+00,7.521661343881083894e+01,8.879613086639031394e+01,1.050399149196371980e+02,1.325213104908035859e+02,9.048600485477945199e+01,3.935961326396484594e+01,4.324744432981380271e+01,5.491332149666290974e+01,6.800883177314085515e+01,7.998887030560980804e+01,7.968837844432111694e+01,5.957125178224698914e+01,6.819545721486683476e+01,7.388785818104540226e+01,7.472477200895197313e+01,6.525736053232542133e+01,4.673918336210714841e+01,4.570064487669347386e+01,5.078672400700976652e+01,4.885009170925797406e+01,5.453642185744097048e+01,6.959250939512179457e+01,8.561443828407323053e+01,7.845098691630226995e+01,3.614728672111758856e-01,3.621475591086213419e-01,3.625255156668314438e-01,3.610302232265998335e-01,3.574299416349734360e-01,3.524013887081186014e-01,3.500105767738068696e-01,3.490568993364790429e-01,3.499127321522613743e-01,3.511777837585222661e-01,3.519534620324095142e-01,3.516075591101101572e-01,3.516084024997022106e-01,3.515689629242571557e-01,3.515599154126552439e-01,3.509201063493599393e-01,3.529041965957095406e-01,3.556268480025721601e-01,3.573816351078635267e-01,3.577373452565290601e-01,3.582948538388242010e-01,3.588713821880140098e-01,3.599836997412966810e-01,3.598733204459121926e-01,8.903611248913043119e-02,8.621972752688172870e-02,6.279308758064516827e-02,6.017847312903226026e-02,1.868211743076923226e-01,2.286467901777778089e-01,1.796389377111111407e-01,1.587464500777777954e-01,1.302481522777777789e-01,1.409120380111111015e-01,1.609686020888888847e-01,1.720291672555555595e-01,1.285487012000000040e-01,1.118860399333333339e-01,1.092718665111111070e-01,1.710607499333333392e-01,2.381602414666666723e-01,2.348963382666666710e-01,2.166109838777777741e-01,1.375042851333333205e-01,1.314803307222222328e-01,1.248636294333333452e-01,1.349465278222222175e-01,1.155903927555555488e-01
2.279445188541500102e+04,1.552112155214999984e+04,9.644731853576000503e+03,7.810937712166999518e+03,1.930546202560999882e+04,3.171674356995199923e+04,2.240353536998200070e+04,1.995165883754199967e+04,1.573826885412299998e+04,1.321930946882399985e+04,1.518892524261799917e+04,1.336226292520999959e+04,1.095595937491800032e+04,1.853425414419099980e+04,2.320978214673199909e+04,3.342175630614900001e+04,3.837848272915100097e+04,4.139380845709999994e+04,2.558227927096300118e+04,2.034790673246300139e+04,1.655548434730499866e+04,1.532851908440499938e+04,1.229528474687199923e+04,1.144904213469000024e+04,-1.128482861318636310e+01,-1.018792571716915063e+00,-5.350260465085085571e+00,4.302550185922154924e+01,2.987651845794459859e+00,-6.132089135147481329e+00,-4.902040784621561897e+00,2.183315355148067738e+00,2.209418118993795588e+00,2.228718093654634913e+00,-1.390073321318743638e+01,2.126436008021784119e+01,-4.759107414103689848e+01,8.662217417073833303e+00,-1.364700240340476967e+01,-1.512395044148860279e+00,3.049671594526955687e+00,-1.042831666311502659e+01,4.770596059256263288e+00,6.949119946090576150e+00,-5.697998947059090824e-01,-2.384014853260680411e+00,9.325216741613928662e-01,8.872918846762416933e+00,8.622572194176062510e+01,8.690488024164328351e+01,9.079838023621651644e+01,1.073196816966964207e+02,6.298434652162112002e+01,4.920717289677557460e+01,6.024933801469237693e+01,7.374530316084283754e+01,9.494657651247631236e+01,7.889784286932675172e+01,1.020651601485032387e+02,9.274841223026282933e+01,1.151143468314748759e+02,8.618372971299994845e+01,6.483142788743425911e+01,7.429929960913999309e+01,4.489203066632214245e+01,4.836194509405788011e+01,5.031508277275440832e+01,5.832824480606932127e+01,4.733069600057044113e+01,6.132348554856206135e+01,7.355908204689714580e+01,8.337717255257420845e+01,5.014814248039038969e-01,5.016780425298884571e-01,5.018539082936166462e-01,5.014068159904536692e-01,4.991189904523577470e-01,4.962735635944456880e-01,4.947355927551537746e-01,4.928403722200951909e-01,4.917899077101792193e-01,4.913885649228730279e-01,4.922365132211550809e-01,4.926922137088276532e-01,4.921441109423461135e-01,4.925202900183054400e-01,4.922354470215609124e-01,4.928511021125425162e-01,4.944199402017767087e-01,4.955004092237996760e-01,4.959411367523500758e-01,4.958458047729390472e-01,5.008962920992086065e-01,5.025588357240923232e-01,5.028317838341267443e-01,5.040615780820667524e-01,1.326691713655913929e-01,1.390746704946236589e-01,8.641966248387096539e-02,7.001004388172042681e-02,1.729798240215053851e-01,2.842022000967741602e-01,2.007882634408602318e-01,1.787590423118279592e-01,1.410155290645161152e-01,1.184553215913978497e-01,1.360865383333333400e-01,1.197015962258064503e-01,9.814792415053763541e-02,1.660376432043010608e-01,2.079909794946236401e-01,2.994743259462365748e-01,3.438693316344086370e-01,3.709871048494623458e-01,2.292605013118279578e-01,1.823190958924731375e-01,1.516010908461538353e-01,1.419147858333333345e-01,1.138541723444444487e-01,1.060387211555555570e-01
1.110465320474900000e+04,5.101359610081000028e+03,1.342642198236000013e+03,1.748369579375000058e+03,1.215148488736699983e+04,1.701763598214000012e+04,1.362420610327999930e+04,1.540355747249299930e+04,1.350483099634199971e+04,1.270701777077100087e+04,1.555440164688500045e+04,1.442027503996399901e+04,1.181036270786800014e+04,1.339064640463400065e+04,1.384289423796899973e+04,1.739672514216900163e+04,2.167781245362600021e+04,2.080422876526600157e+04,1.652796132029000000e+04,1.432407068604500091e+04,9.188841935984000884e+03,7.577977753705999930e+03,6.248678134277000026e+03,8.072301839298000232e+03,-1.610950476954616306e+01,3.664816052963664106e+01,-1.524641742242252747e+02,1.392545411806175366e+02,-6.207423326220975923e+00,-5.347223865896637562e+00,-1.147349950230960758e+00,-8.236819277390736715e-01,7.714758573467946690e+00,-2.137788860624851850e+00,4.256750974498203277e+00,2.307546116148859028e+01,-8.840401260615209367e+00,9.678031814947928524e+00,5.620732116594979288e+00,-1.196035473581258657e+01,-2.780242099619954388e+00,1.238421177190872413e+00,-3.349048460303350794e+00,9.806372488021253275e+00,7.387659177298729674e+00,2.808687440706620464e+00,-1.077898941792611254e+01,6.655950167303785747e-01,7.487356877871992822e+01,1.376976887891758281e+02,1.255097930403972413e+02,1.119533652565375093e+02,5.940372019618743593e+01,3.515674312656865652e+01,4.393875189849509866e+01,5.920864682476819496e+01,6.874046748516146010e+01,7.865075323928553530e+01,6.914803219397653322e+01,8.099204541451597095e+01,8.390679328237669665e+01,7.899410431768188801e+01,6.275921714492409365e+01,5.404513431675136559e+01,4.724252337183532546e+01,4.480323236999844028e+01,4.455724416137511668e+01,4.609160561532113576e+01,6.725617419130969665e+01,6.441887010104262856e+01,7.707657539929930124e+01,6.791158116304920611e+01,4.034511470386625276e-01,4.009059983622806356e-01,4.004188749371260236e-01,4.013776819230262527e-01,3.990317322753436091e-01,3.975091225342824997e-01,3.981339703693316801e-01,4.021751848334072510e-01,4.127555709156364716e-01,4.159079590781521452e-01,4.164264171042324492e-01,4.160327794312955740e-01,4.157738171463550847e-01,4.149952668608200557e-01,4.136404863846812052e-01,4.119945034757063196e-01,4.110886760676067953e-01,4.091366230396106252e-01,4.079782453362337802e-01,4.064937740347709938e-01,4.071224114420305407e-01,4.074202628819446059e-01,4.072502352241909596e-01,4.064828448594060006e-01,1.121339831126760556e-01,5.902616018055555774e-02,1.554769501388888683e-02,2.052254642253521083e-02,1.406905745972222288e-01,1.969613904999999998e-01,1.576703768611111001e-01,1.437793045205479348e-01,1.542476511643835480e-01,1.471180357361111246e-01,1.800099791111111069e-01,1.668701668750000033e-01,1.366704763888889063e-01,1.550123865277777957e-01,1.603896167916666615e-01,2.013297748194444459e-01,2.508841102222222341e-01,2.407913558333333315e-01,1.913266743194444452e-01,1.657488078749999871e-01,1.093956623571428477e-01,9.153197752173913848e-02,7.546115810144927993e-02,9.750740434782609323e-02
2.168352772016699964e+04,1.512402135941900087e+04,6.250501001927999823e+03,4.139241723942000135e+03,1.115698587220499940e+04,2.571986134926399973e+04,2.221638200885200058e+04,2.382208664119600144e+04,1.750364196713899946e+04,1.540883462564399997e+04,1.632183351000800030e+04,1.684918332409000141e+04,1.619397026814099991e+04,1.844255770909000057e+04,2.239757947284699912e+04,2.421376252776299953e+04,2.935481297677100156e+04,3.007019207711000126e+04,2.585134159113900023e+04,1.650136810256099852e+04,1.596630836761799947e+04,2.265028427952600032e+04,1.751137950698900022e+04,1.999466160545000093e+04,6.730172711448346945e+00,6.894132478394567443e+00,3.438720450861848121e+01,1.499872995754511749e+02,-2.829222844062996955e+00,4.196220321727992086e+00,7.621132575064365255e+00,2.374133098843117295e+00,-7.384280420541813328e-01,9.793692566226866347e+00,9.694092568469301341e+00,-9.287567854152086966e+00,-1.304022486335782105e+00,1.343631560037326267e+01,-1.523458432668661544e+00,-2.457354566443541444e-01,1.465600723219182555e+00,-1.009144964738879935e+00,1.150422036068135867e+00,-4.471354291745825549e+00,5.637963702511513020e+00,3.569680940781580603e+00,2.194534792460530070e+00,5.292807311328914466e+00,7.578637688847415177e+01,8.072660060538487414e+01,1.093401259065672235e+02,1.297444457112719931e+02,8.825585510927817268e+01,3.938284166537299313e+01,5.777271740161364022e+01,5.561521011523784352e+01,7.720253098899515010e+01,8.512999285126029747e+01,9.891474424759017836e+01,7.621249351531285754e+01,8.666534384741366637e+01,8.003979299415271953e+01,7.027788924746563737e+01,5.639281894362870418e+01,5.869957228375803027e+01,4.360112622095001456e+01,5.084831061292125298e+01,6.074078604711061047e+01,5.078496073655504972e+01,4.897601033292794170e+01,5.944602604269350365e+01,7.500638563620300658e+01,4.726448218162311310e-01,4.695914423604010679e-01,4.674434736599106244e-01,4.664199168136591300e-01,4.650341139894033082e-01,4.614347272750417006e-01,4.596736013904260121e-01,4.592281149455488265e-01,4.590096262977564345e-01,4.604065890984202492e-01,4.617047738075593655e-01,4.623193172390104855e-01,4.627523860790901944e-01,4.642552662843196232e-01,4.639958857635006484e-01,4.626024693063068294e-01,4.608875765304242256e-01,4.599430368440505790e-01,4.610254612013323650e-01,4.621320407836784216e-01,4.628161648364889080e-01,4.616288984776951709e-01,4.607364387919669069e-01,4.584230182693589950e-01,1.941791736129032386e-01,1.355543125913978575e-01,5.600281722580644633e-02,3.708387663440860377e-02,1.000164932258064548e-01,2.305190222903225894e-01,1.990147687096774365e-01,2.135289377311828107e-01,1.568448430752688028e-01,1.380299229354838841e-01,1.462417071612903130e-01,1.509732869784946030e-01,1.451069285053763480e-01,1.652629282043010517e-01,2.006921237849462192e-01,2.169687868387096819e-01,2.630564936881720217e-01,2.693913404946236545e-01,2.317099235161290405e-01,1.479330407526881774e-01,1.430430031827956971e-01,2.030268869247311703e-01,1.568522210967741859e-01,1.791771300107526943e-01
7.228265998674000002e+03,7.482695875383000384e+03,3.758100936670000010e+03,2.686303372276000118e+03,5.058186077033999936e+03,1.525465884786800052e+04,1.702731660428599935e+04,1.795562076785400131e+04,1.869998857033799868e+04,1.879167129203999866e+04,2.015157336093499907e+04,1.776953964735900081e+04,1.602784136790900084e+04,1.289335511602400038e+04,1.504129996643199956e+04,1.728055089024400149e+04,2.041375525439500052e+04,1.841230869521999921e+04,1.378642761283599975e+04,1.371536171508699954e+04,1.085995155917400007e+04,1.065891560575199946e+04,8.524031074485999852e+03,1.126017652767199979e+04,3.562470057670282131e+00,-2.472184389166250185e+01,6.989594522679675492e+01,1.747643010794114389e+02,7.051143494688935220e+01,2.804503360390754096e+00,-2.092686838272044270e+00,-1.254231232101744808e+00,-7.745750445941439466e+00,-1.556164232379902046e+01,-1.040537592461939198e+01,-2.402819719063188586e+00,-7.156625826012970037e+00,6.118688356166330777e+00,-3.555085128015576856e+00,-1.754747162684083150e+00,-3.130836122059577065e-02,-7.270473304670815651e+00,2.141016825114263611e+00,8.718882823765682133e+00,-2.275391412160587379e+00,-3.751492077409864123e+00,-1.943758582418112724e+01,-1.835182105489542437e+01,1.031169188858371086e+02,1.155032223833576381e+02,1.469333692480235811e+02,8.846657772561528077e+01,1.433082365437497572e+02,5.395273037630949631e+01,5.671931557310666250e+01,5.868416890251558726e+01,7.759776069522372666e+01,7.372061128337527691e+01,6.155114480703750246e+01,6.958886161757055788e+01,7.163326008900989450e+01,8.012222248523579538e+01,7.129006451520652377e+01,4.760862545115531219e+01,5.337386924362316876e+01,5.396899076611704515e+01,5.772237614616238233e+01,7.464946879456459783e+01,7.437550082958492226e+01,8.108163889779662270e+01,8.603821421870465258e+01,7.624736474117837304e+01,4.240043491615682614e-01,4.273888515404901112e-01,4.274652811551444831e-01,4.273215971720231710e-01,4.270776698606170707e-01,4.267819210890986814e-01,4.261452615507703712e-01,4.275940672551754584e-01,4.303947290749013943e-01,4.325142195146011170e-01,4.343499763508608114e-01,4.363658683298477503e-01,4.359510809038904533e-01,4.348736151330087618e-01,4.354697838068226634e-01,4.365148784697645556e-01,4.375391441671540038e-01,4.394795590965934196e-01,4.408992391166281499e-01,4.425899222572938219e-01,4.428362754548341162e-01,4.433374849796268280e-01,4.438422386443588441e-01,4.438782949085098295e-01,7.241441228915662665e-02,7.422447085714285742e-02,3.726753266666666536e-02,2.661880371428571729e-02,5.019210060714285326e-02,1.513154093095238073e-01,1.688830113571428426e-01,1.781748035833333466e-01,1.854981002380952371e-01,1.864400430714285850e-01,2.000564133571428593e-01,1.763061799761904691e-01,1.589989373809523876e-01,1.279308756071428355e-01,1.492152517142857071e-01,1.714240772380952460e-01,2.024579871190476388e-01,1.826331287380952295e-01,1.367982764642857174e-01,1.360758780476190588e-01,1.077163399285714362e-01,1.057700479523809578e-01,8.457691315476190130e-02,1.117288693095238178e-01
5.021049390567999581e+03,3.405661643303999881e+03,1.409021729243999971e+03,8.211721800310000390e+02,3.119358928481000021e+03,1.388765747528999964e+04,1.921508591417999924e+04,1.763523391366999931e+04,1.755854644220399859e+04,2.096418085967099978e+04,1.876025260260399955e+04,2.135407927682900117e+04,1.841136858064999979e+04,1.691558115990800070e+04,2.131819791893000001e+04,2.060501284844000111e+04,1.763613396431000001e+04,1.550006357986399962e+04,1.416534460434900029e+04,1.183141467665699929e+04,1.291701658661900001e+04,9.241666227576999518e+03,8.595217391362999479e+03,8.207537345376000303e+03,-4.088971090263555652e+01,-9.173355772636904248e+01,-9.989106973828988600e+01,-1.597656175881504623e+02,1.039426331722428358e+02,9.202536321976765521e+00,-2.951447793117495166e+00,-1.753091553805177227e-01,-4.013158097946956104e+00,-1.041748058183031844e-01,3.487104218057481830e+00,7.713444838905104461e+00,1.407481182760591309e+00,5.456098429632675106e+00,-6.313310081172858190e+00,1.755080732824575307e+01,-2.875575968064339349e+00,1.331235552612895390e+00,-8.611884737269036805e+00,8.314534214566521086e+00,-6.309281612985529364e+00,9.303244724962866030e+00,-2.539979732254693090e+00,1.331598347207398092e+01,1.145592248149190482e+02,1.264441105846004376e+02,1.284113853631495488e+02,8.345049012639859143e+01,1.364216833702533336e+02,5.383395737799948222e+01,4.701486953075738029e+01,4.445821916773699201e+01,5.599486756923489139e+01,5.903894835317431955e+01,6.693572081823745634e+01,5.966346837255402136e+01,5.829254089870193667e+01,7.048838807817206487e+01,5.603091522941868874e+01,5.540769213051898134e+01,4.402142205229757366e+01,4.575225424195647861e+01,6.253063551559639421e+01,5.340436385922583185e+01,5.661697488064729811e+01,6.087341782440507387e+01,6.228465127476292906e+01,5.973792426459068139e+01,4.586517771613353167e-01,4.603015239583223006e-01,4.599928953097066064e-01,4.602972660803456573e-01,4.558643918642068527e-01,4.561548292896312473e-01,4.551304236344742016e-01,4.540801871712513704e-01,4.534568253352468936e-01,4.535420131180212255e-01,4.544211108706156521e-01,4.571444228514066066e-01,4.666363362019855798e-01,4.701290285879594077e-01,4.690976941224687669e-01,4.666336128291400098e-01,4.589329059262827193e-01,4.571458727643661901e-01,4.555464751378536792e-01,4.545401410842366263e-01,4.528689233346124277e-01,4.513333830362973864e-01,4.506027547628443375e-01,4.506534311162454509e-01,5.298234005063291036e-02,3.633458794871794600e-02,1.516115736363636383e-02,8.762415346153845999e-03,2.890916780246913578e-02,1.428502247530864244e-01,1.977121593703703717e-01,1.813860326913580290e-01,1.806804589012345752e-01,2.156998519629629851e-01,1.930014728641975541e-01,1.826480457804877944e-01,1.870968574878048851e-01,1.740190760864197550e-01,2.192541687530863981e-01,2.118695188395061657e-01,1.884648386410256449e-01,1.655650863333333334e-01,1.513369607948717999e-01,1.264316801794871936e-01,1.379647672435897476e-01,9.875529403846153298e-02,9.182231255128205094e-02,8.769119262820512795e-02
