elephant_id,DateTime,date,year,month,hour,Longitude,Latitude,waterhole_lon,waterhole_lat,waterhole,Temp_C,Precip_mm,Humidity_%
04me,2010-02-04 12:00:00,2010-02-04,2010,2,12.0,16.12866109,-19.24568278,16.1310575,-19.2388057,Olifantsbad Waterhole,29.93,0.0,21.0
04me,2010-02-04 12:20:00,2010-02-04,2010,2,12.333333333333334,16.13159587,-19.23874105,16.1310575,-19.2388057,Olifantsbad Waterhole,29.93,0.0,21.0
04me,2010-02-04 12:40:00,2010-02-04,2010,2,12.666666666666666,16.1315918,-19.23875122,16.1310575,-19.2388057,Olifantsbad Waterhole,29.93,0.0,21.0
04me,2010-02-04 13:00:00,2010-02-04,2010,2,13.0,16.13166809,-19.23872884,16.1310575,-19.2388057,Olifantsbad Waterhole,29.93,0.0,21.0
04me,2010-02-04 13:20:00,2010-02-04,2010,2,13.333333333333334,16.13165283,-19.23868205,16.1310575,-19.2388057,Olifantsbad Waterhole,29.93,0.0,21.0
04me,2010-02-04 13:40:00,2010-02-04,2010,2,13.666666666666666,16.13160197,-19.24062297,16.1310575,-19.2388057,Olifantsbad Waterhole,29.93,0.0,21.0
04me,2010-02-04 14:00:00,2010-02-04,2010,2,14.0,16.13167318,-19.24058431,16.1310575,-19.2388057,Olifantsbad Waterhole,29.93,0.0,21.0
04me,2010-02-04 14:20:00,2010-02-04,2010,2,14.333333333333334,16.13148295,-19.23923747,16.1310575,-19.2388057,Olifantsbad Waterhole,29.93,0.0,21.0
04me,2010-02-04 14:40:00,2010-02-04,2010,2,14.666666666666666,16.13161825,-19.23870646,16.1310575,-19.2388057,Olifantsbad Waterhole,29.93,0.0,21.0
04me,2010-02-04 15:00:00,2010-02-04,2010,2,15.0,16.13171285,-19.23851318,16.1310575,-19.2388057,Olifantsbad Waterhole,29.93,0.0,21.0
04me,2010-02-04 15:20:00,2010-02-04,2010,2,15.333333333333334,16.12866109,-19.24567464,16.1310575,-19.2388057,Olifantsbad Waterhole,29.93,0.0,21.0
04me,2010-02-04 16:40:00,2010-02-04,2010,2,16.666666666666668,16.12757568,-19.24667969,16.1310575,-19.2388057,Olifantsbad Waterhole,29.93,0.0,21.0
04me,2010-02-04 17:00:00,2010-02-04,2010,2,17.0,16.13170268,-19.23849894,16.1310575,-19.2388057,Olifantsbad Waterhole,29.93,0.0,21.0
04me,2010-02-04 17:20:00,2010-02-04,2010,2,17.333333333333332,16.13054199,-19.24226074,16.1310575,-19.2388057,Olifantsbad Waterhole,29.93,0.0,21.0
04me,2010-02-04 17:40:00,2010-02-04,2010,2,17.666666666666668,16.12820231,-19.24722087,16.1310575,-19.2388057,Olifantsbad Waterhole,29.93,0.0,21.0
04me,2010-02-05 19:00:00,2010-02-05,2010,2,19.0,16.05877177,-19.2133016,16.0591959,-19.2134339,Gemsbokvlakte,31.0,0.0,31.0
04me,2010-02-05 19:20:00,2010-02-05,2010,2,19.333333333333332,16.05920207,-19.21401571,16.0591959,-19.2134339,Gemsbokvlakte,31.0,0.0,31.0
04me,2010-02-05 19:40:00,2010-02-05,2010,2,19.666666666666668,16.06030579,-19.21426392,16.0591959,-19.2134339,Gemsbokvlakte,31.0,0.0,31.0
04me,2010-02-05 20:00:00,2010-02-05,2010,2,20.0,16.06638184,-19.21663208,16.0591959,-19.2134339,Gemsbokvlakte,31.0,0.0,31.0
04me,2010-02-05 23:40:00,2010-02-05,2010,2,23.666666666666668,16.1315745,-19.23873494,16.1310575,-19.2388057,Olifantsbad Waterhole,31.0,0.0,31.0
04me,2010-02-06 00:00:00,2010-02-06,2010,2,0.0,16.13165995,-19.23864339,16.1310575,-19.2388057,Olifantsbad Waterhole,28.86,0.43,48.0
04me,2010-02-06 00:20:00,2010-02-06,2010,2,0.3333333333333333,16.1316508,-19.23869019,16.1310575,-19.2388057,Olifantsbad Waterhole,28.86,0.43,48.0
04me,2010-02-06 00:40:00,2010-02-06,2010,2,0.6666666666666666,16.13608602,-19.23687337,16.1310575,-19.2388057,Olifantsbad Waterhole,28.86,0.43,48.0
04me,2010-02-06 01:00:00,2010-02-06,2010,2,1.0,16.13639221,-19.23695475,16.1310575,-19.2388057,Olifantsbad Waterhole,28.86,0.43,48.0
04me,2010-02-06 09:20:00,2010-02-06,2010,2,9.333333333333334,16.18785706,-19.21045329,16.1932918,-19.2053106,Aus Fountain,28.86,0.43,48.0
04me,2010-02-06 09:40:00,2010-02-06,2010,2,9.666666666666666,16.193396,-19.20532023,16.1932918,-19.2053106,Aus Fountain,28.86,0.43,48.0
04me,2010-02-06 10:00:00,2010-02-06,2010,2,10.0,16.19955546,-19.20950114,16.1932918,-19.2053106,Aus Fountain,28.86,0.43,48.0
