date,num_gps_fixes,centroid_lon,centroid_lat,mean_stepLength,totdistance,mean_speed,speed_variance,mean_turning_angle,std_turning_angle,daily_total_residence_time,daily_mean_bearing,daily_area_sq_deg
2010-01-14,72.0,15.905837065972223,-18.686766814861112,225.17212283066215,16212.392843807675,0.18764343569221842,0.18991694597872943,9.682095897498312,75.35796529004334,315600.0,188.6811788425502,0.1338341695189658
2010-01-15,72.0,15.912528652916668,-18.68393209958333,216.6465078475051,15598.548565020366,0.1805385937107568,0.2138617687663032,-1.1392560438800663,87.15959006841125,506386.0,161.22020647343183,0.10973600345159659
2010-01-21,72.0,15.753597316388888,-18.701418530555557,404.4283727052662,29118.842834779167,0.3370236333276474,0.31618648562008095,0.7178473017627517,74.78843180895572,123599.0,227.91115194955617,0.41106559154624206
2010-01-31,72.0,15.853612871388886,-18.61540267375,503.04793356469145,36219.451216657784,0.4192041250613707,0.3325457101577098,3.1906074050029374,43.384515578012376,58800.0,185.97782453771714,0.4557176447263746
2010-02-01,72.0,15.675719508055554,-18.61890391611111,529.2507757448459,38106.0558536289,0.44138459278138986,0.3043114969591692,4.527894177868581,65.66563292660258,52800.0,197.9851265010918,0.5099957376568965
2010-02-02,72.0,15.53594281263889,-18.705463663888892,441.3234434842427,31775.287930865474,0.3677695362368689,0.3725416636068548,-0.6924043017810162,77.61292525945655,134400.0,219.50862321672102,0.5001806150755661
2010-04-13,72.0,15.574231988194445,-18.90379415513889,380.6596151659687,27407.492291949748,0.317147547859853,0.3224941671897135,-5.976234934446408,66.50090335842297,87600.0,188.80509686332118,0.4161138544970829
2010-04-15,72.0,15.699999463194445,-19.240442883472227,454.9604789588623,32757.15448503809,0.3791337324657186,0.39659828056354135,-10.698668353138235,73.15716302831753,102000.0,110.14648747350084,0.537994736164449
2010-04-16,62.0,15.888588230645162,-19.223069582580646,604.3270502134453,37468.27711323361,0.4078796638175694,0.3468662363654713,0.5644456309142399,64.806758160349,84004.0,100.29999245749828,0.6206431885058453
2010-04-20,72.0,16.244331416111113,-19.25128809611111,164.2725780009913,11827.625616071375,0.13690302805901616,0.15401137281827196,-12.008393006286736,72.59291202342095,324000.0,203.10644289409447,0.10795661195383337
2010-05-02,21.0,16.11561734666667,-19.359098210476194,911.5751124246092,19143.07736091679,0.048751110421625714,0.05005563685068552,-11.141161150747516,87.41416883225521,77940.0,174.26263582155906,0.01526517712062292
2010-05-13,72.0,16.12615121902778,-19.341726910833334,174.59317832312857,12570.708839265257,0.14546877756106819,0.19102751128573045,12.231206652328195,71.2131999222547,336000.0,202.569878383544,0.1186523299930239
2010-05-30,62.0,15.571714339677422,-19.204119282258066,703.6628110780052,43627.09428683633,0.44723390847310435,0.37045380714257564,-15.936924102792723,77.74902918542223,69599.0,235.51698636356326,0.6852478021888079
2010-05-31,72.0,15.56435969263889,-18.865861991250004,472.7436861433016,34037.545402317715,0.39394143463154513,0.283502708075028,-9.156491648864163,57.26860352512335,39599.0,105.4915099620143,0.5518700537101044
2010-06-12,72.0,15.534375790694444,-18.98889600972222,137.77895235934278,9920.08456987268,0.11474673502919336,0.1999742443887958,-2.7556296311528325,76.34111575732926,393600.0,204.9058039660766,0.09770673204825614
2010-06-17,51.0,16.146255252941174,-19.245526561764706,1438.3586491385552,73356.29110606632,0.12249375311633941,0.09536443943846791,-4.687164605476492,51.53274530369577,50400.0,157.69254089447466,0.06805881484898943
2010-06-21,72.0,16.151293281250002,-19.234239423194445,110.885825675589,7983.779448642408,0.092404849404876,0.10992853719965212,-2.2182011117432494,77.22192035761599,327599.0,156.0520062391042,0.09588959042983455
2010-06-25,72.0,16.138885497777775,-19.213921553472222,120.17158534709289,8652.354144990688,0.1001364392430109,0.1322111017119683,-16.70165175657299,63.547439016455805,315600.0,220.85728154593315,0.08517540660942863
2010-10-13,72.0,16.006862668611106,-19.15922622763889,329.6872547736573,23737.482343703326,0.27473464553112475,0.32520775441384125,-0.4647604602758043,57.6082946794583,211199.0,228.23789914147093,0.4093513871026503
2010-10-20,72.0,16.093920813194448,-19.189881387916664,194.4092662792874,13997.467172108692,0.16200772189940615,0.2633757052834972,-0.4172904672062402,92.4917406342369,315600.0,144.64707133719907,0.14934051382350533
2010-10-22,63.0,16.100613742539682,-19.169664817301587,94.61398299702662,5960.680928812677,0.07001956317695159,0.07936202282297652,-0.122634903525292,83.20268766140735,310790.0,181.4857970610371,0.06275710788654092
2010-10-25,72.0,16.03189541833333,-19.149121856805557,337.1858078081086,24277.37816218382,0.280998127381292,0.3858251155668016,8.313082102601937,68.43833361996651,133199.0,219.6773487626391,0.4014026198470117
2010-11-16,72.0,15.797264593472221,-19.232265953333336,390.74328444542584,28133.516480070663,0.3256194037045215,0.263143768102864,-4.531997795941668,69.24810361338305,67200.0,238.87999571483027,0.45340285095513677
2010-11-17,72.0,15.627745522222224,-19.142475580694445,409.75194492686,29502.140034733922,0.34146068217894754,0.4310902303574514,-8.21575555863972,76.22717358144327,133201.0,202.31265523151384,0.4485072602499363
2010-11-19,72.0,15.590658046666666,-18.843232444166667,353.2825419468127,25436.343020170516,0.29441063394950956,0.34873043327099196,-4.078205257199553,80.56417054543704,156000.0,105.43300779884039,0.4076723267125892
2010-11-23,72.0,15.726328913333333,-18.692112280138886,390.9604566704454,28149.152880272068,0.3258003805586246,0.39069878677225567,-10.734838927789998,70.12329477872161,75600.0,125.72982954719201,0.43415121978561066
2010-11-24,72.0,15.872064858749999,-18.626503782222223,478.85204145167904,34477.34698452089,0.39904336787639916,0.4273816257721156,-0.7257508246159136,67.655225978777,249600.0,94.18206883249651,0.5898818286920022
2010-11-25,72.0,16.110586180555554,-18.569263542916666,382.4086689967344,27533.424167764875,0.31867448705576695,0.37031173572556986,8.425179730144258,69.09520066695296,354001.0,174.4713742613726,0.21555305599985916
2010-12-07,62.0,15.86219694032258,-18.746082330322583,441.6186816209381,27380.358260498164,0.36778065203507665,0.3887109638815461,-5.047713066783448,60.13768512271722,80400.0,189.41227131385443,0.3476826600571225
2010-12-12,72.0,15.736439965833332,-18.71336381763889,445.76251419710644,32094.901022191665,0.3714687618303954,0.3685453456532068,3.157308594223567,75.63251082455818,99600.0,208.60289266393454,0.49101701297538997
2010-12-19,72.0,15.671807423194444,-18.62178582055556,676.1136978917498,48680.18624820598,0.5634280815764581,0.47332564483894624,-25.033921828197972,71.4969067976992,144000.0,207.7890424033832,0.6995279416424993
2010-12-20,72.0,15.519146149027778,-18.714501302777776,505.05452310617824,36363.92566364483,0.42087442806009,0.3650933248057844,-3.510451424294663,79.84226364926405,234000.0,189.40634203893057,0.3664457678485914
2010-12-21,72.0,15.607209509861113,-18.705064703333335,534.5226972884288,38485.63420476687,0.4454403322134843,0.4127451672062965,-4.508507971584049,72.77774324753015,127208.0,133.9326603000318,0.4289148182807348
2010-12-22,72.0,15.789632049166666,-18.66733630166667,388.701725770062,27986.524255444467,0.32391720992611694,0.3159160972259077,-0.45966907879593916,54.22351619724844,63600.0,88.14429033017407,0.43021553573289806
2010-12-27,72.0,15.655916906388889,-18.618656921527776,436.4821150714941,31426.712285147576,0.3637353905844032,0.3916922577767667,3.998484818119874,64.04359417295518,97202.0,181.21614278301954,0.5322744886220228
2010-12-29,72.0,15.734447677222224,-18.778692937499997,485.47808310822035,34954.421983791864,0.4045660156962838,0.37226359455222297,13.312088350395154,55.914076389316655,36001.0,162.4561160777663,0.38027711724736135
2010-12-30,72.0,15.747773149305557,-18.72864015388889,436.88704907709695,31455.86753355098,0.364073860370561,0.33527487797467925,-11.026910284706954,55.310880035029,36000.0,87.63293970122517,0.49185997673766074
2011-01-06,72.0,15.935778454444447,-18.635242632083333,214.2028471582134,15422.604995391364,0.178504600706465,0.20389790872750535,8.940303131694085,74.12238889783845,344340.0,181.03532805663338,0.13969205712193955
2011-01-08,72.0,15.923329077916666,-18.62935129763889,138.8802820202128,9999.380305455321,0.1157335683501773,0.193059745131345,-3.5844956497744374,85.13655408872026,642000.0,202.92046029438066,0.11249574850074812
2011-01-09,72.0,15.908248166666668,-18.62255638958333,97.99204827611919,7055.427475880582,0.08166004023009928,0.0841034275599632,10.31119053574864,83.92790333037836,362400.0,157.56109379174788,0.05120786563967612
2011-01-30,72.0,15.94494811138889,-18.578067016388886,721.4618070606552,51945.25010836718,0.6012199225881264,0.4010126063982167,-16.464447440760377,86.93955458941456,22802.0,168.18454233819546,0.15665878345723705
2011-02-07,72.0,15.686419070138887,-18.651823594444444,142.16985101488632,10236.229273071815,0.11847487584573854,0.15907887684975952,4.310949411423517,94.556884822478,285600.0,192.93801667956754,0.10121561961069767
2011-03-11,21.0,15.74193376809524,-18.669299704761904,78.42336312589572,1646.8906256438102,0.06535321945113363,0.10489884216257699,16.295394108957165,99.98827318603011,117480.0,178.11290958798722,0.025063062216301238
2011-04-07,72.0,15.747318592500001,-19.26117149611111,418.75225666775236,30150.162480078172,0.3489602138897937,0.37370022764527583,0.42819839887521244,69.56933441151106,93600.0,176.81650367012784,0.4353274319952197
2011-04-11,63.0,15.658795844285715,-19.260774448095237,408.4327672962442,25731.264339663387,0.26119249799654237,0.23821879258150133,9.944718852668675,56.687476225239706,111600.0,248.0736825995201,0.4447658920084377
2011-04-16,72.0,15.29997293,-18.811465963055557,411.1399453129813,29602.076062534652,0.3426154319944385,0.3354847246052602,5.675996946476488,62.73281557971606,51600.0,148.6815299721723,0.43430732702646974
2011-04-20,72.0,15.456602280138888,-18.742746169722224,366.3125704140742,26374.505069813342,0.30526047534506184,0.27277941541838546,-14.045998344335901,64.28918867853152,110400.0,155.5902602623293,0.42862539952872153
2011-04-30,72.0,15.626168582916668,-18.914148542361108,118.62278635749713,8540.840617739794,0.09885201585278894,0.11699873978200372,17.75173380291643,80.80507173416753,319827.0,201.28635117813909,0.07082596675190458
2011-05-18,72.0,15.555966328055556,-19.064082901666666,446.06555463754506,32116.719933903245,0.3717212955312876,0.40132768013258224,5.807331891920151,59.86107453340113,112800.0,172.679729936402,0.47517988534073935
2011-06-07,62.0,15.825556650645161,-19.230736582741937,575.843556083552,35702.30047718022,0.4315582943205158,0.3665727848596039,8.554221679430743,63.952656588815955,112800.0,156.34928682726493,0.36936387661128944
2011-06-08,72.0,15.718869513333333,-19.246692261805556,623.4488445979252,44888.316811050616,0.5195393718862952,0.5006416617263425,-3.1156469839966965,66.42315709054171,94740.0,231.4303530649087,0.5880088737615126
2011-06-09,72.0,15.783366365972224,-19.209547339444445,563.0955623020063,40542.880485744456,0.46916223116803324,0.380617637523412,0.9333439524389644,41.8331428595835,37200.0,112.50607887118315,0.6705424717158205
2011-07-10,22.0,16.158293383181817,-19.310144875000002,107.7686703709263,2370.9107481603787,0.01613056963223001,0.019695212377816938,-36.19717877101421,128.5310710503312,104400.0,166.51756941629114,0.03954604575316534
2011-09-29,22.0,16.00611928409091,-19.204728744090907,445.2034553713962,9794.476018170717,0.09333339416829624,0.12351557556451492,1.1931396955904114,61.75778416245949,33600.0,257.73237122413605,0.1733549826316382
2011-10-18,62.0,15.94989115370968,-19.21959051403226,313.9404527553523,19464.30807083184,0.26025808923452,0.20077281043763,2.138688144470029,36.59165159242793,30000.0,238.3098724187158,0.20511323178701552
2011-10-31,72.0,15.938756023888892,-19.18677060166667,442.43793688608497,31855.53145579812,0.3686966991734135,0.3268250181337704,-7.7259267036718295,50.021464405626,53999.0,206.73906437768534,0.45670694970079895
2011-11-03,72.0,15.529484968055556,-19.014509074166668,532.5307097147579,38342.21109946257,0.44377559142896494,0.43471095965124146,0.8015288600116198,64.42793358568112,98400.0,180.22248143589863,0.6147953313000304
2011-11-07,72.0,15.675514475555556,-18.779769559166667,233.7950786201051,16833.245660647568,0.1948292321834209,0.23165680142569614,8.215457141756639,69.41656596100152,337200.0,176.8244571649088,0.15468435848242781
2011-11-08,72.0,15.688305989305556,-18.76896577111111,158.07417568521998,11381.340649335838,0.13172847973768326,0.19748271427267325,21.20169599657751,73.97491768035331,597600.0,141.7109800176297,0.17608024898557706
2011-11-09,72.0,15.654936119583333,-18.793631094722222,431.55379983900264,31071.87358840819,0.3596281665325022,0.33863577577668613,0.06339828623282331,61.137683125969325,66000.0,199.92128115876847,0.2305359061113959
2011-11-10,72.0,15.74613162833333,-18.751437858333333,124.68550163248409,8977.356117538855,0.10389675690335692,0.1934088797993841,10.030162981098977,81.02881508073186,355140.0,149.97907858609747,0.11431337076527803
2011-11-19,72.0,15.788136319999998,-18.625710239861114,461.6749008373359,33240.59286028818,0.38465900047912704,0.34578966876187733,2.321894066793351,69.98296111543692,112799.0,186.64297696936643,0.4512508314660885
2011-11-20,72.0,15.655404069583332,-18.6662999475,506.74375671373883,36485.5504833892,0.4222864639281157,0.3168981457068722,-1.4553844547038741,57.77400593743146,88800.0,175.1830769838895,0.5636819248241662
2011-11-24,72.0,15.911468958055556,-18.628856234861114,428.3169188986666,30838.818160703995,0.35694465091543925,0.28814452569553684,-2.6788996797416,53.97567898703563,25199.0,95.20729544798445,0.48313826001362475
2011-11-25,72.0,15.945052705000002,-18.633419489305556,392.6891643880678,28273.61983594088,0.3272414004604339,0.3258362576551278,-4.003825265628342,51.542227361188004,55200.0,199.40284084016446,0.4567144596643013
2011-11-26,72.0,15.769316327361114,-18.746939708194443,438.7624346859615,31590.89529738923,0.36563385070840215,0.3742325675992811,-13.081834103273769,66.19718864803474,92400.0,222.405877169194,0.5223444489121039
2011-12-02,72.0,15.72792659402778,-18.77214265041667,401.45975435955756,28905.102313888143,0.33454790254262096,0.38408524597867766,-11.283059737454284,68.19982698154902,170340.0,209.48620544903395,0.3579838910801092
2011-12-17,72.0,15.66191174625,-18.676272018472226,260.5514943820687,18759.707595508946,0.21712531594269288,0.19883735078896467,-9.733467912991172,47.13993619063351,74400.0,225.58835221803398,0.12792062334003684
2012-01-02,72.0,15.571651713055555,-18.703482479166667,512.2698766199883,36883.431116639156,0.4268915638499903,0.3763958016524713,-20.04479115010156,59.209655262712154,93600.0,235.33545948043079,0.5900446888373686
2012-01-06,72.0,15.560482194583333,-18.712199656250004,545.1896576995201,39253.65535436545,0.45432471474960007,0.3587124107700184,5.341951374327966,69.46754943976391,75600.0,155.6613249482989,0.42385864953112334
2012-01-08,72.0,15.782936110138886,-18.675408454861113,605.0422306002381,43563.040603217145,0.5042018588335317,0.3970547595799112,11.36067978022364,51.404660906965375,93600.0,132.33838151629098,0.5801803481046881
2012-01-18,72.0,15.921612647638888,-18.665727939999996,146.73498509411434,10564.918926776232,0.12227915424509524,0.15019197496007775,-4.096551534377735,91.12044897573553,397200.0,209.04904575754517,0.11650762766343357
2012-01-30,72.0,15.555690962500002,-18.68787708986111,465.70524607400625,33530.77771732845,0.38809917327253335,0.3604121013797923,4.983781607090814,53.29798748217187,44411.0,225.68438123806027,0.5132544911505403
2012-02-06,72.0,15.510898547361112,-18.737986444583335,525.0822122626234,37805.919282908886,0.4375416514068457,0.4251201147154807,1.4870281198168793,66.63396608310828,112740.0,145.19689913984283,0.5386424894659981
2012-02-07,72.0,15.744164812777777,-18.63932622263889,435.83592604339873,31380.186675124707,0.3631966050361656,0.3214571781518153,-3.626037171908038,55.599417429516436,62400.0,144.4849368603085,0.41208128812781847
2012-02-09,72.0,15.634338336666666,-18.59954961138889,466.5867348403465,33594.244908504945,0.388822279033622,0.27295640940378363,-0.19212063583409192,50.02669862736387,48000.0,223.55875624208207,0.5150880220602163
2012-02-10,72.0,15.397967627777778,-18.702461553194446,447.4225303750644,32214.42218700464,0.372852108645887,0.2975970695054908,-7.745512042785304,55.84569666343136,21600.0,236.1700891201384,0.42927995396921637
2012-02-16,72.0,15.348216968333336,-18.743435471666672,123.53257626817468,8894.345491308577,0.10294372532404503,0.16966457149113107,13.160270774463898,80.6634176356863,427128.0,167.98092462635847,0.09965170819168066
2012-03-15,43.0,15.617551558837206,-19.24290440325581,438.6258905243152,18860.913292545552,0.16342939771966963,0.16876785387947707,-4.948072351432382,68.53826816778185,55200.0,192.7959441679635,0.2543974005722217
2012-03-22,72.0,15.540891845555555,-19.002943250694443,450.96855951175314,32469.736284846225,0.37580440393896897,0.33788191385837824,9.613543668127114,49.38801265062897,80399.0,169.67131777272965,0.43643679798852913
2012-03-23,72.0,15.504552643472222,-18.904981288194442,187.04164715918319,13466.99859546119,0.1558760970550768,0.17091504973075994,-14.884133209502554,81.70520720669491,310799.0,181.0569658929408,0.15820609297111243
2012-03-31,72.0,15.382527160416666,-18.73074004513889,117.49416338579886,8459.579763777518,0.09790859698456959,0.10364250750328893,-15.411351780055249,75.5808468934841,335584.0,174.5360871073283,0.06372336509009899
2012-04-16,72.0,15.556660376805556,-19.05690923638889,402.996812999278,29015.770535948017,0.33582829381133206,0.35066206516870285,-5.131521205500785,59.17130816431208,93600.0,162.5784578964378,0.4592038731258415
2012-04-17,72.0,15.734913183333333,-19.261056886111113,705.1436631066174,50770.34374367645,0.5879094974965218,0.31210436022560306,-5.111582183020074,38.680604626894215,33600.0,107.43809931182483,0.9080062653683794
2012-04-23,72.0,16.093863381666665,-19.332687434305555,165.40961090587996,11909.491985223358,0.13784371682644114,0.20273665490703716,-4.801931764455975,67.33186582980444,355200.0,202.14991653856677,0.14522300048329653
2012-04-30,10.0,16.074058331,-19.327362873,3.2967725046694683,32.96772504669468,0.0027473345205613203,0.0008734282494450239,-10.024660527221796,132.91283162204536,53999.0,110.58392612844095,0.00019119324983607702
2012-05-25,35.0,16.09495701342857,-19.298681815142857,493.0329218665015,17256.152265327553,0.24575094283726032,0.24158350957917904,-3.3565328175201326,64.29709731382668,16800.0,290.98392576505796,0.16746221758134178
2012-06-26,72.0,16.300632942916668,-19.288421405,115.80724399434786,8338.121567593045,0.09650566028619942,0.1425021963540536,7.344050446080181,68.07514999934915,308390.0,191.78513763919125,0.09627182342819718
2012-08-19,1.0,16.08502706,-19.20281779,158.1193325670695,158.1193325670695,0.1317661104725579,0.0,-8.930998891,0.0,0.0,49.167975376549975,0.0
2012-08-23,72.0,15.903938872916667,-19.20278964541667,311.47430650346087,22426.150068249182,0.2595593518190699,0.3113328007848682,-20.779267585361374,93.27971868629729,77998.0,176.42271432583826,0.109128356592332
2012-08-25,72.0,16.019648432083336,-19.186562008055557,262.348272968496,18889.075653731714,0.21862437585685524,0.23848881035192684,-11.853394505175743,46.98704138806111,86400.0,129.0814035808173,0.26343373905001954
2012-08-31,1.0,16.0649648,-19.15349121,12.422272922825757,12.422272922825757,0.0103518941023547,0.0,-38.6044981,0.0,0.0,300.6606804600682,0.0
2012-09-16,72.0,16.019654465138892,-19.181049120555556,572.8349457337332,41244.11609282879,0.4773678125089407,0.46741986548086356,-15.835008338433697,86.32029539686464,62365.0,178.80400415971963,0.2663665226842741
2012-09-18,72.0,16.048117108333333,-19.146068517083336,173.09101544906545,12462.553112332713,0.14423711140600945,0.22825545409348175,3.3385143867271916,70.518536571591,320409.0,193.8241183314849,0.16962420037263679
2012-09-25,72.0,16.00185370277778,-19.166808206111114,357.1482876371222,25714.6767098728,0.2976260587577616,0.3276584602182798,-0.32322790315339334,61.7092529696996,176398.0,215.03471004548913,0.4049681858773835
2012-10-10,72.0,15.967401179583334,-19.26103990347222,159.8345536781935,11508.087864829931,0.13312774157668236,0.15137696263975683,4.033486518549299,79.18056081315336,350340.0,162.15715543715618,0.16794822823643757
2012-10-29,72.0,15.816094999305555,-19.214973364722223,476.3531004105173,34297.423229557244,0.3969693042878784,0.31511605205126597,7.070557119293245,59.29518277241262,75601.0,127.24949430517755,0.418110148614379
2012-10-30,72.0,15.848630495277778,-19.226054381944444,230.82469636184027,16619.3781380525,0.1923542992621764,0.2486313675909777,-0.05721722859639458,81.0254909328449,310799.0,145.16076268702375,0.22288490650343695
2012-10-31,72.0,15.870984649722223,-19.23701364,299.3050369281135,21549.962658824174,0.24942373869056894,0.2927262163232397,2.201918275431317,77.96412064025306,394799.0,165.91212908548516,0.16288609165968487
2012-11-01,72.0,15.994479977638889,-19.188841360555553,463.1042516425907,33343.50611826653,0.38654210104714537,0.3343742057875578,3.933837610961687,55.74904815102365,27600.0,152.24687873231773,0.39738370687889757
2012-11-07,72.0,15.851628918055557,-19.227934548194444,157.38114699040918,11331.442583309461,0.13113485544512693,0.19718488359476657,6.519972837022111,90.47228961215141,427140.0,193.31300826067934,0.13797487850934184
2012-11-10,72.0,15.711580530416667,-19.196870422222226,853.1487991824733,61426.71354113808,0.7109573326520611,0.48512454886600914,-5.93144931295581,55.59497524541295,69600.0,258.82981786324984,0.9976188269628012
2012-11-11,62.0,15.5980842016129,-18.863518401451618,744.0008875652666,46128.055029046525,0.5546151126523561,0.49802184853919695,7.899840463698673,67.97843081137711,136740.0,144.52173779628157,0.6859299062180221
2012-11-14,72.0,15.726274871527778,-18.743412356527774,239.81988376677268,17267.031631207632,0.19984994934525183,0.30525073961256566,10.809256850591227,80.576201662609,381597.0,137.17647506770973,0.2815127569891247
2012-11-16,72.0,15.72713867472222,-18.739165835972226,234.5358184931357,16886.57893150577,0.19544226157466793,0.29418538505397845,12.360327942491928,81.39846450707991,376800.0,123.83436794020956,0.26394788482810166
2012-11-22,72.0,15.698220909722226,-18.780229469305553,486.7205119140247,35043.87685780978,0.40552090553538944,0.33329729110619355,-3.1858775918022095,60.24380860238472,93600.0,224.08280267066402,0.35011379815647714
2012-11-24,72.0,15.817634540277778,-18.681285377361114,263.4662681616052,18969.571307635575,0.21955522346800432,0.28085894081645557,1.9111652140840727,97.62339122724451,140400.0,180.3200437770158,0.1522860514938087
2012-11-28,72.0,15.696747362638892,-18.724014875416668,451.9168156575979,32538.01072734705,0.37659781157431943,0.3515149492849382,-2.4891038570936295,69.04687244426438,69600.0,185.80603180244177,0.3872259487907453
2012-12-15,63.0,15.882905344603174,-18.65166603349206,649.5521319164786,40921.784310738156,0.43376994975655686,0.36356548892904295,-1.191987235713367,61.900697387250204,27600.0,215.33347457540077,0.5782829734299967
2012-12-16,72.0,15.66311134125,-18.76070429472222,545.0944341507222,39246.799258852,0.45424543781458193,0.41793926779999374,13.170172666244483,69.34715469716038,148799.0,158.76173637932436,0.3010361890853074
2012-12-18,72.0,15.902173657083331,-18.608221718194443,592.7436750169113,42677.54460121762,0.49395306251409266,0.38595799354653987,2.102407223495865,59.66232595249459,58800.0,146.58932205280837,0.44347780373032597
2012-12-22,24.0,15.900193448333333,-18.67889378916667,357.95157245391937,8590.837738894064,0.29830262484004016,0.4074467390018557,11.51934766809218,91.73902884897258,69600.0,202.3927043308137,0.14560680947122076
2013-01-27,72.0,15.631603071805557,-18.618260446666667,441.5234630989948,31789.689343127626,0.36793621924916226,0.3782522414177686,-3.364462592754477,75.60161627816306,82800.0,213.30020454147714,0.5092078952830459
2013-01-28,72.0,15.525302590694443,-18.74431482972222,617.4443156692182,44455.99072818371,0.5145358348205208,0.3449920982029838,-8.351877730306379,53.207606891911475,32400.0,131.12168345080778,0.6106085043525481
2013-01-29,72.0,15.695441197083332,-18.679755373333332,383.33140549895273,27599.861195924597,0.31943902555732145,0.32026352114699186,-0.15563646814482762,61.37485343287981,47999.0,186.16281381939157,0.4416738431094107
